Employees O employees 0 0 0 0 1 0 1 meta head none 5 0

Facebook O facebook 0 0 0 0 0 0 1 div div first 13 0

Youtube O youtube 0 0 0 0 0 0 1 div div last 13 0

Library O library 0 0 0 0 0 0 1 div div first 13 0

Studis O studis 0 0 0 0 0 0 1 div div right 13 0

E O e 0 1 0 0 0 0 1 div div right 13 0
- O - 0 0 0 0 0 0 0 div div right 13 0
classroom O classroom 0 0 0 0 0 0 0 div div right 13 0

Schedules O schedules 0 0 0 0 0 0 1 div div right 13 0

Intranet O intranet 0 0 0 0 0 0 1 div div right 13 0

Contact O contact 0 0 0 0 0 0 1 div div right 13 0

SL O sl 0 0 0 0 0 0 1 div div right 14 0

EN O en 0 0 0 0 0 0 1 select div  16 0

SL O sl 0 0 0 0 0 0 1 select div  16 1

SL O sl 0 0 0 0 0 0 1 div div right 14 0

Languages O languages 0 0 0 0 0 0 1 div div block-lang-dropdown 14 0

English O english 0 1 0 0 0 0 1 select div form-select 19 0

Slovenščina O slovenscina 0 0 0 0 0 0 1 select div form-select 19 1

Education O education 0 0 0 0 0 0 1 a div title 16 0

Nazaj O nazaj 0 0 0 0 0 0 1 div div back 16 0

Undergraduate O undergraduate 0 0 0 0 0 0 1 a div has-children 18 0
programmes O programmes 0 0 0 0 0 0 0 a div has-children 18 0

Computer O computer 0 0 0 0 0 0 1 div a la-subtitle 19 0
and O and 0 1 0 0 0 0 0 div a la-subtitle 19 0
Information O information 0 1 0 0 0 0 1 div a la-subtitle 19 0
Science O science 0 0 0 0 0 0 1 div a la-subtitle 19 0

Computer O computer 0 0 0 0 0 0 1 div a la-subtitle-sub 19 1
and O and 0 1 0 0 0 0 0 div a la-subtitle-sub 19 1
Information O information 0 1 0 0 0 0 1 div a la-subtitle-sub 19 1
Science O science 0 0 0 0 0 0 1 div a la-subtitle-sub 19 1

Computer O computer 0 0 0 0 0 0 1 div a la-subtitle 20 0
and O and 0 1 0 0 0 0 0 div a la-subtitle 20 0
Information O information 0 1 0 0 0 0 1 div a la-subtitle 20 0
Science O science 0 0 0 0 0 0 1 div a la-subtitle 20 0

Computer O computer 0 0 0 0 0 0 1 div a la-subtitle-sub 20 1
and O and 0 1 0 0 0 0 0 div a la-subtitle-sub 20 1
Information O information 0 1 0 0 0 0 1 div a la-subtitle-sub 20 1
Science O science 0 0 0 0 0 0 1 div a la-subtitle-sub 20 1

Computer O computer 0 0 0 0 0 0 1 div a la-subtitle 21 0
Science O science 0 0 0 0 0 0 1 div a la-subtitle 21 0
and O and 0 1 0 0 0 0 0 div a la-subtitle 21 0
Mathematics O mathematics 0 0 0 0 0 0 1 div a la-subtitle 21 0

Computer O computer 0 0 0 0 0 0 1 div a la-subtitle-sub 21 1
Science O science 0 0 0 0 0 0 1 div a la-subtitle-sub 21 1
and O and 0 1 0 0 0 0 0 div a la-subtitle-sub 21 1
Mathematics O mathematics 0 0 0 0 0 0 1 div a la-subtitle-sub 21 1

Multimedia O multimedia 0 0 0 0 0 0 1 div a la-subtitle 22 0

Multimedia O multimedia 0 0 0 0 0 0 1 div a la-subtitle-sub 22 1

Administrative O administrative 0 0 0 0 0 0 1 div a la-subtitle 23 0
Information O information 0 1 0 0 0 0 1 div a la-subtitle 23 0
Systems O systems 0 0 0 0 0 0 1 div a la-subtitle 23 0

Administrative O administrative 0 0 0 0 0 0 1 div a la-subtitle-sub 23 1
Information O information 0 1 0 0 0 0 1 div a la-subtitle-sub 23 1
Systems O systems 0 0 0 0 0 0 1 div a la-subtitle-sub 23 1

Additional O additional 0 0 0 0 1 0 1 div a la-subtitle 24 0
year O year 0 0 0 0 0 0 0 div a la-subtitle 24 0

Additional O additional 0 0 0 0 1 0 1 div a la-subtitle-sub 24 1
year O year 0 0 0 0 0 0 0 div a la-subtitle-sub 24 1

Transfer O transfer 0 0 0 0 0 0 1 div a la-subtitle 25 0
from O from 0 0 0 0 0 0 0 div a la-subtitle 25 0
old O old 0 0 0 0 0 0 0 div a la-subtitle 25 0
to O to 0 0 0 0 0 0 0 div a la-subtitle 25 0
new O new 0 0 0 0 0 0 0 div a la-subtitle 25 0
programme O programme 0 0 0 0 0 0 0 div a la-subtitle 25 0

Transfer O transfer 0 0 0 0 0 0 1 div a la-subtitle-sub 25 1
from O from 0 0 0 0 0 0 0 div a la-subtitle-sub 25 1
old O old 0 0 0 0 0 0 0 div a la-subtitle-sub 25 1
to O to 0 0 0 0 0 0 0 div a la-subtitle-sub 25 1
new O new 0 0 0 0 0 0 0 div a la-subtitle-sub 25 1
programme O programme 0 0 0 0 0 0 0 div a la-subtitle-sub 25 1

Master O master 0 1 0 0 1 0 1 a div  18 0
' O ' 0 0 0 0 0 0 0 a div  18 0
s O s 0 0 0 0 0 0 0 a div  18 0
programmes O programmes 0 0 0 0 0 0 0 a div  18 0

Doctoral O doctoral 0 0 0 0 0 0 1 a div has-children 18 0
programmes O programmes 0 0 0 0 0 0 0 a div has-children 18 0

Computer O computer 0 0 0 0 0 0 1 div a la-subtitle 19 0
and O and 0 1 0 0 0 0 0 div a la-subtitle 19 0
Information O information 0 1 0 0 0 0 1 div a la-subtitle 19 0
Science O science 0 0 0 0 0 0 1 div a la-subtitle 19 0

Computer O computer 0 0 0 0 0 0 1 div a la-subtitle-sub 19 1
and O and 0 1 0 0 0 0 0 div a la-subtitle-sub 19 1
Information O information 0 1 0 0 0 0 1 div a la-subtitle-sub 19 1
Science O science 0 0 0 0 0 0 1 div a la-subtitle-sub 19 1

Biosciences O biosciences 0 0 0 0 0 0 1 div a la-subtitle 20 0

Biosciences O biosciences 0 0 0 0 0 0 1 div a la-subtitle-sub 20 1

PhD O phd 0 0 0 0 0 0 1 div a la-subtitle 21 0
Advisors O advisors 0 0 0 0 0 0 1 div a la-subtitle 21 0

PhD O phd 0 0 0 0 0 0 1 div a la-subtitle-sub 21 1
Advisors O advisors 0 0 0 0 0 0 1 div a la-subtitle-sub 21 1

International O international 0 0 0 0 0 0 1 a div  18 0
Study O study 0 1 0 0 0 0 1 a div  18 0
Exchanges O exchanges 0 0 0 0 0 0 1 a div  18 0

Rules O rules 0 0 0 0 0 0 1 a div  18 0
, O , 0 0 0 0 0 0 0 a div  18 0
Applications O applications 0 0 0 0 0 0 1 a div  18 0
, O , 0 0 0 0 0 0 0 a div  18 0
Prices O prices 0 0 0 0 0 0 1 a div  18 0

Registering O registering 0 0 0 0 0 0 1 a div  18 0
for O for 0 1 0 0 0 0 0 a div  18 0
exams O exams 0 0 0 0 0 0 0 a div  18 0

Enrolment O enrolment 0 0 0 0 0 0 1 a div  18 0
in O in 0 1 0 0 0 0 0 a div  18 0
the O the 0 1 0 0 0 0 0 a div  18 0
next O next 0 0 0 0 0 0 0 a div  18 0
year O year 0 0 0 0 0 0 0 a div  18 0

Frequently O frequently 0 0 0 0 0 0 1 a div  18 0
Asked O asked 0 0 0 0 0 0 1 a div  18 0
Questions O questions 0 0 0 0 0 0 1 a div  18 0

Study O study 0 1 0 0 0 0 1 a div  18 0
Calendar O calendar 0 0 0 0 0 0 1 a div  18 0

Student O student 0 1 0 0 0 0 1 a div  18 0
Office O office 0 0 0 0 0 0 1 a div  18 0

Industrial O industrial 0 0 0 0 0 0 1 a div  18 0
Practice O practice 0 0 0 0 0 0 1 a div  18 0

Student O student 0 1 0 0 0 0 1 a div  18 0
Status O status 0 0 0 0 0 0 1 a div  18 0

Research O research 0 1 0 0 0 0 1 a div title 16 0

Nazaj O nazaj 0 0 0 0 0 0 1 div div back 16 0

Laboratories O laboratories 0 0 0 0 0 0 1 a div  18 0

Research O research 0 1 0 0 0 0 1 a div  18 0
projects O projects 0 0 0 0 0 0 0 a div  18 0

Seminars O seminars 0 0 0 0 0 0 1 a div  18 0
, O , 0 0 0 0 0 0 0 a div  18 0
conferences O conferences 0 0 0 0 0 0 0 a div  18 0
and O and 0 1 0 0 0 0 0 a div  18 0
graduations O graduations 0 0 0 0 0 0 0 a div  18 0

Collaboration O collaboration 0 1 0 0 0 0 1 a div  18 0
with O with 0 0 0 0 0 0 0 a div  18 0
the O the 0 1 0 0 0 0 0 a div  18 0
business O business 0 0 0 0 0 0 0 a div  18 0
sector O sector 0 0 0 0 0 0 0 a div  18 0

International O international 0 0 0 0 0 0 1 a div  18 0
involvement O involvement 0 0 0 0 0 0 0 a div  18 0

Faculty O faculty 0 0 0 0 0 0 1 a div  18 0
and O and 0 1 0 0 0 0 0 a div  18 0
Students O students 0 0 0 0 0 0 1 a div  18 0

After O after 0 0 0 0 0 0 1 a div title 16 0
School O school 0 1 0 0 0 0 1 a div title 16 0

Nazaj O nazaj 0 0 0 0 0 0 1 div div back 16 0

Summer O summer 0 1 0 0 0 0 1 a div  18 0
schools O schools 0 0 0 0 0 0 0 a div  18 0
and O and 0 1 0 0 0 0 0 a div  18 0
workshops O workshops 0 0 0 0 0 0 0 a div  18 0

International O international 0 0 0 0 0 0 1 a div  18 0
Competitions O competitions 0 0 0 0 0 0 1 a div  18 0

Student O student 0 1 0 0 0 0 1 a div  18 0
Council O council 0 1 0 0 0 0 1 a div  18 0
FRI O fri 0 0 0 0 0 0 1 a div  18 0

Robo O robo 0 0 0 0 0 0 1 a div  18 0
League O league 0 1 0 0 0 0 1 a div  18 0
FRI O fri 0 0 0 0 0 0 1 a div  18 0

Sport O sport 0 0 0 0 0 0 1 a div  18 0

Band O band 0 1 0 0 0 0 1 a div  18 0
FRIdom O fridom 0 0 0 0 0 0 1 a div  18 0

Alumni O alumni 0 0 0 0 0 0 1 a div  18 0

Events O events 0 0 0 0 0 0 1 a div title 16 0

About O about 0 0 0 0 0 0 1 a div title 16 0

Prospective O prospective 0 0 0 0 0 0 1 a div title 16 0
students O students 0 0 0 0 0 0 0 a div title 16 0

Library O library 0 0 0 0 0 0 1 div div group 16 0

Studis O studis 0 0 0 0 0 0 1 div div group 16 0

E O e 0 1 0 0 0 0 1 div div group 16 0
- O - 0 0 0 0 0 0 0 div div group 16 0
classroom O classroom 0 0 0 0 0 0 0 div div group 16 0

Schedules O schedules 0 0 0 0 0 0 1 div div group 16 0

Intranet O intranet 0 0 0 0 0 0 1 div div group 16 0

Contact O contact 0 0 0 0 0 0 1 div div group 16 0

Facebook O facebook 0 0 0 0 0 0 1 div div group 16 0

Youtube O youtube 0 0 0 0 0 0 1 div div group 16 0

SL O sl 0 0 0 0 0 0 1 div div group 16 0

Education O education 0 0 0 0 0 0 1 li ul dropdown-icon 16 0

Undergraduate O undergraduate 0 0 0 0 0 0 1 a div title 21 0
programmes O programmes 0 0 0 0 0 0 0 a div title 21 0

Computer O computer 0 0 0 0 0 0 1 div a title 23 0
and O and 0 1 0 0 0 0 0 div a title 23 0
Information O information 0 1 0 0 0 0 1 div a title 23 0
Science O science 0 0 0 0 0 0 1 div a title 23 0

university O university 0 0 0 0 0 0 0 div a subtitle 23 1
study O study 0 0 0 0 0 0 0 div a subtitle 23 1
programme O programme 0 0 0 0 0 0 0 div a subtitle 23 1

Computer O computer 0 0 0 0 0 0 1 div a title 23 0
and O and 0 1 0 0 0 0 0 div a title 23 0
Information O information 0 1 0 0 0 0 1 div a title 23 0
Science O science 0 0 0 0 0 0 1 div a title 23 0

professional O professional 0 0 0 0 1 0 0 div a subtitle 23 1
study O study 0 0 0 0 0 0 0 div a subtitle 23 1
programme O programme 0 0 0 0 0 0 0 div a subtitle 23 1

Computer O computer 0 0 0 0 0 0 1 div a title 23 0
Science O science 0 0 0 0 0 0 1 div a title 23 0
and O and 0 1 0 0 0 0 0 div a title 23 0
Mathematics O mathematics 0 0 0 0 0 0 1 div a title 23 0

university O university 0 0 0 0 0 0 0 div a subtitle 23 1
interdisciplinary O interdisciplinary 0 0 0 0 0 0 0 div a subtitle 23 1
study O study 0 0 0 0 0 0 0 div a subtitle 23 1
programme O programme 0 0 0 0 0 0 0 div a subtitle 23 1

Multimedia O multimedia 0 0 0 0 0 0 1 div a title 23 0

interdisciplinary O interdisciplinary 0 0 0 0 0 0 0 div a subtitle 23 1
university O university 0 0 0 0 0 0 0 div a subtitle 23 1
study O study 0 0 0 0 0 0 0 div a subtitle 23 1
programme O programme 0 0 0 0 0 0 0 div a subtitle 23 1

Administrative O administrative 0 0 0 0 0 0 1 div a title 23 0
Information O information 0 1 0 0 0 0 1 div a title 23 0
Systems O systems 0 0 0 0 0 0 1 div a title 23 0

interdisciplinary O interdisciplinary 0 0 0 0 0 0 0 div a subtitle 23 1
university O university 0 0 0 0 0 0 0 div a subtitle 23 1
study O study 0 0 0 0 0 0 0 div a subtitle 23 1
programme O programme 0 0 0 0 0 0 0 div a subtitle 23 1

Additional O additional 0 0 0 0 1 0 1 div a title 23 0
year O year 0 0 0 0 0 0 0 div a title 23 0

Transfer O transfer 0 0 0 0 0 0 1 div a title 23 0
from O from 0 0 0 0 0 0 0 div a title 23 0
old O old 0 0 0 0 0 0 0 div a title 23 0
to O to 0 0 0 0 0 0 0 div a title 23 0
new O new 0 0 0 0 0 0 0 div a title 23 0
programme O programme 0 0 0 0 0 0 0 div a title 23 0

Master O master 0 1 0 0 1 0 1 div div item-no-children 20 0
' O ' 0 0 0 0 0 0 0 div div item-no-children 20 0
s O s 0 0 0 0 0 0 0 div div item-no-children 20 0
programmes O programmes 0 0 0 0 0 0 0 div div item-no-children 20 0

Doctoral O doctoral 0 0 0 0 0 0 1 a div title 21 0
programmes O programmes 0 0 0 0 0 0 0 a div title 21 0

Computer O computer 0 0 0 0 0 0 1 div a title 23 0
and O and 0 1 0 0 0 0 0 div a title 23 0
Information O information 0 1 0 0 0 0 1 div a title 23 0
Science O science 0 0 0 0 0 0 1 div a title 23 0

doctoral O doctoral 0 0 0 0 0 0 0 div a subtitle 23 1
programme O programme 0 0 0 0 0 0 0 div a subtitle 23 1

Biosciences O biosciences 0 0 0 0 0 0 1 div a title 23 0

interdisciplinary O interdisciplinary 0 0 0 0 0 0 0 div a subtitle 23 1
doctoral O doctoral 0 0 0 0 0 0 0 div a subtitle 23 1
programme O programme 0 0 0 0 0 0 0 div a subtitle 23 1

PhD O phd 0 0 0 0 0 0 1 div a title 23 0
Advisors O advisors 0 0 0 0 0 0 1 div a title 23 0

International O international 0 0 0 0 0 0 1 div div item-no-children 20 0
Study O study 0 1 0 0 0 0 1 div div item-no-children 20 0
Exchanges O exchanges 0 0 0 0 0 0 1 div div item-no-children 20 0

Rules O rules 0 0 0 0 0 0 1 div div item-no-children 20 0
, O , 0 0 0 0 0 0 0 div div item-no-children 20 0
Applications O applications 0 0 0 0 0 0 1 div div item-no-children 20 0
, O , 0 0 0 0 0 0 0 div div item-no-children 20 0
Prices O prices 0 0 0 0 0 0 1 div div item-no-children 20 0

Registering O registering 0 0 0 0 0 0 1 div div item-no-children 20 0
for O for 0 1 0 0 0 0 0 div div item-no-children 20 0
exams O exams 0 0 0 0 0 0 0 div div item-no-children 20 0

Enrolment O enrolment 0 0 0 0 0 0 1 div div item-no-children 20 0
in O in 0 1 0 0 0 0 0 div div item-no-children 20 0
the O the 0 1 0 0 0 0 0 div div item-no-children 20 0
next O next 0 0 0 0 0 0 0 div div item-no-children 20 0
year O year 0 0 0 0 0 0 0 div div item-no-children 20 0

Frequently O frequently 0 0 0 0 0 0 1 div div item-no-children 20 0
Asked O asked 0 0 0 0 0 0 1 div div item-no-children 20 0
Questions O questions 0 0 0 0 0 0 1 div div item-no-children 20 0

Study O study 0 1 0 0 0 0 1 div div item-no-children 20 0
Calendar O calendar 0 0 0 0 0 0 1 div div item-no-children 20 0

Student O student 0 1 0 0 0 0 1 div div item-no-children 20 0
Office O office 0 0 0 0 0 0 1 div div item-no-children 20 0

Industrial O industrial 0 0 0 0 0 0 1 div div item-no-children 20 0
Practice O practice 0 0 0 0 0 0 1 div div item-no-children 20 0

Student O student 0 1 0 0 0 0 1 div div item-no-children 20 0
Status O status 0 0 0 0 0 0 1 div div item-no-children 20 0

Research O research 0 1 0 0 0 0 1 li ul dropdown-icon 16 0

Laboratories O laboratories 0 0 0 0 0 0 1 div div item-no-children 20 0

Research O research 0 1 0 0 0 0 1 div div item-no-children 20 0
projects O projects 0 0 0 0 0 0 0 div div item-no-children 20 0

Seminars O seminars 0 0 0 0 0 0 1 div div item-no-children 20 0
, O , 0 0 0 0 0 0 0 div div item-no-children 20 0
conferences O conferences 0 0 0 0 0 0 0 div div item-no-children 20 0
and O and 0 1 0 0 0 0 0 div div item-no-children 20 0
graduations O graduations 0 0 0 0 0 0 0 div div item-no-children 20 0

Collaboration O collaboration 0 1 0 0 0 0 1 div div item-no-children 20 0
with O with 0 0 0 0 0 0 0 div div item-no-children 20 0
the O the 0 1 0 0 0 0 0 div div item-no-children 20 0
business O business 0 0 0 0 0 0 0 div div item-no-children 20 0
sector O sector 0 0 0 0 0 0 0 div div item-no-children 20 0

International O international 0 0 0 0 0 0 1 div div item-no-children 20 0
involvement O involvement 0 0 0 0 0 0 0 div div item-no-children 20 0

Faculty O faculty 0 0 0 0 0 0 1 div div item-no-children 20 0
and O and 0 1 0 0 0 0 0 div div item-no-children 20 0
Students O students 0 0 0 0 0 0 1 div div item-no-children 20 0

After O after 0 0 0 0 0 0 1 li ul dropdown-icon 16 0
School O school 0 1 0 0 0 0 1 li ul dropdown-icon 16 0

Summer O summer 0 1 0 0 0 0 1 div div item-no-children 20 0
schools O schools 0 0 0 0 0 0 0 div div item-no-children 20 0
and O and 0 1 0 0 0 0 0 div div item-no-children 20 0
workshops O workshops 0 0 0 0 0 0 0 div div item-no-children 20 0

International O international 0 0 0 0 0 0 1 div div item-no-children 20 0
Competitions O competitions 0 0 0 0 0 0 1 div div item-no-children 20 0

Student O student 0 1 0 0 0 0 1 div div item-no-children 20 0
Council O council 0 1 0 0 0 0 1 div div item-no-children 20 0
FRI O fri 0 0 0 0 0 0 1 div div item-no-children 20 0

Robo O robo 0 0 0 0 0 0 1 div div item-no-children 20 0
League O league 0 1 0 0 0 0 1 div div item-no-children 20 0
FRI O fri 0 0 0 0 0 0 1 div div item-no-children 20 0

Sport O sport 0 0 0 0 0 0 1 div div item-no-children 20 0

Band O band 0 1 0 0 0 0 1 div div item-no-children 20 0
FRIdom O fridom 0 0 0 0 0 0 1 div div item-no-children 20 0

Alumni O alumni 0 0 0 0 0 0 1 div div item-no-children 20 0

Events O events 0 0 0 0 0 0 1 li ul block 16 0

About O about 0 0 0 0 0 0 1 li ul block 16 0

Prospective O prospective 0 0 0 0 0 0 1 li ul block 16 0
students O students 0 0 0 0 0 0 0 li ul block 16 0

 O  0 0 0 0 0 0 0 div div search_800px 12 295

Home O home 0 1 0 0 0 0 1 div div breadcrumbs 17 0
> O > 0 0 0 0 0 0 0 div div breadcrumbs 17 1
About O about 0 0 0 0 0 0 1 div div breadcrumbs 17 2
> O > 0 0 0 0 0 0 0 div div breadcrumbs 17 1
Employees O employees 0 0 0 0 1 0 1 div div breadcrumbs 16 0

Employees O employees 0 0 0 0 1 0 1 div div title 19 0

Sort O sort 0 1 0 0 0 0 1 div div clearfix 17 0
by O by 0 1 0 0 0 0 0 div div clearfix 17 0
: O : 0 0 0 0 0 0 0 div div clearfix 17 0

Alphabet O alphabet 0 0 0 0 0 0 1 select div clearfix 18 0
from O from 0 0 0 0 0 0 0 select div clearfix 18 0
A O a 0 1 0 0 0 0 1 select div clearfix 18 0
- O - 0 0 0 0 0 0 0 select div clearfix 18 0
Z O z 0 1 0 0 0 0 1 select div clearfix 18 0

Alphabet O alphabet 0 0 0 0 0 0 1 select div clearfix 18 1
from O from 0 0 0 0 0 0 0 select div clearfix 18 1
Ž O z 0 0 0 0 0 0 1 select div clearfix 18 1
- O - 0 0 0 0 0 0 0 select div clearfix 18 1
A O a 0 1 0 0 0 0 1 select div clearfix 18 1

By O by 0 1 0 0 0 0 1 select div clearfix 18 2
name O name 0 0 0 0 0 0 0 select div clearfix 18 2

b O b 0 1 0 0 0 0 0 div div osebjeLetter 20 1

Marko B-PER marko 1 1 0 0 0 0 1 li ul listedProf 21 0
Bajec I-PER bajec 1 1 0 0 0 0 1 li ul listedProf 21 0

Borut B-PER borut 1 1 0 0 0 0 1 li ul listedProf 21 0
Batagelj I-PER batagelj 1 1 0 0 0 0 1 li ul listedProf 21 0

Miha B-PER miha 0 1 0 0 0 0 1 li ul listedProf 21 0
Bejek I-PER bejek 0 0 0 0 0 0 1 li ul listedProf 21 0

Haris B-PER haris 0 1 0 0 0 0 1 li ul listedProf 21 0
Berbić I-PER berbic 0 0 0 0 0 0 1 li ul listedProf 21 0

Aljoša B-PER aljosa 0 0 0 0 0 0 1 li ul listedProf 21 0
Besednjak I-PER besednjak 0 0 0 0 0 0 1 li ul listedProf 21 0

Jasna B-PER jasna 0 1 0 0 0 0 1 li ul listedProf 21 0
Bevk I-PER bevk 0 1 0 0 0 0 1 li ul listedProf 21 0

Marko B-PER marko 1 1 0 0 0 0 1 li ul listedProf 21 0
Boben I-PER boben 1 1 0 0 0 0 1 li ul listedProf 21 0

Ciril B-PER ciril 1 1 0 0 0 0 1 li ul listedProf 21 0
Bohak I-PER bohak 1 1 0 0 0 0 1 li ul listedProf 21 0

Jure B-PER jure 1 1 0 0 0 0 1 li ul listedProf 21 0
Bordon I-PER bordon 1 1 0 0 0 0 1 li ul listedProf 21 0

Zoran B-PER zoran 0 1 0 0 0 0 1 li ul listedProf 21 0
Bosnić I-PER bosnic 0 0 0 0 0 0 1 li ul listedProf 21 0

Vice O vice 0 1 0 0 0 0 1 a li osebjeNaziv 22 1
Dean O dean 0 1 0 0 0 0 1 a li osebjeNaziv 22 1
for O for 0 1 0 0 0 0 0 a li osebjeNaziv 22 1
Education O education 0 0 0 0 0 0 1 a li osebjeNaziv 22 1

Narvika B-PER narvika 1 1 0 0 0 0 1 li ul listedProf 21 0
Bovcon I-PER bovcon 1 1 0 0 0 0 1 li ul listedProf 21 0

Ivan B-PER ivan 1 1 0 0 0 0 1 li ul listedProf 21 0
Bratko I-PER bratko 1 1 0 0 0 0 1 li ul listedProf 21 0

Andrej B-PER andrej 1 1 0 0 1 0 1 li ul listedProf 21 0
Brodnik I-PER brodnik 1 1 0 0 0 0 1 li ul listedProf 21 0

Patricio B-PER patricio 0 1 0 0 0 0 1 li ul listedProf 21 0
Bulić I-PER bulic 0 0 0 0 0 0 1 li ul listedProf 21 0

c O c 0 0 0 0 0 0 0 div div osebjeLetter 20 1

Mojca B-PER mojca 0 1 0 0 0 0 1 li ul listedProf 21 0
Ciglarič I-PER ciglaric 0 0 0 0 0 0 1 li ul listedProf 21 0

Vice O vice 0 1 0 0 0 0 1 a li osebjeNaziv 22 1
Dean O dean 0 1 0 0 0 0 1 a li osebjeNaziv 22 1
for O for 0 1 0 0 0 0 0 a li osebjeNaziv 22 1
Economic O economic 0 0 0 0 0 0 1 a li osebjeNaziv 22 1
Affairs O affairs 0 0 0 0 0 0 1 a li osebjeNaziv 22 1

Niko B-PER niko 0 1 0 0 0 0 1 li ul listedProf 21 0
Colnerič I-PER colneric 0 0 0 0 0 0 1 li ul listedProf 21 0

Tomaž B-PER tomaz 0 0 0 0 0 0 1 li ul listedProf 21 0
Curk I-PER curk 0 1 0 0 0 0 1 li ul listedProf 21 0

Vice O vice 0 1 0 0 0 0 1 a li osebjeNaziv 22 1
Dean O dean 0 1 0 0 0 0 1 a li osebjeNaziv 22 1
for O for 0 1 0 0 0 0 0 a li osebjeNaziv 22 1
Research O research 0 1 0 0 0 0 1 a li osebjeNaziv 22 1

č O c 0 0 0 0 0 0 0 div div osebjeLetter 20 1

Luka B-PER luka 0 1 0 0 0 0 1 li ul listedProf 21 0
Čehovin I-PER cehovin 0 0 0 0 0 0 1 li ul listedProf 21 0
Zajc I-PER zajc 0 1 0 0 0 0 1 li ul listedProf 21 0

Rok B-PER rok 0 1 0 0 0 0 1 li ul listedProf 21 0
Češnovar I-PER cesnovar 0 0 0 0 0 0 1 li ul listedProf 21 0

Uroš B-PER uros 0 0 0 0 0 0 1 li ul listedProf 21 0
Čibej I-PER cibej 0 0 0 0 0 0 1 li ul listedProf 21 0

Andrej B-PER andrej 0 1 0 0 1 0 1 li ul listedProf 21 0
Čopar I-PER copar 0 0 0 0 0 0 1 li ul listedProf 21 0

d O d 0 0 0 0 0 0 0 div div osebjeLetter 20 1

Janez B-PER janez 0 1 0 0 0 0 1 li ul listedProf 21 0
Demšar I-PER demsar 0 0 0 0 0 0 1 li ul listedProf 21 0

Jure B-PER jure 0 1 0 0 0 0 1 li ul listedProf 21 0
Demšar I-PER demsar 0 0 0 0 0 0 1 li ul listedProf 21 0

Saša B-PER sasa 0 0 0 0 0 0 1 li ul listedProf 21 0
Divjak I-PER divjak 0 1 0 0 0 0 1 li ul listedProf 21 0

Andrej B-PER andrej 1 1 0 0 1 0 1 li ul listedProf 21 0
Dobnikar I-PER dobnikar 1 1 0 0 0 0 1 li ul listedProf 21 0

Tomaž B-PER tomaz 0 0 0 0 0 0 1 li ul listedProf 21 0
Dobravec I-PER dobravec 0 1 0 0 0 0 1 li ul listedProf 21 0

Matej B-PER matej 0 1 0 0 0 0 1 li ul listedProf 21 0
Dobrevski I-PER dobrevski 0 0 0 0 0 0 1 li ul listedProf 21 0

Roman B-PER roman 1 1 0 0 0 0 1 li ul listedProf 21 0
Dorn I-PER dorn 1 1 0 0 0 0 1 li ul listedProf 21 0

Aleks B-PER aleks 0 1 0 0 0 0 1 li ul listedProf 21 0
Drevenšek I-PER drevensek 0 0 0 0 1 0 1 li ul listedProf 21 0

Miha B-PER miha 0 1 0 0 0 0 1 li ul listedProf 21 0
Drole I-PER drole 0 0 0 0 1 0 1 li ul listedProf 21 0

e O e 0 1 0 0 0 0 0 div div osebjeLetter 20 1

Žiga B-PER ziga 0 0 0 0 0 0 1 li ul listedProf 21 0
Emeršič I-PER emersic 0 0 0 0 1 0 1 li ul listedProf 21 0

Aleš B-PER ales 0 0 0 0 0 0 1 li ul listedProf 21 0
Erjavec I-PER erjavec 0 1 0 0 0 0 1 li ul listedProf 21 0

f O f 0 0 0 0 0 0 0 div div osebjeLetter 20 1

Jana B-PER jana 0 1 0 0 0 0 1 li ul listedProf 21 0
Faganeli I-PER faganeli 0 0 0 0 0 0 1 li ul listedProf 21 0
Pucer I-PER pucer 0 0 0 0 0 0 1 li ul listedProf 21 0

Gašper B-PER gasper 0 0 0 0 0 0 1 li ul listedProf 21 0
Fele I-PER fele 0 1 0 0 0 0 1 li ul listedProf 21 0
Žorž I-PER zorz 0 0 0 0 0 0 1 li ul listedProf 21 0

Klemen B-PER klemen 0 1 0 0 0 0 1 li ul listedProf 21 0
Ferjančič I-PER ferjancic 0 0 0 0 0 0 1 li ul listedProf 21 0

Gašper B-PER gasper 0 0 0 0 0 0 1 li ul listedProf 21 0
Fijavž I-PER fijavz 0 0 0 0 0 0 1 li ul listedProf 21 0

Aleksandra B-PER aleksandra 0 1 0 0 0 0 1 li ul listedProf 21 0
Franc I-PER franc 0 1 0 0 0 0 1 li ul listedProf 21 0

Damir B-PER damir 0 1 0 0 0 0 1 li ul listedProf 21 0
Franetič I-PER franetic 0 0 0 0 0 0 1 li ul listedProf 21 0

Aleš B-PER ales 0 0 0 0 0 0 1 li ul listedProf 21 0
Frece I-PER frece 0 1 0 0 0 0 1 li ul listedProf 21 0

Luka B-PER luka 1 1 0 0 0 0 1 li ul listedProf 21 0
Fürst I-PER furst 1 1 0 0 0 0 1 li ul listedProf 21 0

g O g 0 0 0 0 0 0 0 div div osebjeLetter 20 1

Anton B-PER anton 0 1 0 0 0 0 1 li ul listedProf 21 0
Zvonko I-PER zvonko 0 1 0 0 0 0 1 li ul listedProf 21 0
Gazvoda I-PER gazvoda 0 0 0 0 0 0 1 li ul listedProf 21 0

Sandi B-PER sandi 0 1 0 0 0 0 1 li ul listedProf 21 0
Gec I-PER gec 0 0 0 0 0 0 1 li ul listedProf 21 0

Rok B-PER rok 0 1 0 0 0 0 1 li ul listedProf 21 0
Gomišček I-PER gomiscek 0 0 0 0 0 0 1 li ul listedProf 21 0

Vesna B-PER vesna 0 1 0 0 0 0 1 li ul listedProf 21 0
Gračner I-PER gracner 0 0 0 0 0 0 1 li ul listedProf 21 0
Žitnik I-PER zitnik 0 0 0 0 0 0 1 li ul listedProf 21 0

Aleš B-PER ales 0 0 0 0 0 0 1 li ul listedProf 21 0
Grnjak I-PER grnjak 0 0 0 0 0 0 1 li ul listedProf 21 0

Miha B-PER miha 0 1 0 0 0 0 1 li ul listedProf 21 0
Grohar I-PER grohar 0 0 0 0 0 0 1 li ul listedProf 21 0

Matej B-PER matej 0 1 0 0 0 0 1 li ul listedProf 21 0
Grom I-PER grom 0 1 0 0 0 0 1 li ul listedProf 21 0

Vida B-PER vida 1 1 0 0 0 0 1 li ul listedProf 21 0
Groznik I-PER groznik 1 1 0 0 0 0 1 li ul listedProf 21 0

Matej B-PER matej 1 1 0 0 0 0 1 li ul listedProf 21 0
Guid I-PER guid 1 1 0 0 0 0 1 li ul listedProf 21 0

Veselko B-PER veselko 0 1 0 0 0 0 1 li ul listedProf 21 0
Guštin I-PER gustin 0 0 0 0 0 0 1 li ul listedProf 21 0

h O h 0 0 0 0 0 0 0 div div osebjeLetter 20 1

Bojan B-PER bojan 0 1 0 0 0 0 1 li ul listedProf 21 0
Heric I-PER heric 0 1 0 0 0 0 1 li ul listedProf 21 0

Tomaž B-PER tomaz 0 0 0 0 0 0 1 li ul listedProf 21 0
Hočevar I-PER hocevar 0 0 0 0 0 0 1 li ul listedProf 21 0

Alen B-PER alen 0 1 0 0 0 0 1 li ul listedProf 21 0
Horvat I-PER horvat 0 1 0 0 0 0 1 li ul listedProf 21 0

Tomaž B-PER tomaz 0 0 0 0 0 0 1 li ul listedProf 21 0
Hovelja I-PER hovelja 0 1 0 0 0 0 1 li ul listedProf 21 0

Aleks B-PER aleks 0 1 0 0 0 0 1 li ul listedProf 21 0
Huč I-PER huc 0 0 0 0 0 0 1 li ul listedProf 21 0

i O i 0 1 0 0 0 0 0 div div osebjeLetter 20 1

Nejc B-PER nejc 1 1 0 0 0 0 1 li ul listedProf 21 0
Ilc I-PER ilc 1 1 0 0 0 0 1 li ul listedProf 21 0

Alja B-PER alja 0 1 0 0 0 0 1 li ul listedProf 21 0
Isaković I-PER isakovic 0 0 0 0 0 0 1 li ul listedProf 21 0

j O j 0 0 0 0 0 0 0 div div osebjeLetter 20 1

Franc B-PER franc 1 1 0 0 0 0 1 li ul listedProf 21 0
Jager I-PER jager 1 1 0 0 0 0 1 li ul listedProf 21 0

Aleš B-PER ales 0 0 0 0 0 0 1 li ul listedProf 21 0
Jaklič I-PER jaklic 0 0 0 0 0 0 1 li ul listedProf 21 0

Martin B-PER martin 0 1 0 0 0 0 1 li ul listedProf 21 0
Jakomin I-PER jakomin 0 0 0 0 0 0 1 li ul listedProf 21 0

Marko B-PER marko 0 1 0 0 0 0 1 li ul listedProf 21 0
Janković I-PER jankovic 0 0 0 0 0 0 1 li ul listedProf 21 0

Matevž B-PER matevz 0 0 0 0 0 0 1 li ul listedProf 21 0
Jekovec I-PER jekovec 0 0 0 0 0 0 1 li ul listedProf 21 0

David B-PER david 1 1 0 0 0 0 1 li ul listedProf 21 0
Jelenc I-PER jelenc 1 1 0 0 0 0 1 li ul listedProf 21 0

Gregor B-PER gregor 0 1 0 0 0 0 1 li ul listedProf 21 0
Jerše I-PER jerse 0 0 0 0 0 0 1 li ul listedProf 21 0

Matjaž B-PER matjaz 0 0 0 0 0 0 1 li ul listedProf 21 0
Branko I-PER branko 0 1 0 0 0 0 1 li ul listedProf 21 0
Jurič I-PER juric 0 0 0 0 0 0 1 li ul listedProf 21 0

Aleksandar B-PER aleksandar 0 1 0 0 0 0 1 li ul listedProf 21 0
Jurišić I-PER jurisic 0 0 0 0 0 0 1 li ul listedProf 21 0

k O k 0 1 0 0 0 0 0 div div osebjeLetter 20 1

Maher B-PER maher 1 1 0 0 0 0 1 li ul listedProf 21 0
Kaddoura I-PER kaddoura 1 1 0 0 0 0 1 li ul listedProf 21 0

Benjamin B-PER benjamin 0 1 0 0 0 0 1 li ul listedProf 21 0
Kastelic I-PER kastelic 0 1 0 0 0 0 1 li ul listedProf 21 0

Alenka B-PER alenka 0 1 0 0 0 0 1 li ul listedProf 21 0
Kavčič I-PER kavcic 0 0 0 0 0 0 1 li ul listedProf 21 0

Silvana B-PER silvana 0 1 0 0 0 0 1 li ul listedProf 21 0
Kavčič I-PER kavcic 0 0 0 0 0 0 1 li ul listedProf 21 0

Maja B-PER maja 0 1 0 0 0 0 1 li ul listedProf 21 0
Kerkez I-PER kerkez 0 1 0 0 0 0 1 li ul listedProf 21 0

Jerka B-PER jerka 0 0 0 0 0 0 1 li ul listedProf 21 0
Kern I-PER kern 0 1 0 0 0 0 1 li ul listedProf 21 0

Jernej B-PER jernej 0 1 0 0 0 0 1 li ul listedProf 21 0
Kernc I-PER kernc 0 0 0 0 0 0 1 li ul listedProf 21 0

Peter B-PER peter 0 1 0 0 0 0 1 li ul listedProf 21 0
Marijan I-PER marijan 0 1 0 0 0 0 1 li ul listedProf 21 0
Kink I-PER kink 0 1 0 0 0 0 1 li ul listedProf 21 0

Bojan B-PER bojan 1 1 0 0 0 0 1 li ul listedProf 21 0
Klemenc I-PER klemenc 1 1 0 0 0 0 1 li ul listedProf 21 0

Jelena B-PER jelena 0 1 0 0 0 0 1 li ul listedProf 21 0
Klisara I-PER klisara 0 0 0 0 0 0 1 li ul listedProf 21 0

Dušan B-PER dusan 0 0 0 0 0 0 1 li ul listedProf 21 0
Kodek I-PER kodek 0 1 0 0 0 0 1 li ul listedProf 21 0

Igor B-PER igor 1 1 0 0 0 0 1 li ul listedProf 21 0
Kononenko I-PER kononenko 1 1 0 0 0 0 1 li ul listedProf 21 0

Miran B-PER miran 0 1 0 0 0 0 1 li ul listedProf 21 0
Koprivec I-PER koprivec 0 1 0 0 0 0 1 li ul listedProf 21 0

Marjan B-PER marjan 1 1 0 0 0 0 1 li ul listedProf 21 0
Krisper I-PER krisper 1 1 0 0 0 0 1 li ul listedProf 21 0

Matej B-PER matej 1 1 0 0 0 0 1 li ul listedProf 21 0
Kristan I-PER kristan 1 1 0 0 0 0 1 li ul listedProf 21 0

Matjaž B-PER matjaz 0 0 0 0 0 0 1 li ul listedProf 21 0
Kukar I-PER kukar 0 1 0 0 0 0 1 li ul listedProf 21 0

l O l 0 1 0 0 0 0 0 div div osebjeLetter 20 1

Leon B-PER leon 0 1 0 0 0 0 1 li ul listedProf 21 0
Lampret I-PER lampret 0 1 0 0 0 0 1 li ul listedProf 21 0

Dejan B-PER dejan 0 1 0 0 0 0 1 li ul listedProf 21 0
Lavbič I-PER lavbic 0 0 0 0 0 0 1 li ul listedProf 21 0

Timotej B-PER timotej 1 1 0 0 0 0 1 li ul listedProf 21 0
Lazar I-PER lazar 1 1 0 0 0 0 1 li ul listedProf 21 0

Iztok B-PER iztok 1 1 0 0 0 0 1 li ul listedProf 21 0
Lebar I-PER lebar 1 1 0 0 0 0 1 li ul listedProf 21 0
Bajec I-PER bajec 1 1 0 0 0 0 1 li ul listedProf 21 0

Aleš B-PER ales 0 0 0 0 0 0 1 li ul listedProf 21 0
Leonardis I-PER leonardis 0 1 0 0 0 0 1 li ul listedProf 21 0

Jure B-PER jure 1 1 0 0 0 0 1 li ul listedProf 21 0
Leskovec I-PER leskovec 1 1 0 0 0 0 1 li ul listedProf 21 0

Matjaž B-PER matjaz 0 0 0 0 0 0 1 li ul listedProf 21 0
Ličen I-PER licen 0 0 0 0 0 0 1 li ul listedProf 21 0

Jaka B-PER jaka 0 1 0 0 0 0 1 li ul listedProf 21 0
Lindič I-PER lindic 0 0 0 0 0 0 1 li ul listedProf 21 0

Uroš B-PER uros 0 0 0 0 0 0 1 li ul listedProf 21 0
Lotrič I-PER lotric 0 0 0 0 0 0 1 li ul listedProf 21 0

Alan B-PER alan 0 1 0 0 0 0 1 li ul listedProf 21 0
Lukežič I-PER lukezic 0 0 0 0 0 0 1 li ul listedProf 21 0

m O m 0 0 0 0 0 0 0 div div osebjeLetter 20 1

Nives B-PER nives 0 1 0 0 0 0 1 li ul listedProf 21 0
Macerl I-PER macerl 0 1 0 0 0 0 1 li ul listedProf 21 0

Secretary O secretary 0 0 0 0 0 0 1 a li osebjeNaziv 22 1

Viljan B-PER viljan 0 1 0 0 0 0 1 li ul listedProf 21 0
Mahnič I-PER mahnic 0 0 0 0 0 0 1 li ul listedProf 21 0

Rok B-PER rok 1 1 0 0 0 0 1 li ul listedProf 21 0
Mandeljc I-PER mandeljc 1 1 0 0 0 0 1 li ul listedProf 21 0

Matija B-PER matija 1 1 0 0 0 0 1 li ul listedProf 21 0
Marolt I-PER marolt 1 1 0 0 0 0 1 li ul listedProf 21 0

Blaž B-PER blaz 0 0 0 0 0 0 1 li ul listedProf 21 0
Meden I-PER meden 0 1 0 0 0 0 1 li ul listedProf 21 0

Jan B-PER jan 0 1 0 0 0 0 1 li ul listedProf 21 0
Meznarič I-PER meznaric 0 0 0 0 0 0 1 li ul listedProf 21 0

Miran B-PER miran 0 1 0 0 0 0 1 li ul listedProf 21 0
Mihelčič I-PER mihelcic 0 0 0 0 0 0 1 li ul listedProf 21 0

Jurij B-PER jurij 0 1 0 0 0 0 1 li ul listedProf 21 0
Mihelič I-PER mihelic 0 0 0 0 0 0 1 li ul listedProf 21 0

Iztok B-PER iztok 0 1 0 0 0 0 1 li ul listedProf 21 0
Mihevc I-PER mihevc 0 0 0 0 0 0 1 li ul listedProf 21 0

Nataša B-PER natasa 0 0 0 0 0 0 1 li ul listedProf 21 0
Mori I-PER mori 0 1 0 0 0 0 1 li ul listedProf 21 0

Miha B-PER miha 0 1 0 0 0 0 1 li ul listedProf 21 0
Moškon I-PER moskon 0 0 0 0 0 0 1 li ul listedProf 21 0

Martin B-PER martin 0 1 0 0 0 0 1 li ul listedProf 21 0
Možina I-PER mozina 0 0 0 0 0 0 1 li ul listedProf 21 0

Nežka B-PER nezka 0 0 0 0 0 0 1 li ul listedProf 21 0
Mramor I-PER mramor 0 1 0 0 1 0 1 li ul listedProf 21 0
Kosta I-PER kosta 0 1 0 0 0 0 1 li ul listedProf 21 0

Miha B-PER miha 1 1 0 0 0 0 1 li ul listedProf 21 0
Mraz I-PER mraz 1 1 0 0 1 0 1 li ul listedProf 21 0

n O n 0 0 0 0 0 0 0 div div osebjeLetter 20 1

Miha B-PER miha 0 1 0 0 0 0 1 li ul listedProf 21 0
Nagelj I-PER nagelj 0 0 0 0 0 0 1 li ul listedProf 21 0

Matej B-PER matej 0 1 0 0 0 0 1 li ul listedProf 21 0
Nanut I-PER nanut 0 0 0 0 0 0 1 li ul listedProf 21 0

o O o 0 0 0 0 0 0 0 div div osebjeLetter 20 1

Polona B-PER polona 1 1 0 0 0 0 1 li ul listedProf 21 0
Oblak I-PER oblak 1 1 0 0 0 0 1 li ul listedProf 21 0

Tanja B-PER tanja 1 1 0 0 0 0 1 li ul listedProf 21 0
Oblak I-PER oblak 1 1 0 0 0 0 1 li ul listedProf 21 0
Črnič I-PER crnic 0 0 0 0 0 0 1 li ul listedProf 21 0

Bojan B-PER bojan 1 1 0 0 0 0 1 li ul listedProf 21 0
Orel I-PER orel 1 1 0 0 0 0 1 li ul listedProf 21 0

Dean O dean 0 1 0 0 0 0 1 a li osebjeNaziv 22 1

Radko B-PER radko 0 1 0 0 0 0 1 li ul listedProf 21 0
Osredkar I-PER osredkar 0 0 0 0 0 0 1 li ul listedProf 21 0

p O p 0 1 0 0 0 0 0 div div osebjeLetter 20 1

Matjaž B-PER matjaz 0 0 0 0 0 0 1 li ul listedProf 21 0
Pančur I-PER pancur 0 0 0 0 0 0 1 li ul listedProf 21 0

Uroš B-PER uros 0 0 0 0 0 0 1 li ul listedProf 21 0
Paščinski I-PER pascinski 0 0 0 0 0 0 1 li ul listedProf 21 0

Mladen B-PER mladen 0 1 0 0 0 0 1 li ul listedProf 21 0
Pečar I-PER pecar 0 0 0 0 0 0 1 li ul listedProf 21 0

Peter B-PER peter 1 1 0 0 0 0 1 li ul listedProf 21 0
Peer I-PER peer 1 1 0 0 0 0 1 li ul listedProf 21 0

Veljko B-PER veljko 0 1 0 0 0 0 1 li ul listedProf 21 0
Pejović I-PER pejovic 0 0 0 0 0 0 1 li ul listedProf 21 0

Vice O vice 0 1 0 0 0 0 1 a li osebjeNaziv 22 1
Dean O dean 0 1 0 0 0 0 1 a li osebjeNaziv 22 1
for O for 0 1 0 0 0 0 0 a li osebjeNaziv 22 1
International O international 0 0 0 0 0 0 1 a li osebjeNaziv 22 1
Affairs O affairs 0 0 0 0 0 0 1 a li osebjeNaziv 22 1

Darja B-PER darja 0 1 0 0 0 0 1 li ul listedProf 21 0
Peljhan I-PER peljhan 0 0 0 0 0 0 1 li ul listedProf 21 0

Matevž B-PER matevz 0 0 0 0 0 0 1 li ul listedProf 21 0
Pesek I-PER pesek 0 1 0 0 0 0 1 li ul listedProf 21 0

Irena B-PER irena 0 1 0 0 0 0 1 li ul listedProf 21 0
Pestotnik I-PER pestotnik 0 1 0 0 0 0 1 li ul listedProf 21 0

Zvonimir B-PER zvonimir 0 1 0 0 0 0 1 li ul listedProf 21 0
Petkovšek I-PER petkovsek 0 0 0 0 0 0 1 li ul listedProf 21 0

Mattia B-PER mattia 1 1 0 0 0 0 1 li ul listedProf 21 0
Petroni I-PER petroni 1 1 0 0 0 0 1 li ul listedProf 21 0

Matej B-PER matej 0 1 0 0 0 0 1 li ul listedProf 21 0
Pičulin I-PER piculin 0 0 0 0 0 0 1 li ul listedProf 21 0

Ljubo B-PER ljubo 1 1 0 0 0 0 1 li ul listedProf 21 0
Pipan I-PER pipan 1 1 0 0 0 0 1 li ul listedProf 21 0

Žiga B-PER ziga 0 0 0 0 0 0 1 li ul listedProf 21 0
Pirnar I-PER pirnar 0 0 0 0 0 0 1 li ul listedProf 21 0

Gregor B-PER gregor 0 1 0 0 0 0 1 li ul listedProf 21 0
Pirš I-PER pirs 0 0 0 0 0 0 1 li ul listedProf 21 0

Matevž B-PER matevz 0 0 0 0 0 0 1 li ul listedProf 21 0
Poberžnik I-PER poberznik 0 0 0 0 0 0 1 li ul listedProf 21 0

Matevž B-PER matevz 0 0 0 0 0 0 1 li ul listedProf 21 0
Pogačnik I-PER pogacnik 0 0 0 0 0 0 1 li ul listedProf 21 0

Rok B-PER rok 0 1 0 0 0 0 1 li ul listedProf 21 0
Povše I-PER povse 0 0 0 0 0 0 1 li ul listedProf 21 0

Marko B-PER marko 0 1 0 0 0 0 1 li ul listedProf 21 0
Poženel I-PER pozenel 0 0 0 0 0 0 1 li ul listedProf 21 0

Ajda B-PER ajda 0 1 0 0 1 0 1 li ul listedProf 21 0
Pretnar I-PER pretnar 0 1 0 0 0 0 1 li ul listedProf 21 0

Matej B-PER matej 0 1 0 0 0 0 1 li ul listedProf 21 0
Prijatelj I-PER prijatelj 0 1 0 0 0 0 1 li ul listedProf 21 0

r O r 0 1 0 0 0 0 0 div div osebjeLetter 20 1

Martin B-PER martin 0 1 0 0 0 0 1 li ul listedProf 21 0
Raič I-PER raic 0 0 0 0 0 0 1 li ul listedProf 21 0

Vladislav B-PER vladislav 0 1 0 0 0 0 1 li ul listedProf 21 0
Rajkovič I-PER rajkovic 0 0 0 0 0 0 1 li ul listedProf 21 0

Jan B-PER jan 0 1 0 0 0 0 1 li ul listedProf 21 0
Ravnik I-PER ravnik 0 1 0 0 0 0 1 li ul listedProf 21 0

Mateja B-PER mateja 0 1 0 0 0 0 1 li ul listedProf 21 0
Ravnik I-PER ravnik 0 1 0 0 0 0 1 li ul listedProf 21 0

Andreja B-PER andreja 0 1 0 0 1 0 1 li ul listedProf 21 0
Retelj I-PER retelj 0 1 0 0 0 0 1 li ul listedProf 21 0

Matija B-PER matija 0 1 0 0 0 0 1 li ul listedProf 21 0
Rezar I-PER rezar 0 0 0 0 0 0 1 li ul listedProf 21 0

Anže B-PER anze 0 0 0 0 0 0 1 li ul listedProf 21 0
Rezelj I-PER rezelj 0 0 0 0 0 0 1 li ul listedProf 21 0

Fabio B-PER fabio 1 1 0 0 0 0 1 li ul listedProf 21 0
Ricciato I-PER ricciato 1 1 0 0 0 0 1 li ul listedProf 21 0

Jan B-PER jan 0 1 0 0 0 0 1 li ul listedProf 21 0
Robas I-PER robas 0 0 0 0 0 0 1 li ul listedProf 21 0

Borut B-PER borut 0 1 0 0 0 0 1 li ul listedProf 21 0
Robič I-PER robic 0 0 0 0 0 0 1 li ul listedProf 21 0

Marko B-PER marko 1 1 0 0 0 0 1 li ul listedProf 21 0
Robnik I-PER robnik 1 1 0 0 0 0 1 li ul listedProf 21 0
Šikonja I-PER sikonja 0 0 0 0 0 0 1 li ul listedProf 21 0

Igor B-PER igor 0 1 0 0 0 0 1 li ul listedProf 21 0
Rožanc I-PER rozanc 0 0 0 0 0 0 1 li ul listedProf 21 0

Robert B-PER robert 1 1 0 0 0 0 1 li ul listedProf 21 0
Rozman I-PER rozman 1 1 0 0 0 0 1 li ul listedProf 21 0

Ksenija B-PER ksenija 0 1 0 0 0 0 1 li ul listedProf 21 0
Rozman I-PER rozman 0 1 0 0 0 0 1 li ul listedProf 21 0

Metka B-PER metka 0 1 0 0 0 0 1 li ul listedProf 21 0
Runovc I-PER runovc 0 1 0 0 0 0 1 li ul listedProf 21 0

Rok B-PER rok 1 1 0 0 0 0 1 li ul listedProf 21 0
Rupnik I-PER rupnik 1 1 0 0 0 0 1 li ul listedProf 21 0

s O s 0 0 0 0 0 0 0 div div osebjeLetter 20 1

Aleksander B-PER aleksander 1 1 0 0 0 0 1 li ul listedProf 21 0
Sadikov I-PER sadikov 1 1 0 0 0 0 1 li ul listedProf 21 0

Tadeja B-PER tadeja 0 1 0 0 0 0 1 li ul listedProf 21 0
Saje I-PER saje 0 1 0 0 0 0 1 li ul listedProf 21 0

Petra B-PER petra 0 1 0 0 0 0 1 li ul listedProf 21 0
Simonič I-PER simonic 0 0 0 0 0 0 1 li ul listedProf 21 0

Danijel B-PER danijel 0 1 0 0 0 0 1 li ul listedProf 21 0
Skočaj I-PER skocaj 0 0 0 0 0 0 1 li ul listedProf 21 0

Boštjan B-PER bostjan 0 0 0 0 0 0 1 li ul listedProf 21 0
Slivnik I-PER slivnik 0 1 0 0 0 0 1 li ul listedProf 21 0

Davor B-PER davor 1 1 0 0 0 0 1 li ul listedProf 21 0
Sluga I-PER sluga 1 1 0 0 0 0 1 li ul listedProf 21 0

Aleš B-PER ales 0 0 0 0 0 0 1 li ul listedProf 21 0
Smrdel I-PER smrdel 0 1 0 0 0 0 1 li ul listedProf 21 0

Franc B-PER franc 1 1 0 0 0 0 1 li ul listedProf 21 0
Solina I-PER solina 1 1 0 0 0 0 1 li ul listedProf 21 0

Blaž B-PER blaz 0 0 0 0 0 0 1 li ul listedProf 21 0
Sovdat I-PER sovdat 0 1 0 0 0 0 1 li ul listedProf 21 0

Anže B-PER anze 0 0 0 0 0 0 1 li ul listedProf 21 0
Starič I-PER staric 0 0 0 0 0 0 1 li ul listedProf 21 0

Martin B-PER martin 0 1 0 0 0 0 1 li ul listedProf 21 0
Stražar I-PER strazar 0 0 0 0 0 0 1 li ul listedProf 21 0

š O s 0 0 0 0 0 0 0 div div osebjeLetter 20 1

Luka B-PER luka 0 1 0 0 0 0 1 li ul listedProf 21 0
Šajn I-PER sajn 0 0 0 0 0 0 1 li ul listedProf 21 0

Gregor B-PER gregor 0 1 0 0 0 0 1 li ul listedProf 21 0
Šega I-PER sega 0 0 0 0 0 0 1 li ul listedProf 21 0

Andrej B-PER andrej 0 1 0 0 1 0 1 li ul listedProf 21 0
Šeruga I-PER seruga 0 0 0 0 0 0 1 li ul listedProf 21 0

Igor B-PER igor 0 1 0 0 0 0 1 li ul listedProf 21 0
Škraba I-PER skraba 0 0 0 0 0 0 1 li ul listedProf 21 0

Marko B-PER marko 0 1 0 0 0 0 1 li ul listedProf 21 0
Škrjanec I-PER skrjanec 0 0 0 0 0 0 1 li ul listedProf 21 0

Domen B-PER domen 0 1 0 0 0 0 1 li ul listedProf 21 0
Šoberl I-PER soberl 0 0 0 0 0 0 1 li ul listedProf 21 0

Jure B-PER jure 0 1 0 0 0 0 1 li ul listedProf 21 0
Šorn I-PER sorn 0 0 0 0 0 0 1 li ul listedProf 21 0

Aleš B-PER ales 0 0 0 0 0 0 1 li ul listedProf 21 0
Špetič I-PER spetic 0 0 0 0 0 0 1 li ul listedProf 21 0

Sebastijan B-PER sebastijan 0 1 0 0 0 0 1 li ul listedProf 21 0
Šprager I-PER sprager 0 0 0 0 0 0 1 li ul listedProf 21 0

Branko B-PER branko 0 1 0 0 0 0 1 li ul listedProf 21 0
Šter I-PER ster 0 0 0 0 0 0 1 li ul listedProf 21 0

Marina B-PER marina 0 1 0 0 0 0 1 li ul listedProf 21 0
Štros I-PER stros 0 0 0 0 0 0 1 li ul listedProf 21 0
- I-PER - 0 0 0 0 0 0 0 li ul listedProf 21 0
Bračko I-PER bracko 0 0 0 0 0 0 1 li ul listedProf 21 0

Erik B-PER erik 0 1 0 0 0 0 1 li ul listedProf 21 0
Štrumbelj I-PER strumbelj 0 0 0 0 0 0 1 li ul listedProf 21 0

Lovro B-PER lovro 0 1 0 0 0 0 1 li ul listedProf 21 0
Šubelj I-PER subelj 0 0 0 0 0 0 1 li ul listedProf 21 0

t O t 0 0 0 0 0 0 0 div div osebjeLetter 20 1

Domen B-PER domen 1 1 0 0 0 0 1 li ul listedProf 21 0
Tabernik I-PER tabernik 1 1 0 0 0 0 1 li ul listedProf 21 0

Vesna B-PER vesna 1 1 0 0 0 0 1 li ul listedProf 21 0
Tanko I-PER tanko 1 1 0 0 0 0 1 li ul listedProf 21 0

Jerca B-PER jerca 0 0 0 0 0 0 1 li ul listedProf 21 0
Tekavec I-PER tekavec 0 0 0 0 0 0 1 li ul listedProf 21 0

Marko B-PER marko 1 1 0 0 0 0 1 li ul listedProf 21 0
Toplak I-PER toplak 1 1 0 0 0 0 1 li ul listedProf 21 0

Barbara B-PER barbara 0 1 0 0 0 0 1 li ul listedProf 21 0
Torkar I-PER torkar 0 1 0 0 0 0 1 li ul listedProf 21 0

Denis B-PER denis 0 1 0 0 0 0 1 li ul listedProf 21 0
Trček I-PER trcek 0 0 0 0 0 0 1 li ul listedProf 21 0

Mira B-PER mira 1 1 0 0 0 0 1 li ul listedProf 21 0
Trebar I-PER trebar 1 1 0 0 0 0 1 li ul listedProf 21 0

Jure B-PER jure 0 1 0 0 0 0 1 li ul listedProf 21 0
Tuta I-PER tuta 0 1 0 0 0 0 1 li ul listedProf 21 0

u O u 0 0 0 0 0 0 0 div div osebjeLetter 20 1

Jernej B-PER jernej 0 1 0 0 0 0 1 li ul listedProf 21 0
Urankar I-PER urankar 0 1 0 0 0 0 1 li ul listedProf 21 0

v O v 0 1 0 0 0 0 0 div div osebjeLetter 20 1

Damjan B-PER damjan 0 1 0 0 0 0 1 li ul listedProf 21 0
Vavpotič I-PER vavpotic 0 0 0 0 0 0 1 li ul listedProf 21 0

Luka B-PER luka 0 1 0 0 0 0 1 li ul listedProf 21 0
Vavtar I-PER vavtar 0 0 0 0 0 0 1 li ul listedProf 21 0

Zdenka B-PER zdenka 0 1 0 0 0 0 1 li ul listedProf 21 0
Velikonja I-PER velikonja 0 1 0 0 0 0 1 li ul listedProf 21 0

Dejan B-PER dejan 0 1 0 0 0 0 1 li ul listedProf 21 0
Velušček I-PER veluscek 0 0 0 0 0 0 1 li ul listedProf 21 0

Dejan B-PER dejan 0 1 0 0 0 0 1 li ul listedProf 21 0
Verčič I-PER vercic 0 0 0 0 0 0 1 li ul listedProf 21 0

Janoš B-PER janos 0 0 0 0 0 0 1 li ul listedProf 21 0
Vidali I-PER vidali 0 1 0 0 0 0 1 li ul listedProf 21 0

Milica B-PER milica 0 1 0 0 0 0 1 li ul listedProf 21 0
Vidić I-PER vidic 0 0 0 0 0 0 1 li ul listedProf 21 0

Tone B-PER tone 1 1 0 0 0 0 1 li ul listedProf 21 0
Vidmar I-PER vidmar 1 1 0 0 0 0 1 li ul listedProf 21 0

Boštjan B-PER bostjan 0 0 0 0 0 0 1 li ul listedProf 21 0
Vilfan I-PER vilfan 0 1 0 0 0 0 1 li ul listedProf 21 0

Mojca B-PER mojca 0 1 0 0 0 0 1 li ul listedProf 21 0
Vilfan I-PER vilfan 0 1 0 0 0 0 1 li ul listedProf 21 0

Zvonko B-PER zvonko 0 1 0 0 0 0 1 li ul listedProf 21 0
Virant I-PER virant 0 1 0 0 0 0 1 li ul listedProf 21 0

Maja B-PER maja 0 1 0 0 0 0 1 li ul listedProf 21 0
Vodopivec I-PER vodopivec 0 1 0 0 0 0 1 li ul listedProf 21 0

Tom B-PER tom 1 1 0 0 0 0 1 li ul listedProf 21 0
Vodopivec I-PER vodopivec 1 1 0 0 0 0 1 li ul listedProf 21 0

Petar B-PER petar 0 1 0 0 0 0 1 li ul listedProf 21 0
Vračar I-PER vracar 0 0 0 0 0 0 1 li ul listedProf 21 0

Simon B-PER simon 1 1 0 0 0 0 1 li ul listedProf 21 0
Vrhovec I-PER vrhovec 0 1 0 0 0 0 1 li ul listedProf 21 0

Martin B-PER martin 0 1 0 0 0 0 1 li ul listedProf 21 0
Vuk I-PER vuk 0 1 0 0 0 0 1 li ul listedProf 21 0

w O w 0 0 0 0 0 0 0 div div osebjeLetter 20 1

Aleš B-PER ales 0 0 0 0 0 0 1 li ul listedProf 21 0
Watzak I-PER watzak 0 0 0 0 0 0 1 li ul listedProf 21 0

Gregor B-PER gregor 1 1 0 0 0 0 1 li ul listedProf 21 0
Weiss I-PER weiss 1 1 0 0 0 0 1 li ul listedProf 21 0

z O z 0 0 0 0 0 0 0 div div osebjeLetter 20 1

Lucija B-PER lucija 0 1 0 0 0 0 1 li ul listedProf 21 0
Završnik I-PER zavrsnik 0 0 0 0 0 0 1 li ul listedProf 21 0
Čučkin I-PER cuckin 0 0 0 0 0 0 1 li ul listedProf 21 0

Nikolaj B-PER nikolaj 1 1 0 0 0 0 1 li ul listedProf 21 0
Zimic I-PER zimic 1 1 0 0 0 0 1 li ul listedProf 21 0

Aljaž B-PER aljaz 0 0 0 0 0 0 1 li ul listedProf 21 0
Zrnec I-PER zrnec 0 1 0 0 0 0 1 li ul listedProf 21 0

Helena B-PER helena 0 1 0 0 0 0 1 li ul listedProf 21 0
Marija I-PER marija 0 1 0 0 0 0 1 li ul listedProf 21 0
Zupan I-PER zupan 0 1 0 0 0 0 1 li ul listedProf 21 0

Blaž B-PER blaz 0 0 0 0 0 0 1 li ul listedProf 21 0
Zupan I-PER zupan 0 1 0 0 0 0 1 li ul listedProf 21 0

Kaja B-PER kaja 1 1 0 0 0 0 1 li ul listedProf 21 0
Zupanc I-PER zupanc 1 1 0 0 0 0 1 li ul listedProf 21 0

ž O z 0 0 0 0 0 0 0 div div osebjeLetter 20 1

Jure B-PER jure 0 1 0 0 0 0 1 li ul listedProf 21 0
Žabkar I-PER zabkar 0 0 0 0 0 0 1 li ul listedProf 21 0

Janez B-PER janez 0 1 0 0 0 0 1 li ul listedProf 21 0
Žibert I-PER zibert 0 0 0 0 0 0 1 li ul listedProf 21 0

Rok B-PER rok 0 1 0 0 0 0 1 li ul listedProf 21 0
Žitko I-PER zitko 0 0 0 0 0 0 1 li ul listedProf 21 0

Marinka B-PER marinka 0 1 0 0 0 0 1 li ul listedProf 21 0
Žitnik I-PER zitnik 0 0 0 0 0 0 1 li ul listedProf 21 0

Slavko B-PER slavko 0 1 0 0 0 0 1 li ul listedProf 21 0
Žitnik I-PER zitnik 0 0 0 0 0 0 1 li ul listedProf 21 0

About O about 0 0 0 0 0 0 1 div div container 16 0

Mission O mission 0 1 0 0 1 0 1 a div main-title 18 0
and O and 0 1 0 0 0 0 0 a div main-title 18 0
Vision O vision 0 1 0 0 0 0 1 a div main-title 18 0

Management O management 0 1 0 0 0 0 1 a div main-title 18 0

Employees O employees 0 0 0 0 1 0 1 div div active-side-link 17 0

Contact O contact 0 0 0 0 0 0 1 a div main-title 18 0

How O how 0 1 0 0 0 0 1 a div main-title 18 0
to O to 0 0 0 0 0 0 0 a div main-title 18 0
reach O reach 0 0 0 0 0 0 0 a div main-title 18 0
us O us 0 1 0 0 0 0 0 a div main-title 18 0

Where O where 0 0 0 0 0 0 1 a div main-title 18 0
we O we 0 0 0 0 0 0 0 a div main-title 18 0
are O are 0 0 0 0 0 0 0 a div main-title 18 0

Catalogue O catalogue 0 0 0 0 0 0 1 a div main-title 18 0
of O of 0 1 0 0 0 0 0 a div main-title 18 0
Information O information 0 1 0 0 0 0 1 a div main-title 18 0
of O of 0 1 0 0 0 0 0 a div main-title 18 0
a O a 0 1 0 0 0 0 0 a div main-title 18 0
Public O public 0 0 0 0 0 0 1 a div main-title 18 0
Nature O nature 0 0 0 0 0 0 1 a div main-title 18 0

Survey O survey 0 1 0 0 0 0 1 a div main-title 18 0
of O of 0 1 0 0 0 0 0 a div main-title 18 0
Research O research 0 1 0 0 0 0 1 a div main-title 18 0
Activities O activities 0 0 0 0 0 0 1 a div main-title 18 0

Career O career 0 0 0 0 0 0 1 a div main-title 18 0
at O at 0 0 0 0 0 0 0 a div main-title 18 0
the O the 0 1 0 0 0 0 0 a div main-title 18 0
Faculty O faculty 0 0 0 0 0 0 1 a div main-title 18 0

Media O media 0 1 0 0 0 0 1 a div main-title 18 0
centre O centre 0 0 0 0 0 0 0 a div main-title 18 0

Education O education 0 0 0 0 0 0 1 a div footer-menu-title 14 0

Undergraduate O undergraduate 0 0 0 0 0 0 1 li ul footer-menu-item 14 0
programmes O programmes 0 0 0 0 0 0 0 li ul footer-menu-item 14 0

Master O master 0 1 0 0 1 0 1 li ul footer-menu-item 14 0
' O ' 0 0 0 0 0 0 0 li ul footer-menu-item 14 0
s O s 0 0 0 0 0 0 0 li ul footer-menu-item 14 0
programmes O programmes 0 0 0 0 0 0 0 li ul footer-menu-item 14 0

Doctoral O doctoral 0 0 0 0 0 0 1 li ul footer-menu-item 14 0
programmes O programmes 0 0 0 0 0 0 0 li ul footer-menu-item 14 0

International O international 0 0 0 0 0 0 1 li ul footer-menu-item 14 0
Study O study 0 1 0 0 0 0 1 li ul footer-menu-item 14 0
Exchanges O exchanges 0 0 0 0 0 0 1 li ul footer-menu-item 14 0

Rules O rules 0 0 0 0 0 0 1 li ul footer-menu-item 14 0
, O , 0 0 0 0 0 0 0 li ul footer-menu-item 14 0
Applications O applications 0 0 0 0 0 0 1 li ul footer-menu-item 14 0
, O , 0 0 0 0 0 0 0 li ul footer-menu-item 14 0
Prices O prices 0 0 0 0 0 0 1 li ul footer-menu-item 14 0

Registering O registering 0 0 0 0 0 0 1 li ul footer-menu-item 14 0
for O for 0 1 0 0 0 0 0 li ul footer-menu-item 14 0
exams O exams 0 0 0 0 0 0 0 li ul footer-menu-item 14 0

Enrolment O enrolment 0 0 0 0 0 0 1 li ul footer-menu-item 14 0
in O in 0 1 0 0 0 0 0 li ul footer-menu-item 14 0
the O the 0 1 0 0 0 0 0 li ul footer-menu-item 14 0
next O next 0 0 0 0 0 0 0 li ul footer-menu-item 14 0
year O year 0 0 0 0 0 0 0 li ul footer-menu-item 14 0

Frequently O frequently 0 0 0 0 0 0 1 li ul footer-menu-item 14 0
Asked O asked 0 0 0 0 0 0 1 li ul footer-menu-item 14 0
Questions O questions 0 0 0 0 0 0 1 li ul footer-menu-item 14 0

Study O study 0 1 0 0 0 0 1 li ul footer-menu-item 14 0
Calendar O calendar 0 0 0 0 0 0 1 li ul footer-menu-item 14 0

Student O student 0 1 0 0 0 0 1 li ul footer-menu-item 14 0
Office O office 0 0 0 0 0 0 1 li ul footer-menu-item 14 0

Industrial O industrial 0 0 0 0 0 0 1 li ul footer-menu-item 14 0
Practice O practice 0 0 0 0 0 0 1 li ul footer-menu-item 14 0

Student O student 0 1 0 0 0 0 1 li ul footer-menu-item 14 0
Status O status 0 0 0 0 0 0 1 li ul footer-menu-item 14 0

Research O research 0 1 0 0 0 0 1 a div footer-menu-title 14 0

Laboratories O laboratories 0 0 0 0 0 0 1 li ul footer-menu-item 14 0

Research O research 0 1 0 0 0 0 1 li ul footer-menu-item 14 0
projects O projects 0 0 0 0 0 0 0 li ul footer-menu-item 14 0

Seminars O seminars 0 0 0 0 0 0 1 li ul footer-menu-item 14 0
, O , 0 0 0 0 0 0 0 li ul footer-menu-item 14 0
conferences O conferences 0 0 0 0 0 0 0 li ul footer-menu-item 14 0
and O and 0 1 0 0 0 0 0 li ul footer-menu-item 14 0
graduations O graduations 0 0 0 0 0 0 0 li ul footer-menu-item 14 0

After O after 0 0 0 0 0 0 1 a div footer-menu-title 14 0
School O school 0 1 0 0 0 0 1 a div footer-menu-title 14 0

Summer O summer 0 1 0 0 0 0 1 li ul footer-menu-item 14 0
schools O schools 0 0 0 0 0 0 0 li ul footer-menu-item 14 0
and O and 0 1 0 0 0 0 0 li ul footer-menu-item 14 0
workshops O workshops 0 0 0 0 0 0 0 li ul footer-menu-item 14 0

International O international 0 0 0 0 0 0 1 li ul footer-menu-item 14 0
Competitions O competitions 0 0 0 0 0 0 1 li ul footer-menu-item 14 0

Student O student 0 1 0 0 0 0 1 li ul footer-menu-item 14 0
Council O council 0 1 0 0 0 0 1 li ul footer-menu-item 14 0
FRI O fri 0 0 0 0 0 0 1 li ul footer-menu-item 14 0

Robo O robo 0 0 0 0 0 0 1 li ul footer-menu-item 14 0
League O league 0 1 0 0 0 0 1 li ul footer-menu-item 14 0
FRI O fri 0 0 0 0 0 0 1 li ul footer-menu-item 14 0

Sport O sport 0 0 0 0 0 0 1 li ul footer-menu-item 14 0

Band O band 0 1 0 0 0 0 1 li ul footer-menu-item 14 0
FRIdom O fridom 0 0 0 0 0 0 1 li ul footer-menu-item 14 0

Alumni O alumni 0 0 0 0 0 0 1 li ul footer-menu-item 14 0

Events O events 0 0 0 0 0 0 1 a div footer-menu-title 14 0

Summer O summer 0 1 0 0 0 0 1 li ul footer-menu-item 14 0
School O school 0 1 0 0 0 0 1 li ul footer-menu-item 14 0
FRI O fri 0 0 0 0 0 0 1 li ul footer-menu-item 14 0

Computer O computer 0 0 0 0 0 0 1 li ul footer-menu-item 14 0
days O days 0 0 0 0 0 0 0 li ul footer-menu-item 14 0

Code O code 0 1 0 0 0 0 1 li ul footer-menu-item 14 0
Week O week 0 1 0 0 0 0 1 li ul footer-menu-item 14 0

Frižider O frizider 0 0 0 0 0 0 1 li ul footer-menu-item 14 0

Teacher O teacher 0 1 0 0 0 0 1 li ul footer-menu-item 14 0
training O training 0 0 0 0 0 0 0 li ul footer-menu-item 14 0

Up O up 0 1 0 0 0 0 1 li ul footer-menu-item 14 0
to O to 0 0 0 0 0 0 0 li ul footer-menu-item 14 0
your O your 0 0 0 0 0 0 0 li ul footer-menu-item 14 0
neck O neck 0 0 0 0 0 0 0 li ul footer-menu-item 14 0
in O in 0 1 0 0 0 0 0 li ul footer-menu-item 14 0
it O it 0 0 0 0 0 0 0 li ul footer-menu-item 14 0

FRI O fri 0 0 0 0 0 0 1 li ul footer-menu-item 14 0
Garage O garage 0 0 0 0 0 0 1 li ul footer-menu-item 14 0

News O news 0 0 0 0 0 0 1 a div footer-menu-title 15 0

About O about 0 0 0 0 0 0 1 a div footer-menu-title 15 0

Prospective O prospective 0 0 0 0 0 0 1 a div footer-menu-title 15 0
students O students 0 0 0 0 0 0 0 a div footer-menu-title 15 0

Career O career 0 0 0 0 0 0 1 a div footer-menu-title 15 0
at O at 0 0 0 0 0 0 0 a div footer-menu-title 15 0
the O the 0 1 0 0 0 0 0 a div footer-menu-title 15 0
Faculty O faculty 0 0 0 0 0 0 1 a div footer-menu-title 15 0

Student O student 0 1 0 0 0 0 1 div div heading 12 0
Office O office 0 0 0 0 0 0 1 div div heading 12 0

Office O office 0 0 0 0 0 0 1 div div head-offical 13 0
hours O hours 0 0 0 0 0 0 0 div div head-offical 13 0

Monday O monday 0 1 0 0 0 0 1 div div offical-hours 13 1
, O , 0 0 0 0 0 0 0 div div offical-hours 13 1
Tuesday O tuesday 0 1 0 0 0 0 1 div div offical-hours 13 1
, O , 0 0 0 0 0 0 0 div div offical-hours 13 1
Wednesday O wednesday 0 0 0 0 0 0 1 div div offical-hours 13 1
, O , 0 0 0 0 0 0 0 div div offical-hours 13 1
Thursday O thursday 0 0 0 0 0 0 1 div div offical-hours 13 1
: O : 0 0 0 0 0 0 0 div div offical-hours 13 1
from O from 0 0 0 0 0 0 0 div div offical-hours 13 1
10 O 10 0 0 0 1 0 0 0 div div info-strong 14 0
: O : 0 0 0 0 0 0 0 div div info-strong 14 0
30 O 30 0 0 0 1 0 0 0 div div info-strong 14 0
to O to 0 0 0 0 0 0 0 div div footerInfoLight 14 1
12 O 12 0 0 0 1 0 0 0 div div info-strong 14 2
: O : 0 0 0 0 0 0 0 div div info-strong 14 2
30 O 30 0 0 0 1 0 0 0 div div info-strong 14 2

E O e 0 1 0 0 0 0 1 div div telephone 14 0
: O : 0 0 0 0 0 0 0 div div telephone 14 0
studinfo@fri.uni O studinfo@fri.uni 0 0 1 0 0 0 0 div div telephone 14 1
- O - 0 0 0 0 0 0 0 div div telephone 14 1
lj.si O lj.si 0 0 0 0 0 0 0 div div telephone 14 1

T O t 0 1 0 0 0 0 1 div div email 14 0
: O : 0 0 0 0 0 0 0 div div email 14 0
+386 O +386 0 0 0 1 0 0 0 div div email 13 8
( O ( 0 0 0 0 0 0 0 div div email 13 8
0 O 0 0 0 0 1 0 0 0 div div email 13 8
) O ) 0 0 0 0 0 0 0 div div email 13 8
1 O 1 0 0 0 1 0 0 0 div div email 13 8
/ O / 0 0 0 0 0 0 0 div div email 13 8
479 O 479 0 0 0 1 0 0 0 div div email 13 8
8118 O 8118 0 0 0 1 0 0 0 div div email 13 8

University O university 0 1 0 0 0 0 1 div div univerza 12 0
of O of 0 1 0 0 0 0 0 div div univerza 12 0
Ljubljana O ljubljana 0 0 0 0 0 0 1 div div univerza 12 0

Faculty O faculty 0 0 0 0 0 0 1 div div naziv 12 1
of O of 0 1 0 0 0 0 0 div div naziv 12 1
Computer O computer 0 0 0 0 0 0 1 div div naziv 12 1
and O and 0 1 0 0 0 0 0 div div naziv 12 1
Information O information 0 1 0 0 0 0 1 div div naziv 12 1
Science O science 0 0 0 0 0 0 1 div div naziv 12 1

Večna O vecna 0 0 0 0 0 0 1 div div lokacija 12 2
pot O pot 0 0 0 0 0 0 0 div div lokacija 12 2
113 O 113 0 0 0 1 0 0 0 div div lokacija 12 2
, O , 0 0 0 0 0 0 0 div div lokacija 12 2
1000 O 1000 0 0 0 1 0 0 0 div div lokacija 12 2
Ljubljana O ljubljana 0 0 0 0 0 0 1 div div lokacija 12 2

T O t 0 1 0 0 0 0 1 p div footer-grayed 14 0
: O : 0 0 0 0 0 0 0 p div footer-grayed 14 0
+386 O +386 0 0 0 1 0 0 0 div div info 13 0
( O ( 0 0 0 0 0 0 0 div div info 13 0
0 O 0 0 0 0 1 0 0 0 div div info 13 0
) O ) 0 0 0 0 0 0 0 div div info 13 0
1 O 1 0 0 0 1 0 0 0 div div info 13 0
/ O / 0 0 0 0 0 0 0 div div info 13 0
479 O 479 0 0 0 1 0 0 0 div div info 13 0
8000 O 8000 0 0 0 1 0 0 0 div div info 13 0

E O e 0 1 0 0 0 0 1 p div footer-grayed 14 0
: O : 0 0 0 0 0 0 0 p div footer-grayed 14 0
dekanat@fri.uni O dekanat@fri.uni 0 0 1 0 0 0 0 p div info 14 1
- O - 0 0 0 0 0 0 0 p div info 14 1
lj.si O lj.si 0 0 0 0 0 0 0 p div info 14 1

FRI O fri 0 0 0 0 0 0 1 div div social 12 0
on O on 0 0 0 0 0 0 0 div div social 12 0
social O social 0 0 0 0 0 0 0 div div social 12 0
networks O networks 0 0 0 0 0 0 0 div div social 12 0

All O all 0 1 0 0 0 0 1 div div rightsReserved 12 0
rights O rights 0 0 0 0 0 0 0 div div rightsReserved 12 0
reserved O reserved 0 0 0 0 0 0 0 div div rightsReserved 12 0
© O © 0 0 0 0 0 0 0 div div rightsReserved 12 0
Faculty O faculty 0 0 0 0 0 0 1 div div rightsReserved 12 0
of O of 0 1 0 0 0 0 0 div div rightsReserved 12 0
Computer O computer 0 0 0 0 0 0 1 div div rightsReserved 12 0
and O and 0 1 0 0 0 0 0 div div rightsReserved 12 0
Information O information 0 1 0 0 0 0 1 div div rightsReserved 12 0
Science O science 0 0 0 0 0 0 1 div div rightsReserved 12 0
, O , 0 0 0 0 0 0 0 div div rightsReserved 12 0
2015 O 2015 0 0 0 1 0 0 0 div div rightsReserved 12 0

Design O design 0 0 0 0 0 0 1 div div rightsReserved2 12 0
and O and 0 1 0 0 0 0 0 div div rightsReserved2 12 0
construction O construction 0 0 0 0 0 0 0 div div rightsReserved2 12 0
: O : 0 0 0 0 0 0 0 div div rightsReserved2 12 0
