Mitarbeiter/innen O mitarbeiter/innen 0 0 0 0 0 0 1 head html none 4 20
— O — 0 0 0 0 0 0 0 head html none 4 20
Institut O institut 0 0 0 0 0 0 1 head html none 4 20
für O fur 0 0 0 0 0 0 0 head html none 4 20
Informatik O informatik 0 0 0 0 0 0 1 head html none 4 20

Direkt O direkt 0 0 0 0 0 0 1 div body hiddenStructure 5 0
zum O zum 0 1 0 0 0 0 0 div body hiddenStructure 5 0
Inhalt O inhalt 0 0 0 0 0 0 1 div body hiddenStructure 5 0
Direkt O direkt 0 0 0 0 0 0 1 div body hiddenStructure 5 1
zur O zur 0 1 0 0 0 0 0 div body hiddenStructure 5 1
Suche O suche 0 1 0 0 0 0 1 div body hiddenStructure 5 1
Direkt O direkt 0 0 0 0 0 0 1 div body hiddenStructure 5 2
zur O zur 0 1 0 0 0 0 0 div body hiddenStructure 5 2
Navigation O navigation 0 0 0 0 0 0 1 div body hiddenStructure 5 2

▼ O ▼ 0 0 0 0 0 0 0 div div audience-toggle 6 0
Zielgruppen O zielgruppen 0 0 0 0 0 0 1 div div audience-toggle 6 0
▼ O ▼ 0 0 0 0 0 0 0 div div audience-toggle 6 0

Informationen O informationen 0 0 0 0 0 0 1 ul div hiddenStructure 9 0
für O fur 0 0 0 0 0 0 0 ul div hiddenStructure 9 0

Für O fur 0 1 0 0 0 0 1 li ul menu 10 0
Studierende O studierende 0 0 0 0 0 0 1 li ul menu 10 0

Sie O sie 0 1 0 0 0 0 1 li ul menu 12 0
möchten O mochten 0 0 0 0 0 0 0 li ul menu 12 0
Informatik O informatik 0 0 0 0 0 0 1 li ul menu 12 0
studieren O studieren 0 0 0 0 0 0 0 li ul menu 12 0

Sie O sie 0 1 0 0 0 0 1 li ul menu 12 0
sind O sind 0 0 0 0 0 0 0 li ul menu 12 0
Bachelor O bachelor 0 1 0 0 0 0 1 li ul menu 12 0
- O - 0 0 0 0 0 0 0 li ul menu 12 0
Student O student 0 1 0 0 0 0 1 li ul menu 12 0

Sie O sie 0 1 0 0 0 0 1 li ul menu 12 0
sind O sind 0 0 0 0 0 0 0 li ul menu 12 0
Informatik O informatik 0 0 0 0 0 0 1 li ul menu 12 0
- O - 0 0 0 0 0 0 0 li ul menu 12 0
Student O student 0 1 0 0 0 0 1 li ul menu 12 0

Frauenförderung O frauenforderung 0 0 0 0 0 0 1 li ul menu 12 0

Service O service 0 1 0 0 0 0 1 li ul hasSub 12 0
- O - 0 0 0 0 0 0 0 li ul hasSub 12 0
Portale O portale 0 0 0 0 0 0 1 li ul hasSub 12 0

Agnes O agnes 0 1 0 0 0 0 1 li ul menu 14 0

E O e 0 1 0 0 0 0 1 li ul hasSub 14 0
- O - 0 0 0 0 0 0 0 li ul hasSub 14 0
Mails O mails 0 0 0 0 0 0 1 li ul hasSub 14 0
lesen O lesen 0 0 0 0 0 0 0 li ul hasSub 14 0

Für O fur 0 1 0 0 0 0 1 li ul menu 16 0
Studierende O studierende 0 0 0 0 0 0 1 li ul menu 16 0
und O und 0 1 0 0 0 0 0 li ul menu 16 0
Mitarbeiter O mitarbeiter 0 0 0 0 0 0 1 li ul menu 16 0

Zentraleinrichtungen O zentraleinrichtungen 0 0 0 0 0 0 1 li ul hasSub 14 0

Mensa O mensa 0 1 0 0 0 0 1 li ul menu 16 0
Adlershof O adlershof 0 0 0 0 0 0 1 li ul menu 16 0

Universitätsbibliothek O universitatsbibliothek 0 0 0 0 0 0 1 li ul menu 16 0

Computer O computer 0 0 0 0 0 0 1 li ul menu 16 0
- O - 0 0 0 0 0 0 0 li ul menu 16 0
und O und 0 1 0 0 0 0 0 li ul menu 16 0

Medienservice O medienservice 0 0 0 0 0 0 1 li ul menu 16 0

Sprachenzentrum O sprachenzentrum 0 0 0 0 0 0 1 li ul menu 16 0

Hochschulsport O hochschulsport 0 0 0 0 0 0 1 li ul menu 16 0

Für O fur 0 1 0 0 0 0 1 li ul firstLevel 10 0
Doktoranden O doktoranden 0 0 0 0 0 0 1 li ul firstLevel 10 0

Graduiertenkolleg O graduiertenkolleg 0 0 0 0 0 0 1 li ul menu 12 0
Metrik O metrik 0 1 0 0 0 0 1 li ul menu 12 0

Graduiertenkolleg O graduiertenkolleg 0 0 0 0 0 0 1 li ul menu 12 0
SOAMED O soamed 0 0 0 0 0 0 1 li ul menu 12 0

Promovieren O promovieren 0 0 0 0 0 0 1 li ul menu 12 0

Frauenförderung O frauenforderung 0 0 0 0 0 0 1 li ul menu 12 0

Forschung O forschung 0 0 0 0 0 0 1 li ul firstLevel 10 0

Lehr O lehr 0 1 0 0 0 0 1 li ul menu 12 0
- O - 0 0 0 0 0 0 0 li ul menu 12 0
und O und 0 1 0 0 0 0 0 li ul menu 12 0
Forschungsgebiete O forschungsgebiete 0 0 0 0 0 0 1 li ul menu 12 0

Schwerpunkte O schwerpunkte 0 0 0 0 0 0 1 li ul menu 12 0

Forschungsprojekte O forschungsprojekte 0 0 0 0 0 0 1 li ul menu 12 0

Kooperationspartner O kooperationspartner 0 0 0 0 0 0 1 li ul menu 12 0

Für O fur 0 1 0 0 0 0 1 li ul firstLevel 10 0
Mitarbeiter O mitarbeiter 0 0 0 0 0 0 1 li ul firstLevel 10 0

Organisation O organisation 0 0 0 0 0 0 1 li ul menu 12 0
des O des 0 1 0 0 0 0 0 li ul menu 12 0
Instituts O instituts 0 0 0 0 0 0 1 li ul menu 12 0
für O fur 0 0 0 0 0 0 0 li ul menu 12 0
Informatik O informatik 0 0 0 0 0 0 1 li ul menu 12 0

Offizielle O offizielle 0 0 0 0 0 0 1 li ul menu 12 0
Dokumente O dokumente 0 0 0 0 0 0 1 li ul menu 12 0

Mitarbeiter/innen O mitarbeiter/innen 0 0 0 0 0 0 1 li ul menu 12 0

Frauenförderung O frauenforderung 0 0 0 0 0 0 1 li ul menu 12 0

Zentraleinrichtungen O zentraleinrichtungen 0 0 0 0 0 0 1 li ul hasSub 12 0

Mensa O mensa 0 1 0 0 0 0 1 li ul menu 14 0
Adlershof O adlershof 0 0 0 0 0 0 1 li ul menu 14 0

Universitätsbibliothek O universitatsbibliothek 0 0 0 0 0 0 1 li ul menu 14 0

Hochschulsport O hochschulsport 0 0 0 0 0 0 1 li ul menu 14 0

Math. O math. 0 0 0 0 0 0 1 li ul menu 14 0
- O - 0 0 0 0 0 0 0 li ul menu 14 0
Nat. O nat. 0 0 0 0 0 0 1 li ul menu 14 0
Fakultät O fakultat 0 0 0 0 0 0 1 li ul menu 14 0
II O ii 0 1 0 0 0 0 1 li ul menu 14 0

Dekanat O dekanat 0 0 0 0 0 0 1 li ul menu 14 0
und O und 0 1 0 0 0 0 0 li ul menu 14 0
Fakultätsverwaltung O fakultatsverwaltung 0 0 0 0 0 0 1 li ul menu 14 0

Berufliche O berufliche 0 0 0 0 0 0 1 li ul menu 12 0
Weiterbildung O weiterbildung 0 0 0 0 0 0 1 li ul menu 12 0

E O e 0 1 0 0 0 0 1 li ul menu 12 0
- O - 0 0 0 0 0 0 0 li ul menu 12 0
Mails O mails 0 0 0 0 0 0 1 li ul menu 12 0
lesen O lesen 0 0 0 0 0 0 0 li ul menu 12 0

⇧ O ⇧ 0 0 0 0 0 0 0 div div smallscreen 6 0

Mathematisch O mathematisch 0 0 0 0 0 0 1 div div portletItem 12 0
- O - 0 0 0 0 0 0 0 div div portletItem 12 0
Naturwissenschaftliche O naturwissenschaftliche 0 0 0 0 0 0 1 div div portletItem 12 0
Fakultät O fakultat 0 0 0 0 0 0 1 div div portletItem 12 0

Institut O institut 0 0 0 0 0 0 1 div div portal-title-current 12 0
für O fur 0 0 0 0 0 0 0 div div portal-title-current 12 0
Informatik O informatik 0 0 0 0 0 0 1 div div portal-title-current 12 0

Mathematisch O mathematisch 0 0 0 0 0 0 1 div dd hidden-title 11 0
- O - 0 0 0 0 0 0 0 div dd hidden-title 11 0
Naturwissenschaftliche O naturwissenschaftliche 0 0 0 0 0 0 1 div dd hidden-title 11 0
Fakultät O fakultat 0 0 0 0 0 0 1 div dd hidden-title 11 0

Institut O institut 0 0 0 0 0 0 1 div div portal-title-current 12 0
für O fur 0 0 0 0 0 0 0 div div portal-title-current 12 0
Informatik O informatik 0 0 0 0 0 0 1 div div portal-title-current 12 0

Navigation O navigation 0 0 0 0 0 0 1 dt dl tile 10 1

Institut O institut 0 0 0 0 0 0 1 a li contenttype-folder 13 0

Institutsgebäude O institutsgebaude 0 0 0 0 0 0 1 a li contenttype-folder 15 0

Anfahrtsbeschreibung O anfahrtsbeschreibung 0 0 0 0 0 0 1 a li contenttype-folder 15 0

Organisation O organisation 0 0 0 0 0 0 1 a li contenttype-folder 15 0
des O des 0 1 0 0 0 0 0 a li contenttype-folder 15 0
Instituts O instituts 0 0 0 0 0 0 1 a li contenttype-folder 15 0
für O fur 0 0 0 0 0 0 0 a li contenttype-folder 15 0
Informatik O informatik 0 0 0 0 0 0 1 a li contenttype-folder 15 0

Institutsrat O institutsrat 0 0 0 0 0 0 1 a li contenttype-folder 15 0

Mitarbeiter/innen O mitarbeiter/innen 0 0 0 0 0 0 1 a li contenttype-huemployeefolder 15 0

Frauenförderung O frauenforderung 0 0 0 0 0 0 1 a li contenttype-folder 15 0

Fachschaftsinitiative O fachschaftsinitiative 0 0 0 0 0 0 1 a li contenttype-link 15 0

Rechnerbetriebsgruppe O rechnerbetriebsgruppe 0 0 0 0 0 0 1 a li contenttype-link 15 0

Offizielle O offizielle 0 0 0 0 0 0 1 a li contenttype-folder 15 0
Dokumente O dokumente 0 0 0 0 0 0 1 a li contenttype-folder 15 0

Persönliche O personliche 0 0 0 0 0 0 1 a li contenttype-link 15 0
Seiten O seiten 0 0 0 0 0 0 1 a li contenttype-link 15 0

Jahresberichte O jahresberichte 0 0 0 0 0 0 1 a li contenttype-link 13 0

Studium O studium 0 0 0 0 0 0 1 a li contenttype-folder 13 0

Forschung O forschung 0 0 0 0 0 0 1 a li contenttype-folder 13 0
und O und 0 1 0 0 0 0 0 a li contenttype-folder 13 0
Lehre O lehre 0 1 0 0 0 0 1 a li contenttype-folder 13 0

Unternehmensgründungen O unternehmensgrundungen 0 0 0 0 0 0 1 a li contenttype-folder 13 0

Verschiedenes O verschiedenes 0 0 0 0 0 0 1 a li contenttype-folder 13 0

Informationen O informationen 0 0 0 0 0 0 1 ul div hiddenStructure 8 0
für O fur 0 0 0 0 0 0 0 ul div hiddenStructure 8 0

Für O fur 0 1 0 0 0 0 1 li ul menu 9 0
Studierende O studierende 0 0 0 0 0 0 1 li ul menu 9 0

Sie O sie 0 1 0 0 0 0 1 li ul menu 11 0
möchten O mochten 0 0 0 0 0 0 0 li ul menu 11 0
Informatik O informatik 0 0 0 0 0 0 1 li ul menu 11 0
studieren O studieren 0 0 0 0 0 0 0 li ul menu 11 0

Sie O sie 0 1 0 0 0 0 1 li ul menu 11 0
sind O sind 0 0 0 0 0 0 0 li ul menu 11 0
Bachelor O bachelor 0 1 0 0 0 0 1 li ul menu 11 0
- O - 0 0 0 0 0 0 0 li ul menu 11 0
Student O student 0 1 0 0 0 0 1 li ul menu 11 0

Sie O sie 0 1 0 0 0 0 1 li ul menu 11 0
sind O sind 0 0 0 0 0 0 0 li ul menu 11 0
Informatik O informatik 0 0 0 0 0 0 1 li ul menu 11 0
- O - 0 0 0 0 0 0 0 li ul menu 11 0
Student O student 0 1 0 0 0 0 1 li ul menu 11 0

Frauenförderung O frauenforderung 0 0 0 0 0 0 1 li ul menu 11 0

Service O service 0 1 0 0 0 0 1 li ul hasSub 11 0
- O - 0 0 0 0 0 0 0 li ul hasSub 11 0
Portale O portale 0 0 0 0 0 0 1 li ul hasSub 11 0

Agnes O agnes 0 1 0 0 0 0 1 li ul menu 13 0

E O e 0 1 0 0 0 0 1 li ul hasSub 13 0
- O - 0 0 0 0 0 0 0 li ul hasSub 13 0
Mails O mails 0 0 0 0 0 0 1 li ul hasSub 13 0
lesen O lesen 0 0 0 0 0 0 0 li ul hasSub 13 0

Für O fur 0 1 0 0 0 0 1 li ul menu 15 0
Studierende O studierende 0 0 0 0 0 0 1 li ul menu 15 0
und O und 0 1 0 0 0 0 0 li ul menu 15 0
Mitarbeiter O mitarbeiter 0 0 0 0 0 0 1 li ul menu 15 0

Zentraleinrichtungen O zentraleinrichtungen 0 0 0 0 0 0 1 li ul hasSub 13 0

Mensa O mensa 0 1 0 0 0 0 1 li ul menu 15 0
Adlershof O adlershof 0 0 0 0 0 0 1 li ul menu 15 0

Universitätsbibliothek O universitatsbibliothek 0 0 0 0 0 0 1 li ul menu 15 0

Computer O computer 0 0 0 0 0 0 1 li ul menu 15 0
- O - 0 0 0 0 0 0 0 li ul menu 15 0
und O und 0 1 0 0 0 0 0 li ul menu 15 0

Medienservice O medienservice 0 0 0 0 0 0 1 li ul menu 15 0

Sprachenzentrum O sprachenzentrum 0 0 0 0 0 0 1 li ul menu 15 0

Hochschulsport O hochschulsport 0 0 0 0 0 0 1 li ul menu 15 0

Für O fur 0 1 0 0 0 0 1 li ul firstLevel 9 0
Doktoranden O doktoranden 0 0 0 0 0 0 1 li ul firstLevel 9 0

Graduiertenkolleg O graduiertenkolleg 0 0 0 0 0 0 1 li ul menu 11 0
Metrik O metrik 0 1 0 0 0 0 1 li ul menu 11 0

Graduiertenkolleg O graduiertenkolleg 0 0 0 0 0 0 1 li ul menu 11 0
SOAMED O soamed 0 0 0 0 0 0 1 li ul menu 11 0

Promovieren O promovieren 0 0 0 0 0 0 1 li ul menu 11 0

Frauenförderung O frauenforderung 0 0 0 0 0 0 1 li ul menu 11 0

Forschung O forschung 0 0 0 0 0 0 1 li ul firstLevel 9 0

Lehr O lehr 0 1 0 0 0 0 1 li ul menu 11 0
- O - 0 0 0 0 0 0 0 li ul menu 11 0
und O und 0 1 0 0 0 0 0 li ul menu 11 0
Forschungsgebiete O forschungsgebiete 0 0 0 0 0 0 1 li ul menu 11 0

Schwerpunkte O schwerpunkte 0 0 0 0 0 0 1 li ul menu 11 0

Forschungsprojekte O forschungsprojekte 0 0 0 0 0 0 1 li ul menu 11 0

Kooperationspartner O kooperationspartner 0 0 0 0 0 0 1 li ul menu 11 0

Für O fur 0 1 0 0 0 0 1 li ul firstLevel 9 0
Mitarbeiter O mitarbeiter 0 0 0 0 0 0 1 li ul firstLevel 9 0

Organisation O organisation 0 0 0 0 0 0 1 li ul menu 11 0
des O des 0 1 0 0 0 0 0 li ul menu 11 0
Instituts O instituts 0 0 0 0 0 0 1 li ul menu 11 0
für O fur 0 0 0 0 0 0 0 li ul menu 11 0
Informatik O informatik 0 0 0 0 0 0 1 li ul menu 11 0

Offizielle O offizielle 0 0 0 0 0 0 1 li ul menu 11 0
Dokumente O dokumente 0 0 0 0 0 0 1 li ul menu 11 0

Mitarbeiter/innen O mitarbeiter/innen 0 0 0 0 0 0 1 li ul menu 11 0

Frauenförderung O frauenforderung 0 0 0 0 0 0 1 li ul menu 11 0

Zentraleinrichtungen O zentraleinrichtungen 0 0 0 0 0 0 1 li ul hasSub 11 0

Mensa O mensa 0 1 0 0 0 0 1 li ul menu 13 0
Adlershof O adlershof 0 0 0 0 0 0 1 li ul menu 13 0

Universitätsbibliothek O universitatsbibliothek 0 0 0 0 0 0 1 li ul menu 13 0

Hochschulsport O hochschulsport 0 0 0 0 0 0 1 li ul menu 13 0

Math. O math. 0 0 0 0 0 0 1 li ul menu 13 0
- O - 0 0 0 0 0 0 0 li ul menu 13 0
Nat. O nat. 0 0 0 0 0 0 1 li ul menu 13 0
Fakultät O fakultat 0 0 0 0 0 0 1 li ul menu 13 0
II O ii 0 1 0 0 0 0 1 li ul menu 13 0

Dekanat O dekanat 0 0 0 0 0 0 1 li ul menu 13 0
und O und 0 1 0 0 0 0 0 li ul menu 13 0
Fakultätsverwaltung O fakultatsverwaltung 0 0 0 0 0 0 1 li ul menu 13 0

Berufliche O berufliche 0 0 0 0 0 0 1 li ul menu 11 0
Weiterbildung O weiterbildung 0 0 0 0 0 0 1 li ul menu 11 0

E O e 0 1 0 0 0 0 1 li ul menu 11 0
- O - 0 0 0 0 0 0 0 li ul menu 11 0
Mails O mails 0 0 0 0 0 0 1 li ul menu 11 0
lesen O lesen 0 0 0 0 0 0 0 li ul menu 11 0

search O search 0 0 0 0 0 0 0 ul div hiddenStructure 8 0
- O - 0 0 0 0 0 0 0 ul div hiddenStructure 8 0
menu O menu 0 0 0 0 0 0 0 ul div hiddenStructure 8 0

Impressum O impressum 0 0 0 0 0 0 1 li ul menu 9 0

Humboldt O humboldt 0 0 0 0 0 0 1 div div hiddenStructure 8 0
- O - 0 0 0 0 0 0 0 div div hiddenStructure 8 0
Universität O universitat 0 0 0 0 0 0 1 div div hiddenStructure 8 0
zu O zu 0 1 0 0 0 0 0 div div hiddenStructure 8 0
Berlin O berlin 0 1 0 0 0 0 1 div div hiddenStructure 8 0
- O - 0 0 0 0 0 0 0 div div hiddenStructure 8 0
Mathematisch O mathematisch 0 0 0 0 0 0 1 div div hiddenStructure 8 0
- O - 0 0 0 0 0 0 0 div div hiddenStructure 8 0
Naturwissenschaftliche O naturwissenschaftliche 0 0 0 0 0 0 1 div div hiddenStructure 8 0
Fakultät O fakultat 0 0 0 0 0 0 1 div div hiddenStructure 8 0
- O - 0 0 0 0 0 0 0 div div hiddenStructure 8 0
Institut O institut 0 0 0 0 0 0 1 div div hiddenStructure 8 0
für O fur 0 0 0 0 0 0 0 div div hiddenStructure 8 0
Informatik O informatik 0 0 0 0 0 0 1 div div hiddenStructure 8 0

Info O info 0 0 0 0 0 0 1 dl div info 8 0

Humboldt O humboldt 0 0 0 0 0 0 1 span div breadcrumb 10 0
- O - 0 0 0 0 0 0 0 span div breadcrumb 10 0
Universität O universitat 0 0 0 0 0 0 1 span div breadcrumb 10 0
zu O zu 0 1 0 0 0 0 0 span div breadcrumb 10 0
Berlin O berlin 0 1 0 0 0 0 1 span div breadcrumb 10 0
| O | 0 0 0 0 0 0 0 span div breadcrumbSeparator 10 1
Mathematisch O mathematisch 0 0 0 0 0 0 1 span div breadcrumb 10 0
- O - 0 0 0 0 0 0 0 span div breadcrumb 10 0
Naturwissenschaftliche O naturwissenschaftliche 0 0 0 0 0 0 1 span div breadcrumb 10 0
Fakultät O fakultat 0 0 0 0 0 0 1 span div breadcrumb 10 0
| O | 0 0 0 0 0 0 0 span div breadcrumbSeparator 10 1
Institut O institut 0 0 0 0 0 0 1 span div breadcrumb_home 10 0
für O fur 0 0 0 0 0 0 0 span div breadcrumb_home 10 0
Informatik O informatik 0 0 0 0 0 0 1 span div breadcrumb_home 10 0
| O | 0 0 0 0 0 0 0 span div breadcrumbSeparator 10 1
Institut O institut 0 0 0 0 0 0 1 span div breadcrumb 10 0
| O | 0 0 0 0 0 0 0 span div breadcrumbSeparator 10 1
Mitarbeiter/innen O mitarbeiter/innen 0 0 0 0 0 0 1 div div breadcrumb_current 9 12

Mitarbeiter/innen O mitarbeiter/innen 0 0 0 0 0 0 1 div div documentFirstHeading 8 14

A O a 0 1 0 0 0 0 1 li ul  12 0

B O b 0 1 0 0 0 0 1 li ul  12 0

C O c 0 1 0 0 0 0 1 li ul  12 0

D O d 0 1 0 0 0 0 1 li ul  12 0

E O e 0 1 0 0 0 0 1 li ul  12 0

F O f 0 0 0 0 0 0 1 li ul  12 0

G O g 0 1 0 0 0 0 1 li ul  12 0

H O h 0 1 0 0 0 0 1 li ul  12 0

I O i 0 1 0 0 0 0 1 li ul  12 0

J O j 0 1 0 0 0 0 1 li ul  12 0

K O k 0 1 0 0 0 0 1 li ul  12 0

L O l 0 1 0 0 0 0 1 li ul  12 0

M O m 0 1 0 0 0 0 1 li ul  12 0

N O n 0 1 0 0 0 0 1 li ul  12 0

O O o 0 1 0 0 0 0 1 li ul  12 0

P O p 0 1 0 0 0 0 1 li ul  12 0

R O r 0 1 0 0 0 0 1 li ul  12 0

S O s 0 1 0 0 0 0 1 li ul  12 0

T O t 0 1 0 0 0 0 1 li ul  12 0

V O v 0 1 0 0 0 0 1 li ul  12 0

W O w 0 1 0 0 0 0 1 li ul  12 0

Y O y 0 1 0 0 0 0 1 li ul  12 0

Z O z 0 1 0 0 0 0 1 li ul  12 0

A O a 0 1 0 0 0 0 1 dt dl view_headings 12 0
↑ O ↑ 0 0 0 0 0 0 0 span dt top 13 0

Adduci B-PER adduci 0 1 0 0 1 0 1 dd dl view_content 12 0
, I-PER , 0 0 0 0 0 0 0 dd dl view_content 12 0
Michele I-PER michele 0 1 0 0 0 0 1 dd dl view_content 12 0
, O , 0 0 0 0 0 0 0 dd dl view_content 12 0
M.Sc. O m.sc. 0 0 0 0 1 0 1 dd dl view_content 12 0

Ahrens B-PER ahrens 0 1 0 0 0 0 1 dd dl view_content 12 0
, I-PER , 0 0 0 0 0 0 0 dd dl view_content 12 0
Klaus I-PER klaus 0 1 0 0 0 0 1 dd dl view_content 12 0
, O , 0 0 0 0 0 0 0 dd dl view_content 12 0
Dr. O dr. 0 1 0 0 1 0 1 dd dl view_content 12 0
rer. O rer. 0 0 0 0 0 0 0 dd dl view_content 12 0
nat. O nat. 0 0 0 0 0 0 0 dd dl view_content 12 0

Amplianitis B-PER amplianitis 0 0 0 0 0 0 1 dd dl view_content 12 0
, I-PER , 0 0 0 0 0 0 0 dd dl view_content 12 0
Konstantinos I-PER konstantinos 0 1 0 0 0 0 1 dd dl view_content 12 0
, O , 0 0 0 0 0 0 0 dd dl view_content 12 0
M.Sc. O m.sc. 0 0 0 0 1 0 1 dd dl view_content 12 0

Appel B-PER appel 0 1 0 0 0 0 1 dd dl view_content 12 0
, I-PER , 0 0 0 0 0 0 0 dd dl view_content 12 0
Markus I-PER markus 0 1 0 0 0 0 1 dd dl view_content 12 0
, O , 0 0 0 0 0 0 0 dd dl view_content 12 0
Dipl. O dipl. 0 0 0 0 0 0 1 dd dl view_content 12 0
- O - 0 0 0 0 0 0 0 dd dl view_content 12 0
Inf. O inf. 0 0 0 0 0 0 1 dd dl view_content 12 0

B O b 0 1 0 0 0 0 1 dt dl view_headings 12 0
↑ O ↑ 0 0 0 0 0 0 0 span dt top 13 0

Bachmann B-PER bachmann 0 1 0 0 0 0 1 dd dl view_content 12 0
, I-PER , 0 0 0 0 0 0 0 dd dl view_content 12 0
Ferry I-PER ferry 0 1 0 0 0 0 1 dd dl view_content 12 0
, O , 0 0 0 0 0 0 0 dd dl view_content 12 0
Dipl. O dipl. 0 0 0 0 0 0 1 dd dl view_content 12 0
- O - 0 0 0 0 0 0 0 dd dl view_content 12 0
Inf. O inf. 0 0 0 0 0 0 1 dd dl view_content 12 0

Bachmann B-PER bachmann 0 1 0 0 0 0 1 dd dl view_content 12 0
, I-PER , 0 0 0 0 0 0 0 dd dl view_content 12 0
Jörg I-PER jorg 0 1 0 0 0 0 1 dd dl view_content 12 0
, O , 0 0 0 0 0 0 0 dd dl view_content 12 0
Dipl. O dipl. 0 0 0 0 0 0 1 dd dl view_content 12 0
- O - 0 0 0 0 0 0 0 dd dl view_content 12 0
Inf. O inf. 0 0 0 0 0 0 1 dd dl view_content 12 0

Bah B-PER bah 0 1 0 0 0 0 1 dd dl view_content 12 0
, I-PER , 0 0 0 0 0 0 0 dd dl view_content 12 0
Nadja I-PER nadja 0 1 0 0 0 0 1 dd dl view_content 12 0

Bärwolff B-PER barwolff 0 1 0 0 0 0 1 dd dl view_content 12 0
, I-PER , 0 0 0 0 0 0 0 dd dl view_content 12 0
Gabriele I-PER gabriele 0 1 0 0 0 0 1 dd dl view_content 12 0
, O , 0 0 0 0 0 0 0 dd dl view_content 12 0
Dipl. O dipl. 0 0 0 0 0 0 1 dd dl view_content 12 0
- O - 0 0 0 0 0 0 0 dd dl view_content 12 0
Ing. O ing. 0 1 0 0 0 0 1 dd dl view_content 12 0

Becker B-PER becker 0 1 0 0 0 0 1 dd dl view_content 12 0
, I-PER , 0 0 0 0 0 0 0 dd dl view_content 12 0
Sabine I-PER sabine 0 1 0 0 0 0 1 dd dl view_content 12 0

Bell B-PER bell 0 1 0 0 0 0 1 dd dl view_content 12 0
, I-PER , 0 0 0 0 0 0 0 dd dl view_content 12 0
Jan I-PER jan 0 1 0 0 0 0 1 dd dl view_content 12 0
- I-PER - 0 0 0 0 0 0 0 dd dl view_content 12 0
Peter I-PER peter 0 1 0 0 0 0 1 dd dl view_content 12 0
, O , 0 0 0 0 0 0 0 dd dl view_content 12 0
Dr. O dr. 0 1 0 0 1 0 1 dd dl view_content 12 0
rer. O rer. 0 0 0 0 0 0 0 dd dl view_content 12 0
nat. O nat. 0 0 0 0 0 0 0 dd dl view_content 12 0

Berkholz B-PER berkholz 0 1 0 0 0 0 1 dd dl view_content 12 0
, I-PER , 0 0 0 0 0 0 0 dd dl view_content 12 0
Christoph I-PER christoph 0 1 0 0 0 0 1 dd dl view_content 12 0
, O , 0 0 0 0 0 0 0 dd dl view_content 12 0
Dr. O dr. 0 1 0 0 1 0 1 dd dl view_content 12 0

Berthold O berthold 0 1 0 0 0 0 1 dd dl view_content 12 0
, O , 0 0 0 0 0 0 0 dd dl view_content 12 0
Oswald O oswald 0 1 0 0 0 0 1 dd dl view_content 12 0
, O , 0 0 0 0 0 0 0 dd dl view_content 12 0
Dipl. O dipl. 0 0 0 0 0 0 1 dd dl view_content 12 0
- O - 0 0 0 0 0 0 0 dd dl view_content 12 0
Inf. O inf. 0 0 0 0 0 0 1 dd dl view_content 12 0

Besik B-PER besik 0 1 0 0 0 0 1 dd dl view_content 12 0
, I-PER , 0 0 0 0 0 0 0 dd dl view_content 12 0
Salitka I-PER salitka 0 0 0 0 0 0 1 dd dl view_content 12 0
Irem I-PER irem 0 1 0 0 0 0 1 dd dl view_content 12 0
, O , 0 0 0 0 0 0 0 dd dl view_content 12 0
M.Sc. O m.sc. 0 0 0 0 1 0 1 dd dl view_content 12 0

Blum B-PER blum 0 1 0 0 0 0 1 dd dl view_content 12 0
, I-PER , 0 0 0 0 0 0 0 dd dl view_content 12 0
Christian I-PER christian 0 1 0 0 0 0 1 dd dl view_content 12 0
, O , 0 0 0 0 0 0 0 dd dl view_content 12 0
Dipl. O dipl. 0 0 0 0 0 0 1 dd dl view_content 12 0
- O - 0 0 0 0 0 0 0 dd dl view_content 12 0
Phys. O phys. 0 0 0 0 0 0 1 dd dl view_content 12 0

Blunk O blunk 0 1 0 0 0 0 1 dd dl view_content 12 0
, O , 0 0 0 0 0 0 0 dd dl view_content 12 0
Andreas O andreas 0 1 0 0 1 0 1 dd dl view_content 12 0
, O , 0 0 0 0 0 0 0 dd dl view_content 12 0
Dipl. O dipl. 0 0 0 0 0 0 1 dd dl view_content 12 0
- O - 0 0 0 0 0 0 0 dd dl view_content 12 0
Inf. O inf. 0 0 0 0 0 0 1 dd dl view_content 12 0

Bodas B-PER bodas 0 1 0 0 0 0 1 dd dl view_content 12 0
, I-PER , 0 0 0 0 0 0 0 dd dl view_content 12 0
Sourabh I-PER sourabh 0 1 0 0 0 0 1 dd dl view_content 12 0
, O , 0 0 0 0 0 0 0 dd dl view_content 12 0
M.Sc. O m.sc. 0 0 0 0 1 0 1 dd dl view_content 12 0

Bodiroza B-PER bodiroza 0 1 0 0 0 0 1 dd dl view_content 12 0
, I-PER , 0 0 0 0 0 0 0 dd dl view_content 12 0
Sasa I-PER sasa 0 1 0 0 0 0 1 dd dl view_content 12 0
, O , 0 0 0 0 0 0 0 dd dl view_content 12 0
M.Sc. O m.sc. 0 0 0 0 1 0 1 dd dl view_content 12 0

Bothe B-PER bothe 0 1 0 0 0 0 1 dd dl view_content 12 0
, I-PER , 0 0 0 0 0 0 0 dd dl view_content 12 0
Klaus I-PER klaus 0 1 0 0 0 0 1 dd dl view_content 12 0
, O , 0 0 0 0 0 0 0 dd dl view_content 12 0
Prof. O prof. 0 1 0 0 1 0 1 dd dl view_content 12 0
Dr. O dr. 0 1 0 0 1 0 1 dd dl view_content 12 0
sc. O sc. 0 0 0 0 0 0 0 dd dl view_content 12 0
nat. O nat. 0 0 0 0 0 0 0 dd dl view_content 12 0

Brack B-PER brack 0 1 0 0 0 0 1 dd dl view_content 12 0
, I-PER , 0 0 0 0 0 0 0 dd dl view_content 12 0
Samuel I-PER samuel 0 1 0 0 0 0 1 dd dl view_content 12 0
, O , 0 0 0 0 0 0 0 dd dl view_content 12 0
M.Sc. O m.sc. 0 0 0 0 1 0 1 dd dl view_content 12 0

Brandt B-PER brandt 0 1 0 0 0 0 1 dd dl view_content 12 0
, I-PER , 0 0 0 0 0 0 0 dd dl view_content 12 0
Jörgen I-PER jorgen 0 1 0 0 0 0 1 dd dl view_content 12 0
, O , 0 0 0 0 0 0 0 dd dl view_content 12 0
M. O m. 0 1 0 0 0 0 1 dd dl view_content 12 0
Sc. O sc. 0 1 0 0 0 0 1 dd dl view_content 12 0

Brückner O bruckner 0 1 0 0 0 0 1 dd dl view_content 12 0
, O , 0 0 0 0 0 0 0 dd dl view_content 12 0
Martin O martin 0 1 0 0 0 0 1 dd dl view_content 12 0
, O , 0 0 0 0 0 0 0 dd dl view_content 12 0
Dipl. O dipl. 0 0 0 0 0 0 1 dd dl view_content 12 0
- O - 0 0 0 0 0 0 0 dd dl view_content 12 0
Inf. O inf. 0 0 0 0 0 0 1 dd dl view_content 12 0

Buhrig B-PER buhrig 0 1 0 0 0 0 1 dd dl view_content 12 0
, I-PER , 0 0 0 0 0 0 0 dd dl view_content 12 0
Daniel I-PER daniel 0 1 0 0 0 0 1 dd dl view_content 12 0

Burkhard B-PER burkhard 0 1 0 0 0 0 1 dd dl view_content 12 0
, I-PER , 0 0 0 0 0 0 0 dd dl view_content 12 0
Hans I-PER hans 0 1 0 0 0 0 1 dd dl view_content 12 0
- I-PER - 0 0 0 0 0 0 0 dd dl view_content 12 0
Dieter I-PER dieter 0 1 0 0 0 0 1 dd dl view_content 12 0
, O , 0 0 0 0 0 0 0 dd dl view_content 12 0
Prof. O prof. 0 1 0 0 1 0 1 dd dl view_content 12 0
i. O i. 0 0 0 0 0 0 0 dd dl view_content 12 0
R. O r. 0 1 0 0 0 0 1 dd dl view_content 12 0
Dr. O dr. 0 1 0 0 1 0 1 dd dl view_content 12 0
sc. O sc. 0 0 0 0 0 0 0 dd dl view_content 12 0
nat. O nat. 0 0 0 0 0 0 0 dd dl view_content 12 0

Bux O bux 0 1 0 0 0 0 1 dd dl view_content 12 0
, O , 0 0 0 0 0 0 0 dd dl view_content 12 0
Marc O marc 0 1 0 0 0 0 1 dd dl view_content 12 0
Nicolas O nicolas 0 1 0 0 0 0 1 dd dl view_content 12 0
, O , 0 0 0 0 0 0 0 dd dl view_content 12 0
Dipl. O dipl. 0 0 0 0 0 0 1 dd dl view_content 12 0
- O - 0 0 0 0 0 0 0 dd dl view_content 12 0
Inf. O inf. 0 0 0 0 0 0 1 dd dl view_content 12 0

C O c 0 1 0 0 0 0 1 dt dl view_headings 12 0
↑ O ↑ 0 0 0 0 0 0 0 span dt top 13 0

Cadonna B-PER cadonna 0 1 0 0 0 0 1 dd dl view_content 12 0
, I-PER , 0 0 0 0 0 0 0 dd dl view_content 12 0
Bruno I-PER bruno 0 1 0 0 0 0 1 dd dl view_content 12 0
, O , 0 0 0 0 0 0 0 dd dl view_content 12 0
Ph.D. O ph.d. 0 0 0 0 1 0 1 dd dl view_content 12 0

Cagara B-PER cagara 0 1 0 0 0 0 1 dd dl view_content 12 0
, I-PER , 0 0 0 0 0 0 0 dd dl view_content 12 0
Daniel I-PER daniel 0 1 0 0 0 0 1 dd dl view_content 12 0
, O , 0 0 0 0 0 0 0 dd dl view_content 12 0
M.SC. O m.sc. 0 0 0 0 1 0 1 dd dl view_content 12 0

Coy B-PER coy 0 1 0 0 0 0 1 dd dl view_content 12 0
, I-PER , 0 0 0 0 0 0 0 dd dl view_content 12 0
Wolfgang I-PER wolfgang 0 1 0 0 0 0 1 dd dl view_content 12 0
, O , 0 0 0 0 0 0 0 dd dl view_content 12 0
Prof. O prof. 0 1 0 0 1 0 1 dd dl view_content 12 0
i. O i. 0 0 0 0 0 0 0 dd dl view_content 12 0
R. O r. 0 1 0 0 0 0 1 dd dl view_content 12 0
Dr. O dr. 0 1 0 0 1 0 1 dd dl view_content 12 0
rer. O rer. 0 0 0 0 0 0 0 dd dl view_content 12 0
nat. O nat. 0 0 0 0 0 0 0 dd dl view_content 12 0

Cvetkovski B-PER cvetkovski 0 1 0 0 0 0 1 dd dl view_content 12 0
, I-PER , 0 0 0 0 0 0 0 dd dl view_content 12 0
Darko I-PER darko 0 1 0 0 0 0 1 dd dl view_content 12 0
, O , 0 0 0 0 0 0 0 dd dl view_content 12 0
M.Sc. O m.sc. 0 0 0 0 1 0 1 dd dl view_content 12 0

D O d 0 1 0 0 0 0 1 dt dl view_headings 12 0
↑ O ↑ 0 0 0 0 0 0 0 span dt top 13 0

Dietzel B-PER dietzel 0 1 0 0 0 0 1 dd dl view_content 12 0
, I-PER , 0 0 0 0 0 0 0 dd dl view_content 12 0
Stefan I-PER stefan 0 1 0 0 0 0 1 dd dl view_content 12 0
, O , 0 0 0 0 0 0 0 dd dl view_content 12 0
Dr. O dr. 0 1 0 0 1 0 1 dd dl view_content 12 0

Domanska B-PER domanska 0 1 0 0 0 0 1 dd dl view_content 12 0
, I-PER , 0 0 0 0 0 0 0 dd dl view_content 12 0
Monika I-PER monika 1 1 0 0 0 0 1 dd dl view_content 12 0
, O , 0 0 0 0 0 0 0 dd dl view_content 12 0
Dipl. O dipl. 0 0 0 0 0 0 1 dd dl view_content 12 0

E O e 0 1 0 0 0 0 1 dt dl view_headings 12 0
↑ O ↑ 0 0 0 0 0 0 0 span dt top 13 0

Eisert B-PER eisert 0 1 0 0 0 0 1 dd dl view_content 12 0
, I-PER , 0 0 0 0 0 0 0 dd dl view_content 12 0
Peter I-PER peter 0 1 0 0 0 0 1 dd dl view_content 12 0
, O , 0 0 0 0 0 0 0 dd dl view_content 12 0
Prof. O prof. 0 1 0 0 1 0 1 dd dl view_content 12 0
Dr. O dr. 0 1 0 0 1 0 1 dd dl view_content 12 0
- O - 0 0 0 0 0 0 0 dd dl view_content 12 0
Ing. O ing. 0 1 0 0 0 0 1 dd dl view_content 12 0

F O f 0 0 0 0 0 0 1 dt dl view_headings 12 0
↑ O ↑ 0 0 0 0 0 0 0 span dt top 13 0

Fier O fier 0 1 0 0 0 0 1 dd dl view_content 12 0
, O , 0 0 0 0 0 0 0 dd dl view_content 12 0
Fabian O fabian 0 1 0 0 0 0 1 dd dl view_content 12 0
, O , 0 0 0 0 0 0 0 dd dl view_content 12 0
Dipl. O dipl. 0 0 0 0 0 0 1 dd dl view_content 12 0
- O - 0 0 0 0 0 0 0 dd dl view_content 12 0
Inf. O inf. 0 0 0 0 0 0 1 dd dl view_content 12 0

Fischer B-PER fischer 0 1 0 0 0 0 1 dd dl view_content 12 0
, I-PER , 0 0 0 0 0 0 0 dd dl view_content 12 0
Joachim I-PER joachim 0 1 0 0 0 0 1 dd dl view_content 12 0
, O , 0 0 0 0 0 0 0 dd dl view_content 12 0
Prof. O prof. 0 1 0 0 1 0 1 dd dl view_content 12 0
Dr. O dr. 0 1 0 0 1 0 1 dd dl view_content 12 0
sc. O sc. 0 0 0 0 0 0 0 dd dl view_content 12 0
nat. O nat. 0 0 0 0 0 0 0 dd dl view_content 12 0

Freytag B-PER freytag 0 1 0 0 0 0 1 dd dl view_content 12 0
, I-PER , 0 0 0 0 0 0 0 dd dl view_content 12 0
Johann I-PER johann 0 1 0 0 0 0 1 dd dl view_content 12 0
- I-PER - 0 0 0 0 0 0 0 dd dl view_content 12 0
Christoph I-PER christoph 0 1 0 0 0 0 1 dd dl view_content 12 0
, O , 0 0 0 0 0 0 0 dd dl view_content 12 0
Prof. O prof. 0 1 0 0 1 0 1 dd dl view_content 12 0
, O , 0 0 0 0 0 0 0 dd dl view_content 12 0
Ph. O ph. 0 1 0 0 0 0 1 dd dl view_content 12 0
D. O d. 0 1 0 0 0 0 1 dd dl view_content 12 0

Frochaux O frochaux 0 1 0 0 0 0 1 dd dl view_content 12 0
, O , 0 0 0 0 0 0 0 dd dl view_content 12 0
André O andre 0 1 0 0 1 0 1 dd dl view_content 12 0
, O , 0 0 0 0 0 0 0 dd dl view_content 12 0
Dipl. O dipl. 0 0 0 0 0 0 1 dd dl view_content 12 0
- O - 0 0 0 0 0 0 0 dd dl view_content 12 0
Inf. O inf. 0 0 0 0 0 0 1 dd dl view_content 12 0

Fuhlbrück B-PER fuhlbruck 0 0 0 0 0 0 1 dd dl view_content 12 0
, I-PER , 0 0 0 0 0 0 0 dd dl view_content 12 0
Frank I-PER frank 1 1 0 0 0 0 1 dd dl view_content 12 0

G O g 0 1 0 0 0 0 1 dt dl view_headings 12 0
↑ O ↑ 0 0 0 0 0 0 0 span dt top 13 0

Gandré O gandre 0 0 0 0 0 0 1 dd dl view_content 12 0
, O , 0 0 0 0 0 0 0 dd dl view_content 12 0
Wolfgang O wolfgang 0 1 0 0 0 0 1 dd dl view_content 12 0
, O , 0 0 0 0 0 0 0 dd dl view_content 12 0
Dipl. O dipl. 0 0 0 0 0 0 1 dd dl view_content 12 0
- O - 0 0 0 0 0 0 0 dd dl view_content 12 0
Ing. O ing. 0 1 0 0 0 0 1 dd dl view_content 12 0

Gard B-PER gard 0 1 0 0 0 0 1 dd dl view_content 12 0
, I-PER , 0 0 0 0 0 0 0 dd dl view_content 12 0
Niklas I-PER niklas 0 1 0 0 0 0 1 dd dl view_content 12 0
, O , 0 0 0 0 0 0 0 dd dl view_content 12 0
M.Sc. O m.sc. 0 0 0 0 1 0 1 dd dl view_content 12 0

George B-PER george 0 1 0 0 0 0 1 dd dl view_content 12 0
, I-PER , 0 0 0 0 0 0 0 dd dl view_content 12 0
Lars I-PER lars 0 1 0 0 0 0 1 dd dl view_content 12 0
, O , 0 0 0 0 0 0 0 dd dl view_content 12 0
M.Sc. O m.sc. 0 0 0 0 1 0 1 dd dl view_content 12 0

Getir B-PER getir 0 1 0 0 0 0 1 dd dl view_content 12 0
, I-PER , 0 0 0 0 0 0 0 dd dl view_content 12 0
Sinem I-PER sinem 0 1 0 0 0 0 1 dd dl view_content 12 0
, O , 0 0 0 0 0 0 0 dd dl view_content 12 0
M.Sc. O m.sc. 0 0 0 0 1 0 1 dd dl view_content 12 0

Ghomi B-PER ghomi 0 1 0 0 0 0 1 dd dl view_content 12 0
, I-PER , 0 0 0 0 0 0 0 dd dl view_content 12 0
Mina I-PER mina 0 1 0 0 0 0 1 dd dl view_content 12 0
, O , 0 0 0 0 0 0 0 dd dl view_content 12 0
M.Ed. O m.ed. 0 0 0 0 0 0 1 dd dl view_content 12 0

Giessmann B-PER giessmann 0 1 0 0 0 0 1 dd dl view_content 12 0
, I-PER , 0 0 0 0 0 0 0 dd dl view_content 12 0
Ernst I-PER ernst 0 1 0 0 0 0 1 dd dl view_content 12 0
- I-PER - 0 0 0 0 0 0 0 dd dl view_content 12 0
Günter I-PER gunter 0 1 0 0 0 0 1 dd dl view_content 12 0
, O , 0 0 0 0 0 0 0 dd dl view_content 12 0
Prof. O prof. 0 1 0 0 1 0 1 dd dl view_content 12 0
Dr. O dr. 0 1 0 0 1 0 1 dd dl view_content 12 0
rer. O rer. 0 0 0 0 0 0 0 dd dl view_content 12 0
nat. O nat. 0 0 0 0 0 0 0 dd dl view_content 12 0

Golas B-PER golas 0 1 0 0 0 0 1 dd dl view_content 12 0
, I-PER , 0 0 0 0 0 0 0 dd dl view_content 12 0
Ulrike I-PER ulrike 0 1 0 0 0 0 1 dd dl view_content 12 0
, O , 0 0 0 0 0 0 0 dd dl view_content 12 0
Dr. O dr. 0 1 0 0 1 0 1 dd dl view_content 12 0

Graichen O graichen 0 1 0 0 0 0 1 dd dl view_content 12 0
, O , 0 0 0 0 0 0 0 dd dl view_content 12 0
Gabriele O gabriele 0 1 0 0 0 0 1 dd dl view_content 12 0
, O , 0 0 0 0 0 0 0 dd dl view_content 12 0
Dipl. O dipl. 0 0 0 0 0 0 1 dd dl view_content 12 0
- O - 0 0 0 0 0 0 0 dd dl view_content 12 0
Ing. O ing. 0 1 0 0 0 0 1 dd dl view_content 12 0

Graß B-PER gras 0 1 0 0 0 0 1 dd dl view_content 12 0
, I-PER , 0 0 0 0 0 0 0 dd dl view_content 12 0
Eckhard I-PER eckhard 0 1 0 0 0 0 1 dd dl view_content 12 0
, O , 0 0 0 0 0 0 0 dd dl view_content 12 0
Prof. O prof. 0 1 0 0 1 0 1 dd dl view_content 12 0
Dr. O dr. 0 1 0 0 1 0 1 dd dl view_content 12 0
- O - 0 0 0 0 0 0 0 dd dl view_content 12 0
Ing. O ing. 0 1 0 0 0 0 1 dd dl view_content 12 0

Groß B-PER gros 0 1 0 0 0 0 1 dd dl view_content 12 0
, I-PER , 0 0 0 0 0 0 0 dd dl view_content 12 0
Sebastian I-PER sebastian 0 1 0 0 0 0 1 dd dl view_content 12 0
, O , 0 0 0 0 0 0 0 dd dl view_content 12 0
Dipl. O dipl. 0 0 0 0 0 0 1 dd dl view_content 12 0
- O - 0 0 0 0 0 0 0 dd dl view_content 12 0
Wirt. O wirt. 0 0 0 0 0 0 1 dd dl view_content 12 0
- O - 0 0 0 0 0 0 0 dd dl view_content 12 0
Inf. O inf. 0 0 0 0 0 0 1 dd dl view_content 12 0

Grunske B-PER grunske 0 1 0 0 0 0 1 dd dl view_content 12 0
, I-PER , 0 0 0 0 0 0 0 dd dl view_content 12 0
Lars I-PER lars 0 1 0 0 0 0 1 dd dl view_content 12 0
, O , 0 0 0 0 0 0 0 dd dl view_content 12 0
Prof. O prof. 0 1 0 0 1 0 1 dd dl view_content 12 0
Dr. O dr. 0 1 0 0 1 0 1 dd dl view_content 12 0

Grußien O grusien 0 1 0 0 0 0 1 dd dl view_content 12 0
, O , 0 0 0 0 0 0 0 dd dl view_content 12 0
Berit O berit 0 1 0 0 0 0 1 dd dl view_content 12 0
, O , 0 0 0 0 0 0 0 dd dl view_content 12 0
Dipl. O dipl. 0 0 0 0 0 0 1 dd dl view_content 12 0
- O - 0 0 0 0 0 0 0 dd dl view_content 12 0
Inf. O inf. 0 0 0 0 0 0 1 dd dl view_content 12 0

Günther B-PER gunther 0 1 0 0 0 0 1 dd dl view_content 12 0
, I-PER , 0 0 0 0 0 0 0 dd dl view_content 12 0
Manfred I-PER manfred 0 1 0 0 0 0 1 dd dl view_content 12 0
, O , 0 0 0 0 0 0 0 dd dl view_content 12 0
Dr. O dr. 0 1 0 0 1 0 1 dd dl view_content 12 0
- O - 0 0 0 0 0 0 0 dd dl view_content 12 0
Ing. O ing. 0 1 0 0 0 0 1 dd dl view_content 12 0

Gusew B-PER gusew 0 1 0 0 0 0 1 dd dl view_content 12 0
, I-PER , 0 0 0 0 0 0 0 dd dl view_content 12 0
Wladislaw I-PER wladislaw 0 1 0 0 0 0 1 dd dl view_content 12 0
, O , 0 0 0 0 0 0 0 dd dl view_content 12 0
M.SC. O m.sc. 0 0 0 0 1 0 1 dd dl view_content 12 0

Gutsche B-PER gutsche 0 1 0 0 0 0 1 dd dl view_content 12 0
, I-PER , 0 0 0 0 0 0 0 dd dl view_content 12 0
Márta I-PER marta 0 1 0 0 0 0 1 dd dl view_content 12 0
, O , 0 0 0 0 0 0 0 dd dl view_content 12 0
Dr. O dr. 0 1 0 0 1 0 1 dd dl view_content 12 0
rer O rer 0 0 0 0 0 0 0 dd dl view_content 12 0
nat. O nat. 0 0 0 0 0 0 0 dd dl view_content 12 0

H O h 0 1 0 0 0 0 1 dt dl view_headings 12 0
↑ O ↑ 0 0 0 0 0 0 0 span dt top 13 0

Hafner B-PER hafner 0 1 0 0 0 0 1 dd dl view_content 12 0
, I-PER , 0 0 0 0 0 0 0 dd dl view_content 12 0
Verena I-PER verena 0 1 0 0 0 0 1 dd dl view_content 12 0
, O , 0 0 0 0 0 0 0 dd dl view_content 12 0
Prof. O prof. 0 1 0 0 1 0 1 dd dl view_content 12 0
Dr. O dr. 0 1 0 0 1 0 1 dd dl view_content 12 0
sc. O sc. 0 0 0 0 0 0 0 dd dl view_content 12 0
nat. O nat. 0 0 0 0 0 0 0 dd dl view_content 12 0

Hagen B-PER hagen 0 1 0 0 0 0 1 dd dl view_content 12 0
, I-PER , 0 0 0 0 0 0 0 dd dl view_content 12 0
Manfred I-PER manfred 0 1 0 0 0 0 1 dd dl view_content 12 0
, O , 0 0 0 0 0 0 0 dd dl view_content 12 0
Dipl. O dipl. 0 0 0 0 0 0 1 dd dl view_content 12 0
- O - 0 0 0 0 0 0 0 dd dl view_content 12 0
Math. O math. 0 0 0 0 0 0 1 dd dl view_content 12 0

Hager B-PER hager 0 1 0 0 0 0 1 dd dl view_content 12 0
, I-PER , 0 0 0 0 0 0 0 dd dl view_content 12 0
Sven I-PER sven 0 1 0 0 0 0 1 dd dl view_content 12 0
, O , 0 0 0 0 0 0 0 dd dl view_content 12 0
M.Sc. O m.sc. 0 0 0 0 1 0 1 dd dl view_content 12 0

Haldemann B-PER haldemann 0 1 0 0 0 0 1 dd dl view_content 12 0
, I-PER , 0 0 0 0 0 0 0 dd dl view_content 12 0
Berit I-PER berit 0 1 0 0 0 0 1 dd dl view_content 12 0
, O , 0 0 0 0 0 0 0 dd dl view_content 12 0
Dipl. O dipl. 0 0 0 0 0 0 1 dd dl view_content 12 0
- O - 0 0 0 0 0 0 0 dd dl view_content 12 0
Bioinf. O bioinf. 0 0 0 0 0 0 1 dd dl view_content 12 0

Heene B-PER heene 0 1 0 0 0 0 1 dd dl view_content 12 0
, I-PER , 0 0 0 0 0 0 0 dd dl view_content 12 0
Birgit I-PER birgit 0 1 0 0 0 0 1 dd dl view_content 12 0

Heese B-PER heese 0 1 0 0 0 0 1 dd dl view_content 12 0
, I-PER , 0 0 0 0 0 0 0 dd dl view_content 12 0
Lothar I-PER lothar 0 1 0 0 0 0 1 dd dl view_content 12 0

Heiden O heiden 0 1 0 0 0 0 1 dd dl view_content 12 0
, O , 0 0 0 0 0 0 0 dd dl view_content 12 0
Simon O simon 1 1 0 0 0 0 1 dd dl view_content 12 0
, O , 0 0 0 0 0 0 0 dd dl view_content 12 0
Dipl. O dipl. 0 0 0 0 0 0 1 dd dl view_content 12 0
- O - 0 0 0 0 0 0 0 dd dl view_content 12 0
Inf. O inf. 0 0 0 0 0 0 1 dd dl view_content 12 0

Heimberg O heimberg 0 1 0 0 0 0 1 dd dl view_content 12 0
, O , 0 0 0 0 0 0 0 dd dl view_content 12 0
Lucas O lucas 0 1 0 0 0 0 1 dd dl view_content 12 0
, O , 0 0 0 0 0 0 0 dd dl view_content 12 0
Dipl. O dipl. 0 0 0 0 0 0 1 dd dl view_content 12 0
- O - 0 0 0 0 0 0 0 dd dl view_content 12 0
Inf. O inf. 0 0 0 0 0 0 1 dd dl view_content 12 0

Hellwig O hellwig 0 1 0 0 0 0 1 dd dl view_content 12 0
, O , 0 0 0 0 0 0 0 dd dl view_content 12 0
Sebastian O sebastian 0 1 0 0 0 0 1 dd dl view_content 12 0
, O , 0 0 0 0 0 0 0 dd dl view_content 12 0
Dipl. O dipl. 0 0 0 0 0 0 1 dd dl view_content 12 0
- O - 0 0 0 0 0 0 0 dd dl view_content 12 0
Inf. O inf. 0 0 0 0 0 0 1 dd dl view_content 12 0

Henningsen B-PER henningsen 0 1 0 0 0 0 1 dd dl view_content 12 0
, I-PER , 0 0 0 0 0 0 0 dd dl view_content 12 0
Sebastian I-PER sebastian 0 1 0 0 0 0 1 dd dl view_content 12 0
, O , 0 0 0 0 0 0 0 dd dl view_content 12 0
M.Sc. O m.sc. 0 0 0 0 1 0 1 dd dl view_content 12 0

Henze B-PER henze 0 1 0 0 0 0 1 dd dl view_content 12 0
, I-PER , 0 0 0 0 0 0 0 dd dl view_content 12 0
Christine I-PER christine 1 1 0 0 0 0 1 dd dl view_content 12 0

Herold O herold 1 1 0 0 0 0 1 dd dl view_content 12 0
, O , 0 0 0 0 0 0 0 dd dl view_content 12 0
Norbert O norbert 0 1 0 0 0 0 1 dd dl view_content 12 0
, O , 0 0 0 0 0 0 0 dd dl view_content 12 0
Dipl. O dipl. 0 0 0 0 0 0 1 dd dl view_content 12 0
- O - 0 0 0 0 0 0 0 dd dl view_content 12 0
Ing. O ing. 0 1 0 0 0 0 1 dd dl view_content 12 0

Hilsmann O hilsmann 0 1 0 0 0 0 1 dd dl view_content 12 0
, O , 0 0 0 0 0 0 0 dd dl view_content 12 0
Anna O anna 0 1 0 0 0 0 1 dd dl view_content 12 0
, O , 0 0 0 0 0 0 0 dd dl view_content 12 0
Dipl. O dipl. 0 0 0 0 0 0 1 dd dl view_content 12 0
- O - 0 0 0 0 0 0 0 dd dl view_content 12 0
Ing. O ing. 0 1 0 0 0 0 1 dd dl view_content 12 0

Hochmuth B-PER hochmuth 0 1 0 0 0 0 1 dd dl view_content 12 0
, I-PER , 0 0 0 0 0 0 0 dd dl view_content 12 0
Olaf I-PER olaf 0 1 0 0 0 0 1 dd dl view_content 12 0
, O , 0 0 0 0 0 0 0 dd dl view_content 12 0
Dr. O dr. 0 1 0 0 1 0 1 dd dl view_content 12 0
- O - 0 0 0 0 0 0 0 dd dl view_content 12 0
Ing. O ing. 0 1 0 0 0 0 1 dd dl view_content 12 0

Hölzel B-PER holzel 0 1 0 0 0 0 1 dd dl view_content 12 0
, I-PER , 0 0 0 0 0 0 0 dd dl view_content 12 0
Julian I-PER julian 0 1 0 0 0 0 1 dd dl view_content 12 0

I O i 0 1 0 0 0 0 1 dt dl view_headings 12 0
↑ O ↑ 0 0 0 0 0 0 0 span dt top 13 0

Ibach O ibach 0 1 0 0 0 0 1 dd dl view_content 12 0
, O , 0 0 0 0 0 0 0 dd dl view_content 12 0
Peter O peter 0 1 0 0 0 0 1 dd dl view_content 12 0
, O , 0 0 0 0 0 0 0 dd dl view_content 12 0
Dipl. O dipl. 0 0 0 0 0 0 1 dd dl view_content 12 0
- O - 0 0 0 0 0 0 0 dd dl view_content 12 0
Inf. O inf. 0 0 0 0 0 0 1 dd dl view_content 12 0

J O j 0 1 0 0 0 0 1 dt dl view_headings 12 0
↑ O ↑ 0 0 0 0 0 0 0 span dt top 13 0

Jähnichen B-PER jahnichen 0 1 0 0 0 0 1 dd dl view_content 12 0
, I-PER , 0 0 0 0 0 0 0 dd dl view_content 12 0
Patrick I-PER patrick 0 1 0 0 0 0 1 dd dl view_content 12 0
, O , 0 0 0 0 0 0 0 dd dl view_content 12 0
Dr. O dr. 0 1 0 0 1 0 1 dd dl view_content 12 0

Janusz O janusz 0 1 0 0 0 0 1 dd dl view_content 12 0
, O , 0 0 0 0 0 0 0 dd dl view_content 12 0
Daniel O daniel 0 1 0 0 0 0 1 dd dl view_content 12 0
, O , 0 0 0 0 0 0 0 dd dl view_content 12 0
Dipl. O dipl. 0 0 0 0 0 0 1 dd dl view_content 12 0
- O - 0 0 0 0 0 0 0 dd dl view_content 12 0
Inf. O inf. 0 0 0 0 0 0 1 dd dl view_content 12 0

K O k 0 1 0 0 0 0 1 dt dl view_headings 12 0
↑ O ↑ 0 0 0 0 0 0 0 span dt top 13 0

Kämpfer O kampfer 0 1 0 0 0 0 1 dd dl view_content 12 0
, O , 0 0 0 0 0 0 0 dd dl view_content 12 0
Petra O petra 0 1 0 0 0 0 1 dd dl view_content 12 0
, O , 0 0 0 0 0 0 0 dd dl view_content 12 0
Dipl. O dipl. 0 0 0 0 0 0 1 dd dl view_content 12 0
- O - 0 0 0 0 0 0 0 dd dl view_content 12 0
Ing. O ing. 0 1 0 0 0 0 1 dd dl view_content 12 0

Kehrer B-PER kehrer 0 1 0 0 0 0 1 dd dl view_content 12 0
, I-PER , 0 0 0 0 0 0 0 dd dl view_content 12 0
Timo I-PER timo 0 1 0 0 0 0 1 dd dl view_content 12 0
, O , 0 0 0 0 0 0 0 dd dl view_content 12 0
Prof. O prof. 0 1 0 0 1 0 1 dd dl view_content 12 0
Dr. O dr. 0 1 0 0 1 0 1 dd dl view_content 12 0

Keppeler B-PER keppeler 0 1 0 0 0 0 1 dd dl view_content 12 0
, I-PER , 0 0 0 0 0 0 0 dd dl view_content 12 0
Jens I-PER jens 0 1 0 0 0 0 1 dd dl view_content 12 0
, O , 0 0 0 0 0 0 0 dd dl view_content 12 0
M.Sc. O m.sc. 0 0 0 0 1 0 1 dd dl view_content 12 0

Kewitz B-PER kewitz 0 1 0 0 0 0 1 dd dl view_content 12 0
, I-PER , 0 0 0 0 0 0 0 dd dl view_content 12 0
Marc I-PER marc 0 1 0 0 0 0 1 dd dl view_content 12 0
, O , 0 0 0 0 0 0 0 dd dl view_content 12 0
M.Sc. O m.sc. 0 0 0 0 1 0 1 dd dl view_content 12 0

Kittner B-PER kittner 0 1 0 0 0 0 1 dd dl view_content 12 0
, I-PER , 0 0 0 0 0 0 0 dd dl view_content 12 0
Madeleine I-PER madeleine 0 1 0 0 0 0 1 dd dl view_content 12 0
, O , 0 0 0 0 0 0 0 dd dl view_content 12 0
Dr. O dr. 0 1 0 0 1 0 1 dd dl view_content 12 0

Kloft B-PER kloft 0 1 0 0 0 0 1 dd dl view_content 12 0
, I-PER , 0 0 0 0 0 0 0 dd dl view_content 12 0
Marius I-PER marius 0 1 0 0 0 0 1 dd dl view_content 12 0
, O , 0 0 0 0 0 0 0 dd dl view_content 12 0
Prof. O prof. 0 1 0 0 1 0 1 dd dl view_content 12 0
Dr. O dr. 0 1 0 0 1 0 1 dd dl view_content 12 0

Köbler B-PER kobler 0 1 0 0 0 0 1 dd dl view_content 12 0
, I-PER , 0 0 0 0 0 0 0 dd dl view_content 12 0
Johannes I-PER johannes 0 1 0 0 0 0 1 dd dl view_content 12 0
, O , 0 0 0 0 0 0 0 dd dl view_content 12 0
Prof. O prof. 0 1 0 0 1 0 1 dd dl view_content 12 0
Dr. O dr. 0 1 0 0 1 0 1 dd dl view_content 12 0

Kössler B-PER kossler 0 1 0 0 0 0 1 dd dl view_content 12 0
, I-PER , 0 0 0 0 0 0 0 dd dl view_content 12 0
Wolfgang I-PER wolfgang 0 1 0 0 0 0 1 dd dl view_content 12 0
, O , 0 0 0 0 0 0 0 dd dl view_content 12 0
PD O pd 0 0 0 0 0 0 1 dd dl view_content 12 0
Dr. O dr. 0 1 0 0 1 0 1 dd dl view_content 12 0
rer. O rer. 0 0 0 0 0 0 0 dd dl view_content 12 0
nat. O nat. 0 0 0 0 0 0 0 dd dl view_content 12 0

Kratsch B-PER kratsch 0 1 0 0 0 0 1 dd dl view_content 12 0
, I-PER , 0 0 0 0 0 0 0 dd dl view_content 12 0
Stefan I-PER stefan 0 1 0 0 0 0 1 dd dl view_content 12 0
, O , 0 0 0 0 0 0 0 dd dl view_content 12 0
Prof. O prof. 0 1 0 0 1 0 1 dd dl view_content 12 0

Kröger O kroger 0 1 0 0 0 0 1 dd dl view_content 12 0
, O , 0 0 0 0 0 0 0 dd dl view_content 12 0
Stefan O stefan 0 1 0 0 0 0 1 dd dl view_content 12 0
, O , 0 0 0 0 0 0 0 dd dl view_content 12 0
Dipl. O dipl. 0 0 0 0 0 0 1 dd dl view_content 12 0
- O - 0 0 0 0 0 0 0 dd dl view_content 12 0
Inf. O inf. 0 0 0 0 0 0 1 dd dl view_content 12 0

Kuhnert B-PER kuhnert 0 1 0 0 0 0 1 dd dl view_content 12 0
, I-PER , 0 0 0 0 0 0 0 dd dl view_content 12 0
Sebastian I-PER sebastian 0 1 0 0 0 0 1 dd dl view_content 12 0
, O , 0 0 0 0 0 0 0 dd dl view_content 12 0
Dr. O dr. 0 1 0 0 1 0 1 dd dl view_content 12 0

Künzel B-PER kunzel 0 1 0 0 0 0 1 dd dl view_content 12 0
, I-PER , 0 0 0 0 0 0 0 dd dl view_content 12 0
Johannes I-PER johannes 0 1 0 0 0 0 1 dd dl view_content 12 0
, O , 0 0 0 0 0 0 0 dd dl view_content 12 0
M.Sc. O m.sc. 0 0 0 0 1 0 1 dd dl view_content 12 0

Kupper B-PER kupper 0 1 0 0 0 0 1 dd dl view_content 12 0
, I-PER , 0 0 0 0 0 0 0 dd dl view_content 12 0
Bettina I-PER bettina 0 1 0 0 0 0 1 dd dl view_content 12 0
, O , 0 0 0 0 0 0 0 dd dl view_content 12 0
Dipl. O dipl. 0 0 0 0 0 0 1 dd dl view_content 12 0
- O - 0 0 0 0 0 0 0 dd dl view_content 12 0
Phys. O phys. 0 0 0 0 0 0 1 dd dl view_content 12 0

Kurth O kurth 0 1 0 0 0 0 1 dd dl view_content 12 0
, O , 0 0 0 0 0 0 0 dd dl view_content 12 0
Mathias O mathias 0 1 0 0 0 0 1 dd dl view_content 12 0
, O , 0 0 0 0 0 0 0 dd dl view_content 12 0
Dipl. O dipl. 0 0 0 0 0 0 1 dd dl view_content 12 0
- O - 0 0 0 0 0 0 0 dd dl view_content 12 0
Inf. O inf. 0 0 0 0 0 0 1 dd dl view_content 12 0

L O l 0 1 0 0 0 0 1 dt dl view_headings 12 0
↑ O ↑ 0 0 0 0 0 0 0 span dt top 13 0

Lara B-PER lara 0 1 0 0 0 0 1 dd dl view_content 12 0
Neves I-PER neves 0 1 0 0 0 0 1 dd dl view_content 12 0
, I-PER , 0 0 0 0 0 0 0 dd dl view_content 12 0
Mariana I-PER mariana 0 1 0 0 0 0 1 dd dl view_content 12 0
, O , 0 0 0 0 0 0 0 dd dl view_content 12 0
M. O m. 0 1 0 0 0 0 1 dd dl view_content 12 0
Sc. O sc. 0 1 0 0 0 0 1 dd dl view_content 12 0

Le B-PER le 0 1 0 0 0 0 1 dd dl view_content 12 0
, I-PER , 0 0 0 0 0 0 0 dd dl view_content 12 0
Nguyen I-PER nguyen 0 1 0 0 0 0 1 dd dl view_content 12 0
- I-PER - 0 0 0 0 0 0 0 dd dl view_content 12 0
Thinh I-PER thinh 0 1 0 0 0 0 1 dd dl view_content 12 0
, O , 0 0 0 0 0 0 0 dd dl view_content 12 0
Dr. O dr. 0 1 0 0 1 0 1 dd dl view_content 12 0

Leser B-PER leser 0 1 0 0 0 0 1 dd dl view_content 12 0
, I-PER , 0 0 0 0 0 0 0 dd dl view_content 12 0
Ulf I-PER ulf 0 1 0 0 0 0 1 dd dl view_content 12 0
, O , 0 0 0 0 0 0 0 dd dl view_content 12 0
Prof. O prof. 0 1 0 0 1 0 1 dd dl view_content 12 0
Dr. O dr. 0 1 0 0 1 0 1 dd dl view_content 12 0

Lichtblau O lichtblau 0 1 0 0 0 0 1 dd dl view_content 12 0
, O , 0 0 0 0 0 0 0 dd dl view_content 12 0
Björn O bjorn 0 1 0 0 0 0 1 dd dl view_content 12 0
, O , 0 0 0 0 0 0 0 dd dl view_content 12 0
Dipl. O dipl. 0 0 0 0 0 0 1 dd dl view_content 12 0
- O - 0 0 0 0 0 0 0 dd dl view_content 12 0
Inf. O inf. 0 0 0 0 0 0 1 dd dl view_content 12 0

Lichtblau B-PER lichtblau 0 1 0 0 0 0 1 dd dl view_content 12 0
, I-PER , 0 0 0 0 0 0 0 dd dl view_content 12 0
Yvonne I-PER yvonne 0 1 0 0 0 0 1 dd dl view_content 12 0
, O , 0 0 0 0 0 0 0 dd dl view_content 12 0
M. O m. 0 1 0 0 0 0 1 dd dl view_content 12 0
Sc. O sc. 0 1 0 0 0 0 1 dd dl view_content 12 0

Lingnau B-PER lingnau 0 1 0 0 0 0 1 dd dl view_content 12 0
, I-PER , 0 0 0 0 0 0 0 dd dl view_content 12 0
Andreas I-PER andreas 0 1 0 0 1 0 1 dd dl view_content 12 0
, O , 0 0 0 0 0 0 0 dd dl view_content 12 0
Dr. O dr. 0 1 0 0 1 0 1 dd dl view_content 12 0

M O m 0 1 0 0 0 0 1 dt dl view_headings 12 0
↑ O ↑ 0 0 0 0 0 0 0 span dt top 13 0

Malek B-PER malek 0 1 0 0 0 0 1 dd dl view_content 12 0
, I-PER , 0 0 0 0 0 0 0 dd dl view_content 12 0
Miroslaw I-PER miroslaw 0 1 0 0 0 0 1 dd dl view_content 12 0
, O , 0 0 0 0 0 0 0 dd dl view_content 12 0
Prof. O prof. 0 1 0 0 1 0 1 dd dl view_content 12 0
i. O i. 0 0 0 0 0 0 0 dd dl view_content 12 0
R. O r. 0 1 0 0 0 0 1 dd dl view_content 12 0
Dr. O dr. 0 1 0 0 1 0 1 dd dl view_content 12 0
- O - 0 0 0 0 0 0 0 dd dl view_content 12 0
Ing. O ing. 0 1 0 0 0 0 1 dd dl view_content 12 0

Marc B-PER marc 0 1 0 0 0 0 1 dd dl view_content 12 0
, I-PER , 0 0 0 0 0 0 0 dd dl view_content 12 0
Kewitz I-PER kewitz 0 1 0 0 0 0 1 dd dl view_content 12 0
, O , 0 0 0 0 0 0 0 dd dl view_content 12 0
M.Sc. O m.sc. 0 0 0 0 1 0 1 dd dl view_content 12 0

Meffert B-PER meffert 0 1 0 0 0 0 1 dd dl view_content 12 0
, I-PER , 0 0 0 0 0 0 0 dd dl view_content 12 0
Beate I-PER beate 0 1 0 0 0 0 1 dd dl view_content 12 0
, O , 0 0 0 0 0 0 0 dd dl view_content 12 0
Prof. O prof. 0 1 0 0 1 0 1 dd dl view_content 12 0
i. O i. 0 0 0 0 0 0 0 dd dl view_content 12 0
R. O r. 0 1 0 0 0 0 1 dd dl view_content 12 0
Dr. O dr. 0 1 0 0 1 0 1 dd dl view_content 12 0
- O - 0 0 0 0 0 0 0 dd dl view_content 12 0
Ing. O ing. 0 1 0 0 0 0 1 dd dl view_content 12 0

Mellmann O mellmann 0 1 0 0 0 0 1 dd dl view_content 12 0
, O , 0 0 0 0 0 0 0 dd dl view_content 12 0
Heinrich O heinrich 0 1 0 0 0 0 1 dd dl view_content 12 0
, O , 0 0 0 0 0 0 0 dd dl view_content 12 0
Dipl. O dipl. 0 0 0 0 0 0 1 dd dl view_content 12 0
- O - 0 0 0 0 0 0 0 dd dl view_content 12 0
Inf. O inf. 0 0 0 0 0 0 1 dd dl view_content 12 0

Milic B-PER milic 0 1 0 0 0 0 1 dd dl view_content 12 0
, I-PER , 0 0 0 0 0 0 0 dd dl view_content 12 0
Bratislav I-PER bratislav 0 1 0 0 0 0 1 dd dl view_content 12 0
, O , 0 0 0 0 0 0 0 dd dl view_content 12 0
Dr. O dr. 0 1 0 0 1 0 1 dd dl view_content 12 0
- O - 0 0 0 0 0 0 0 dd dl view_content 12 0
Ing. O ing. 0 1 0 0 0 0 1 dd dl view_content 12 0

Morgenstern B-PER morgenstern 0 1 0 0 0 0 1 dd dl view_content 12 0
, I-PER , 0 0 0 0 0 0 0 dd dl view_content 12 0
Thomas I-PER thomas 0 1 0 0 0 0 1 dd dl view_content 12 0
, O , 0 0 0 0 0 0 0 dd dl view_content 12 0
Dr. O dr. 0 1 0 0 1 0 1 dd dl view_content 12 0
- O - 0 0 0 0 0 0 0 dd dl view_content 12 0
Ing. O ing. 0 1 0 0 0 0 1 dd dl view_content 12 0

Müller B-PER muller 0 1 0 0 0 0 1 dd dl view_content 12 0
, I-PER , 0 0 0 0 0 0 0 dd dl view_content 12 0
Wolf I-PER wolf 0 1 0 0 0 0 1 dd dl view_content 12 0
, O , 0 0 0 0 0 0 0 dd dl view_content 12 0
Dr. O dr. 0 1 0 0 1 0 1 dd dl view_content 12 0
rer. O rer. 0 0 0 0 0 0 0 dd dl view_content 12 0
nat. O nat. 0 0 0 0 0 0 0 dd dl view_content 12 0

Müller O muller 0 1 0 0 0 0 1 dd dl view_content 12 0
, O , 0 0 0 0 0 0 0 dd dl view_content 12 0
Richard O richard 1 1 0 0 0 0 1 dd dl view_content 12 0
, O , 0 0 0 0 0 0 0 dd dl view_content 12 0
Dipl. O dipl. 0 0 0 0 0 0 1 dd dl view_content 12 0
- O - 0 0 0 0 0 0 0 dd dl view_content 12 0
Inf. O inf. 0 0 0 0 0 0 1 dd dl view_content 12 0

N O n 0 1 0 0 0 0 1 dt dl view_headings 12 0
↑ O ↑ 0 0 0 0 0 0 0 span dt top 13 0

Naumann B-PER naumann 0 1 0 0 0 0 1 dd dl view_content 12 0
, I-PER , 0 0 0 0 0 0 0 dd dl view_content 12 0
Roman I-PER roman 0 1 0 0 0 0 1 dd dl view_content 12 0
, O , 0 0 0 0 0 0 0 dd dl view_content 12 0
M.Sc. O m.sc. 0 0 0 0 1 0 1 dd dl view_content 12 0

Noller B-PER noller 0 1 0 0 0 0 1 dd dl view_content 12 0
, I-PER , 0 0 0 0 0 0 0 dd dl view_content 12 0
Yannic I-PER yannic 0 1 0 0 0 0 1 dd dl view_content 12 0
, O , 0 0 0 0 0 0 0 dd dl view_content 12 0
M.Sc. O m.sc. 0 0 0 0 1 0 1 dd dl view_content 12 0

O O o 0 1 0 0 0 0 1 dt dl view_headings 12 0
↑ O ↑ 0 0 0 0 0 0 0 span dt top 13 0

Oelschlägel B-PER oelschlagel 0 1 0 0 0 0 1 dd dl view_content 12 0
, I-PER , 0 0 0 0 0 0 0 dd dl view_content 12 0
Ralf I-PER ralf 0 1 0 0 0 0 1 dd dl view_content 12 0
, O , 0 0 0 0 0 0 0 dd dl view_content 12 0
Dipl. O dipl. 0 0 0 0 0 0 1 dd dl view_content 12 0
- O - 0 0 0 0 0 0 0 dd dl view_content 12 0
Math. O math. 0 0 0 0 0 0 1 dd dl view_content 12 0

Otto B-PER otto 0 1 0 0 0 0 1 dd dl view_content 12 0
, I-PER , 0 0 0 0 0 0 0 dd dl view_content 12 0
Raik I-PER raik 0 1 0 0 0 0 1 dd dl view_content 12 0
, O , 0 0 0 0 0 0 0 dd dl view_content 12 0
M.Sc. O m.sc. 0 0 0 0 1 0 1 dd dl view_content 12 0

P O p 0 1 0 0 0 0 1 dt dl view_headings 12 0
↑ O ↑ 0 0 0 0 0 0 0 span dt top 13 0

Paier B-PER paier 0 1 0 0 0 0 1 dd dl view_content 12 0
, I-PER , 0 0 0 0 0 0 0 dd dl view_content 12 0
Wolfgang I-PER wolfgang 0 1 0 0 0 0 1 dd dl view_content 12 0
, O , 0 0 0 0 0 0 0 dd dl view_content 12 0
M.Sc. O m.sc. 0 0 0 0 1 0 1 dd dl view_content 12 0

Pallarz B-PER pallarz 0 0 0 0 0 0 1 dd dl view_content 12 0
, I-PER , 0 0 0 0 0 0 0 dd dl view_content 12 0
Steffen I-PER steffen 0 1 0 0 0 0 1 dd dl view_content 12 0
, O , 0 0 0 0 0 0 0 dd dl view_content 12 0
M.Sc. O m.sc. 0 0 0 0 1 0 1 dd dl view_content 12 0

Patzer B-PER patzer 0 1 0 0 0 0 1 dd dl view_content 12 0
, I-PER , 0 0 0 0 0 0 0 dd dl view_content 12 0
Yasmin I-PER yasmin 0 1 0 0 0 0 1 dd dl view_content 12 0
, O , 0 0 0 0 0 0 0 dd dl view_content 12 0
M.Ed. O m.ed. 0 0 0 0 0 0 1 dd dl view_content 12 0

Pauen B-PER pauen 0 1 0 0 0 0 1 dd dl view_content 12 0
, I-PER , 0 0 0 0 0 0 0 dd dl view_content 12 0
Katrin I-PER katrin 0 1 0 0 0 0 1 dd dl view_content 12 0
, O , 0 0 0 0 0 0 0 dd dl view_content 12 0
Dipl. O dipl. 0 0 0 0 0 0 1 dd dl view_content 12 0
- O - 0 0 0 0 0 0 0 dd dl view_content 12 0
Math. O math. 0 0 0 0 0 0 1 dd dl view_content 12 0

Pavese B-PER pavese 0 1 0 0 0 0 1 dd dl view_content 12 0
, I-PER , 0 0 0 0 0 0 0 dd dl view_content 12 0
Esteban I-PER esteban 0 1 0 0 0 0 1 dd dl view_content 12 0
, O , 0 0 0 0 0 0 0 dd dl view_content 12 0
Dr. O dr. 0 1 0 0 1 0 1 dd dl view_content 12 0

Perkunder O perkunder 0 1 0 0 0 0 1 dd dl view_content 12 0
, O , 0 0 0 0 0 0 0 dd dl view_content 12 0
Hellen O hellen 0 1 0 0 0 0 1 dd dl view_content 12 0
, O , 0 0 0 0 0 0 0 dd dl view_content 12 0
Dipl. O dipl. 0 0 0 0 0 0 1 dd dl view_content 12 0
- O - 0 0 0 0 0 0 0 dd dl view_content 12 0
Inf. O inf. 0 0 0 0 0 0 1 dd dl view_content 12 0

Peters B-PER peters 0 1 0 0 0 0 1 dd dl view_content 12 0
, I-PER , 0 0 0 0 0 0 0 dd dl view_content 12 0
Mathias I-PER mathias 0 1 0 0 0 0 1 dd dl view_content 12 0
, O , 0 0 0 0 0 0 0 dd dl view_content 12 0
Dipl. O dipl. 0 0 0 0 0 0 1 dd dl view_content 12 0

Pinkwart B-PER pinkwart 0 1 0 0 0 0 1 dd dl view_content 12 0
, I-PER , 0 0 0 0 0 0 0 dd dl view_content 12 0
Niels I-PER niels 0 1 0 0 0 0 1 dd dl view_content 12 0
, O , 0 0 0 0 0 0 0 dd dl view_content 12 0
Prof. O prof. 0 1 0 0 1 0 1 dd dl view_content 12 0
Dr. O dr. 0 1 0 0 1 0 1 dd dl view_content 12 0

Popova B-PER popova 0 1 0 0 0 0 1 dd dl view_content 12 0
- I-PER - 0 0 0 0 0 0 0 dd dl view_content 12 0
Zeugmann I-PER zeugmann 0 1 0 0 0 0 1 dd dl view_content 12 0
, I-PER , 0 0 0 0 0 0 0 dd dl view_content 12 0
Louchka I-PER louchka 0 1 0 0 0 0 1 dd dl view_content 12 0
, O , 0 0 0 0 0 0 0 dd dl view_content 12 0
PD O pd 0 0 0 0 0 0 1 dd dl view_content 12 0
Dr. O dr. 0 1 0 0 1 0 1 dd dl view_content 12 0

Prüfer O prufer 0 1 0 0 0 0 1 dd dl view_content 12 0
, O , 0 0 0 0 0 0 0 dd dl view_content 12 0
Robert O robert 0 1 0 0 0 0 1 dd dl view_content 12 0
, O , 0 0 0 0 0 0 0 dd dl view_content 12 0
Dipl. O dipl. 0 0 0 0 0 0 1 dd dl view_content 12 0
- O - 0 0 0 0 0 0 0 dd dl view_content 12 0
Inf. O inf. 0 0 0 0 0 0 1 dd dl view_content 12 0

R O r 0 1 0 0 0 0 1 dt dl view_headings 12 0
↑ O ↑ 0 0 0 0 0 0 0 span dt top 13 0

Redlich B-PER redlich 0 1 0 0 0 0 1 dd dl view_content 12 0
, I-PER , 0 0 0 0 0 0 0 dd dl view_content 12 0
Jens I-PER jens 0 1 0 0 0 0 1 dd dl view_content 12 0
- I-PER - 0 0 0 0 0 0 0 dd dl view_content 12 0
Peter I-PER peter 0 1 0 0 0 0 1 dd dl view_content 12 0
, O , 0 0 0 0 0 0 0 dd dl view_content 12 0
Prof. O prof. 0 1 0 0 1 0 1 dd dl view_content 12 0
Dr. O dr. 0 1 0 0 1 0 1 dd dl view_content 12 0

Reinefeld B-PER reinefeld 0 1 0 0 0 0 1 dd dl view_content 12 0
, I-PER , 0 0 0 0 0 0 0 dd dl view_content 12 0
Alexander I-PER alexander 0 1 0 0 0 0 1 dd dl view_content 12 0
, O , 0 0 0 0 0 0 0 dd dl view_content 12 0
Prof. O prof. 0 1 0 0 1 0 1 dd dl view_content 12 0
Dr. O dr. 0 1 0 0 1 0 1 dd dl view_content 12 0

Reinhardt B-PER reinhardt 0 1 0 0 0 0 1 dd dl view_content 12 0
, I-PER , 0 0 0 0 0 0 0 dd dl view_content 12 0
Klaus I-PER klaus 0 1 0 0 0 0 1 dd dl view_content 12 0
, O , 0 0 0 0 0 0 0 dd dl view_content 12 0
Prof. O prof. 0 1 0 0 1 0 1 dd dl view_content 12 0
Dr. O dr. 0 1 0 0 1 0 1 dd dl view_content 12 0

Reisig B-PER reisig 0 1 0 0 0 0 1 dd dl view_content 12 0
, I-PER , 0 0 0 0 0 0 0 dd dl view_content 12 0
Wolfgang I-PER wolfgang 0 1 0 0 0 0 1 dd dl view_content 12 0
, O , 0 0 0 0 0 0 0 dd dl view_content 12 0
Prof. O prof. 0 1 0 0 1 0 1 dd dl view_content 12 0
Dr. O dr. 0 1 0 0 1 0 1 dd dl view_content 12 0
rer. O rer. 0 0 0 0 0 0 0 dd dl view_content 12 0
nat. O nat. 0 0 0 0 0 0 0 dd dl view_content 12 0
habil. O habil. 0 0 0 0 0 0 0 dd dl view_content 12 0

Reulke B-PER reulke 0 1 0 0 0 0 1 dd dl view_content 12 0
, I-PER , 0 0 0 0 0 0 0 dd dl view_content 12 0
Ralf I-PER ralf 0 1 0 0 0 0 1 dd dl view_content 12 0
, O , 0 0 0 0 0 0 0 dd dl view_content 12 0
Prof. O prof. 0 1 0 0 1 0 1 dd dl view_content 12 0
Dr. O dr. 0 1 0 0 1 0 1 dd dl view_content 12 0

Rheinländer O rheinlander 0 1 0 0 0 0 1 dd dl view_content 12 0
, O , 0 0 0 0 0 0 0 dd dl view_content 12 0
Astrid O astrid 0 1 0 0 0 0 1 dd dl view_content 12 0
, O , 0 0 0 0 0 0 0 dd dl view_content 12 0
Dipl. O dipl. 0 0 0 0 0 0 1 dd dl view_content 12 0
- O - 0 0 0 0 0 0 0 dd dl view_content 12 0
Inf. O inf. 0 0 0 0 0 0 1 dd dl view_content 12 0

Rücker B-PER rucker 0 1 0 0 0 0 1 dd dl view_content 12 0
, I-PER , 0 0 0 0 0 0 0 dd dl view_content 12 0
Michael I-PER michael 0 1 0 0 0 0 1 dd dl view_content 12 0
, O , 0 0 0 0 0 0 0 dd dl view_content 12 0
M.Ed. O m.ed. 0 0 0 0 0 0 1 dd dl view_content 12 0

S O s 0 1 0 0 0 0 1 dt dl view_headings 12 0
↑ O ↑ 0 0 0 0 0 0 0 span dt top 13 0

Sandig B-PER sandig 0 0 0 0 0 0 1 dd dl view_content 12 0
, I-PER , 0 0 0 0 0 0 0 dd dl view_content 12 0
Eva I-PER eva 0 1 0 0 0 0 1 dd dl view_content 12 0

Sax B-PER sax 0 1 0 0 0 0 1 dd dl view_content 12 0
, I-PER , 0 0 0 0 0 0 0 dd dl view_content 12 0
Matthias I-PER matthias 0 1 0 0 0 0 1 dd dl view_content 12 0
J. I-PER j. 0 1 0 0 0 0 1 dd dl view_content 12 0
, O , 0 0 0 0 0 0 0 dd dl view_content 12 0
Dipl. O dipl. 0 0 0 0 0 0 1 dd dl view_content 12 0
- O - 0 0 0 0 0 0 0 dd dl view_content 12 0
Inf. O inf. 0 0 0 0 0 0 1 dd dl view_content 12 0

Schäfer B-PER schafer 0 1 0 0 0 0 1 dd dl view_content 12 0
, I-PER , 0 0 0 0 0 0 0 dd dl view_content 12 0
Patrick I-PER patrick 0 1 0 0 0 0 1 dd dl view_content 12 0
, O , 0 0 0 0 0 0 0 dd dl view_content 12 0
Dr. O dr. 0 1 0 0 1 0 1 dd dl view_content 12 0
rer. O rer. 0 0 0 0 0 0 0 dd dl view_content 12 0
nat. O nat. 0 0 0 0 0 0 0 dd dl view_content 12 0

Scheuermann B-PER scheuermann 0 1 0 0 0 0 1 dd dl view_content 12 0
, I-PER , 0 0 0 0 0 0 0 dd dl view_content 12 0
Björn I-PER bjorn 0 1 0 0 0 0 1 dd dl view_content 12 0
, O , 0 0 0 0 0 0 0 dd dl view_content 12 0
Prof. O prof. 0 1 0 0 1 0 1 dd dl view_content 12 0
Dr. O dr. 0 1 0 0 1 0 1 dd dl view_content 12 0

Schiefner B-PER schiefner 0 1 0 0 0 0 1 dd dl view_content 12 0
, I-PER , 0 0 0 0 0 0 0 dd dl view_content 12 0
Birgit I-PER birgit 0 1 0 0 0 0 1 dd dl view_content 12 0
, O , 0 0 0 0 0 0 0 dd dl view_content 12 0
Dipl. O dipl. 0 0 0 0 0 0 1 dd dl view_content 12 0
- O - 0 0 0 0 0 0 0 dd dl view_content 12 0
Chem. O chem. 0 0 0 0 0 0 1 dd dl view_content 12 0

Schiemangk B-PER schiemangk 0 0 0 0 0 0 1 dd dl view_content 12 0
, I-PER , 0 0 0 0 0 0 0 dd dl view_content 12 0
Olga I-PER olga 0 1 0 0 0 0 1 dd dl view_content 12 0
, O , 0 0 0 0 0 0 0 dd dl view_content 12 0
Dipl. O dipl. 0 0 0 0 0 0 1 dd dl view_content 12 0
- O - 0 0 0 0 0 0 0 dd dl view_content 12 0
Math. O math. 0 0 0 0 0 0 1 dd dl view_content 12 0

Schillaci B-PER schillaci 0 1 0 0 0 0 1 dd dl view_content 12 0
, I-PER , 0 0 0 0 0 0 0 dd dl view_content 12 0
Guido I-PER guido 0 1 0 0 0 0 1 dd dl view_content 12 0
, O , 0 0 0 0 0 0 0 dd dl view_content 12 0
M.Sc. O m.sc. 0 0 0 0 1 0 1 dd dl view_content 12 0

Schlingloff B-PER schlingloff 0 1 0 0 0 0 1 dd dl view_content 12 0
, I-PER , 0 0 0 0 0 0 0 dd dl view_content 12 0
Holger I-PER holger 0 1 0 0 0 0 1 dd dl view_content 12 0
, O , 0 0 0 0 0 0 0 dd dl view_content 12 0
Prof. O prof. 0 1 0 0 1 0 1 dd dl view_content 12 0
Dr. O dr. 0 1 0 0 1 0 1 dd dl view_content 12 0

Schmidt B-PER schmidt 0 1 0 0 0 0 1 dd dl view_content 12 0
, I-PER , 0 0 0 0 0 0 0 dd dl view_content 12 0
Martin I-PER martin 0 1 0 0 0 0 1 dd dl view_content 12 0
, O , 0 0 0 0 0 0 0 dd dl view_content 12 0
M.Sc. O m.sc. 0 0 0 0 1 0 1 dd dl view_content 12 0

Schoch B-PER schoch 0 1 0 0 0 0 1 dd dl view_content 12 0
, I-PER , 0 0 0 0 0 0 0 dd dl view_content 12 0
Silvia I-PER silvia 0 1 0 0 0 0 1 dd dl view_content 12 0

Schoppmann B-PER schoppmann 0 1 0 0 0 0 1 dd dl view_content 12 0
, I-PER , 0 0 0 0 0 0 0 dd dl view_content 12 0
Phillipp I-PER phillipp 0 1 0 0 0 0 1 dd dl view_content 12 0
, O , 0 0 0 0 0 0 0 dd dl view_content 12 0
M.Sc. O m.sc. 0 0 0 0 1 0 1 dd dl view_content 12 0

Schumacher B-PER schumacher 0 1 0 0 0 0 1 dd dl view_content 12 0
, I-PER , 0 0 0 0 0 0 0 dd dl view_content 12 0
Ben I-PER ben 0 1 0 0 0 0 1 dd dl view_content 12 0

Schweikardt B-PER schweikardt 0 1 0 0 0 0 1 dd dl view_content 12 0
, I-PER , 0 0 0 0 0 0 0 dd dl view_content 12 0
Nicole I-PER nicole 0 1 0 0 0 0 1 dd dl view_content 12 0
, O , 0 0 0 0 0 0 0 dd dl view_content 12 0
Prof. O prof. 0 1 0 0 1 0 1 dd dl view_content 12 0
Dr. O dr. 0 1 0 0 1 0 1 dd dl view_content 12 0

Sell O sell 0 1 0 0 0 0 1 dd dl view_content 12 0
, O , 0 0 0 0 0 0 0 dd dl view_content 12 0
Johann O johann 0 1 0 0 0 0 1 dd dl view_content 12 0
, O , 0 0 0 0 0 0 0 dd dl view_content 12 0
Dipl. O dipl. 0 0 0 0 0 0 1 dd dl view_content 12 0
- O - 0 0 0 0 0 0 0 dd dl view_content 12 0
Inf. O inf. 0 0 0 0 0 0 1 dd dl view_content 12 0

Seva B-PER seva 0 1 0 0 0 0 1 dd dl view_content 12 0
, I-PER , 0 0 0 0 0 0 0 dd dl view_content 12 0
Jurica I-PER jurica 0 1 0 0 0 0 1 dd dl view_content 12 0
, O , 0 0 0 0 0 0 0 dd dl view_content 12 0
Dr. O dr. 0 1 0 0 1 0 1 dd dl view_content 12 0

Sombrutzki O sombrutzki 0 1 0 0 0 0 1 dd dl view_content 12 0
, O , 0 0 0 0 0 0 0 dd dl view_content 12 0
Robert O robert 0 1 0 0 0 0 1 dd dl view_content 12 0
, O , 0 0 0 0 0 0 0 dd dl view_content 12 0
Dipl. O dipl. 0 0 0 0 0 0 1 dd dl view_content 12 0
- O - 0 0 0 0 0 0 0 dd dl view_content 12 0
Inf. O inf. 0 0 0 0 0 0 1 dd dl view_content 12 0

Sommer B-PER sommer 0 1 0 0 0 0 1 dd dl view_content 12 0
, I-PER , 0 0 0 0 0 0 0 dd dl view_content 12 0
Siegmar I-PER siegmar 0 1 0 0 0 0 1 dd dl view_content 12 0
, O , 0 0 0 0 0 0 0 dd dl view_content 12 0
Dr. O dr. 0 1 0 0 1 0 1 dd dl view_content 12 0
- O - 0 0 0 0 0 0 0 dd dl view_content 12 0
Ing. O ing. 0 1 0 0 0 0 1 dd dl view_content 12 0

Sparka B-PER sparka 0 0 0 0 0 0 1 dd dl view_content 12 0
, I-PER , 0 0 0 0 0 0 0 dd dl view_content 12 0
Hagen I-PER hagen 0 1 0 0 0 0 1 dd dl view_content 12 0
Eric I-PER eric 0 1 0 0 0 0 1 dd dl view_content 12 0
, O , 0 0 0 0 0 0 0 dd dl view_content 12 0
M.Sc. O m.sc. 0 0 0 0 1 0 1 dd dl view_content 12 0

Sprenger B-PER sprenger 0 1 0 0 0 0 1 dd dl view_content 12 0
, I-PER , 0 0 0 0 0 0 0 dd dl view_content 12 0
Stefan I-PER stefan 0 1 0 0 0 0 1 dd dl view_content 12 0
, O , 0 0 0 0 0 0 0 dd dl view_content 12 0
M.Sc. O m.sc. 0 0 0 0 1 0 1 dd dl view_content 12 0

Starlinger B-PER starlinger 0 1 0 0 0 0 1 dd dl view_content 12 0
, I-PER , 0 0 0 0 0 0 0 dd dl view_content 12 0
Johannes I-PER johannes 0 1 0 0 0 0 1 dd dl view_content 12 0
, O , 0 0 0 0 0 0 0 dd dl view_content 12 0
Dr. O dr. 0 1 0 0 1 0 1 dd dl view_content 12 0
- O - 0 0 0 0 0 0 0 dd dl view_content 12 0
Ing. O ing. 0 1 0 0 0 0 1 dd dl view_content 12 0
Dr.med.univ. O dr.med.univ. 0 0 0 0 1 0 1 dd dl view_content 12 0

Stübing O stubing 0 1 0 0 0 0 1 dd dl view_content 12 0
, O , 0 0 0 0 0 0 0 dd dl view_content 12 0
Sascha O sascha 0 1 0 0 0 0 1 dd dl view_content 12 0
, O , 0 0 0 0 0 0 0 dd dl view_content 12 0
Dipl. O dipl. 0 0 0 0 0 0 1 dd dl view_content 12 0
- O - 0 0 0 0 0 0 0 dd dl view_content 12 0
Inf. O inf. 0 0 0 0 0 0 1 dd dl view_content 12 0

Sürmeli O surmeli 0 1 0 0 0 0 1 dd dl view_content 12 0
, O , 0 0 0 0 0 0 0 dd dl view_content 12 0
Jan O jan 0 1 0 0 0 0 1 dd dl view_content 12 0
Coskun O coskun 0 1 0 0 0 0 1 dd dl view_content 12 0
, O , 0 0 0 0 0 0 0 dd dl view_content 12 0
Dipl. O dipl. 0 0 0 0 0 0 1 dd dl view_content 12 0
- O - 0 0 0 0 0 0 0 dd dl view_content 12 0
Inf. O inf. 0 0 0 0 0 0 1 dd dl view_content 12 0

T O t 0 1 0 0 0 0 1 dt dl view_headings 12 0
↑ O ↑ 0 0 0 0 0 0 0 span dt top 13 0

Taeschner B-PER taeschner 0 1 0 0 0 0 1 dd dl view_content 12 0
, I-PER , 0 0 0 0 0 0 0 dd dl view_content 12 0
Jochen I-PER jochen 0 1 0 0 0 0 1 dd dl view_content 12 0

Thomas B-PER thomas 0 1 0 0 0 0 1 dd dl view_content 12 0
, I-PER , 0 0 0 0 0 0 0 dd dl view_content 12 0
Philippe I-PER philippe 0 1 0 0 0 0 1 dd dl view_content 12 0
, O , 0 0 0 0 0 0 0 dd dl view_content 12 0
M.Sc O m.sc 0 0 0 0 1 0 1 dd dl view_content 12 0

Trescher B-PER trescher 0 1 0 0 0 0 1 dd dl view_content 12 0
, I-PER , 0 0 0 0 0 0 0 dd dl view_content 12 0
Saskia I-PER saskia 0 1 0 0 0 0 1 dd dl view_content 12 0
, O , 0 0 0 0 0 0 0 dd dl view_content 12 0
M.Sc. O m.sc. 0 0 0 0 1 0 1 dd dl view_content 12 0

Treutner O treutner 0 1 0 0 0 0 1 dd dl view_content 12 0
, O , 0 0 0 0 0 0 0 dd dl view_content 12 0
Niklas O niklas 0 1 0 0 0 0 1 dd dl view_content 12 0
, O , 0 0 0 0 0 0 0 dd dl view_content 12 0
Dipl. O dipl. 0 0 0 0 0 0 1 dd dl view_content 12 0
- O - 0 0 0 0 0 0 0 dd dl view_content 12 0
Ing. O ing. 0 1 0 0 0 0 1 dd dl view_content 12 0

Triebel O triebel 0 1 0 0 0 0 1 dd dl view_content 12 0
, O , 0 0 0 0 0 0 0 dd dl view_content 12 0
Marvin O marvin 1 1 0 0 0 0 1 dd dl view_content 12 0
, O , 0 0 0 0 0 0 0 dd dl view_content 12 0
Dipl. O dipl. 0 0 0 0 0 0 1 dd dl view_content 12 0
- O - 0 0 0 0 0 0 0 dd dl view_content 12 0
Inf. O inf. 0 0 0 0 0 0 1 dd dl view_content 12 0

Tschirpke O tschirpke 0 1 0 0 0 0 1 dd dl view_content 12 0
, O , 0 0 0 0 0 0 0 dd dl view_content 12 0
Steffen O steffen 0 1 0 0 0 0 1 dd dl view_content 12 0
, O , 0 0 0 0 0 0 0 dd dl view_content 12 0
Dipl. O dipl. 0 0 0 0 0 0 1 dd dl view_content 12 0
- O - 0 0 0 0 0 0 0 dd dl view_content 12 0
Ing. O ing. 0 1 0 0 0 0 1 dd dl view_content 12 0

Tschorsch B-PER tschorsch 0 1 0 0 0 0 1 dd dl view_content 12 0
, I-PER , 0 0 0 0 0 0 0 dd dl view_content 12 0
Florian I-PER florian 0 1 0 0 0 0 1 dd dl view_content 12 0
, O , 0 0 0 0 0 0 0 dd dl view_content 12 0
M.Sc. O m.sc. 0 0 0 0 1 0 1 dd dl view_content 12 0

V O v 0 1 0 0 0 0 1 dt dl view_headings 12 0
↑ O ↑ 0 0 0 0 0 0 0 span dt top 13 0

Verbitsky B-PER verbitsky 0 1 0 0 0 0 1 dd dl view_content 12 0
, I-PER , 0 0 0 0 0 0 0 dd dl view_content 12 0
Oleg I-PER oleg 0 1 0 0 0 0 1 dd dl view_content 12 0
, O , 0 0 0 0 0 0 0 dd dl view_content 12 0
Dr. O dr. 0 1 0 0 1 0 1 dd dl view_content 12 0

Verbücheln O verbucheln 0 1 0 0 0 0 1 dd dl view_content 12 0
, O , 0 0 0 0 0 0 0 dd dl view_content 12 0
Stephan O stephan 0 1 0 0 0 0 1 dd dl view_content 12 0
, O , 0 0 0 0 0 0 0 dd dl view_content 12 0
Dipl. O dipl. 0 0 0 0 0 0 1 dd dl view_content 12 0
- O - 0 0 0 0 0 0 0 dd dl view_content 12 0
Inf. O inf. 0 0 0 0 0 0 1 dd dl view_content 12 0

Vogel B-PER vogel 0 1 0 0 0 0 1 dd dl view_content 12 0
, I-PER , 0 0 0 0 0 0 0 dd dl view_content 12 0
Thomas I-PER thomas 0 1 0 0 0 0 1 dd dl view_content 12 0
, O , 0 0 0 0 0 0 0 dd dl view_content 12 0
Dipl. O dipl. 0 0 0 0 0 0 1 dd dl view_content 12 0
- O - 0 0 0 0 0 0 0 dd dl view_content 12 0

Völlinger O vollinger 0 1 0 0 0 0 1 dd dl view_content 12 0
, O , 0 0 0 0 0 0 0 dd dl view_content 12 0
Kim O kim 0 1 0 0 0 0 1 dd dl view_content 12 0
, O , 0 0 0 0 0 0 0 dd dl view_content 12 0
Dipl. O dipl. 0 0 0 0 0 0 1 dd dl view_content 12 0
- O - 0 0 0 0 0 0 0 dd dl view_content 12 0
Inf. O inf. 0 0 0 0 0 0 1 dd dl view_content 12 0

W O w 0 1 0 0 0 0 1 dt dl view_headings 12 0
↑ O ↑ 0 0 0 0 0 0 0 span dt top 13 0

Walter B-PER walter 0 1 0 0 0 0 1 dd dl view_content 12 0
, I-PER , 0 0 0 0 0 0 0 dd dl view_content 12 0
Diana I-PER diana 0 1 0 0 0 0 1 dd dl view_content 12 0

Wandelt B-PER wandelt 0 1 0 0 0 0 1 dd dl view_content 12 0
, I-PER , 0 0 0 0 0 0 0 dd dl view_content 12 0
Sebastian I-PER sebastian 0 1 0 0 0 0 1 dd dl view_content 12 0
, O , 0 0 0 0 0 0 0 dd dl view_content 12 0
Dr. O dr. 0 1 0 0 1 0 1 dd dl view_content 12 0

Wartschinski B-PER wartschinski 0 0 0 0 0 0 1 dd dl view_content 12 0
, I-PER , 0 0 0 0 0 0 0 dd dl view_content 12 0
Laura I-PER laura 0 1 0 0 0 0 1 dd dl view_content 12 0

Weber B-PER weber 0 1 0 0 0 0 1 dd dl view_content 12 0
, I-PER , 0 0 0 0 0 0 0 dd dl view_content 12 0
Dorian I-PER dorian 0 1 0 0 0 0 1 dd dl view_content 12 0
, O , 0 0 0 0 0 0 0 dd dl view_content 12 0
Dipl. O dipl. 0 0 0 0 0 0 1 dd dl view_content 12 0

Weidlich B-PER weidlich 0 1 0 0 0 0 1 dd dl view_content 12 0
, I-PER , 0 0 0 0 0 0 0 dd dl view_content 12 0
Michael I-PER michael 0 1 0 0 0 0 1 dd dl view_content 12 0
, O , 0 0 0 0 0 0 0 dd dl view_content 12 0
Dipl. O dipl. 0 0 0 0 0 0 1 dd dl view_content 12 0
- O - 0 0 0 0 0 0 0 dd dl view_content 12 0
Bioinf. O bioinf. 0 0 0 0 0 0 1 dd dl view_content 12 0

Weidlich B-PER weidlich 0 1 0 0 0 0 1 dd dl view_content 12 0
, I-PER , 0 0 0 0 0 0 0 dd dl view_content 12 0
Matthias I-PER matthias 0 1 0 0 0 0 1 dd dl view_content 12 0
, O , 0 0 0 0 0 0 0 dd dl view_content 12 0
Prof. O prof. 0 1 0 0 1 0 1 dd dl view_content 12 0
Dr. O dr. 0 1 0 0 1 0 1 dd dl view_content 12 0

Wenzel B-PER wenzel 0 1 0 0 0 0 1 dd dl view_content 12 0
, I-PER , 0 0 0 0 0 0 0 dd dl view_content 12 0
Florian I-PER florian 0 1 0 0 0 0 1 dd dl view_content 12 0
, O , 0 0 0 0 0 0 0 dd dl view_content 12 0
M.Sc. O m.sc. 0 0 0 0 1 0 1 dd dl view_content 12 0

Wermke B-PER wermke 0 1 0 0 0 0 1 dd dl view_content 12 0
, I-PER , 0 0 0 0 0 0 0 dd dl view_content 12 0
Felix I-PER felix 0 1 0 0 0 0 1 dd dl view_content 12 0
, O , 0 0 0 0 0 0 0 dd dl view_content 12 0
Dipl. O dipl. 0 0 0 0 0 0 1 dd dl view_content 12 0
- O - 0 0 0 0 0 0 0 dd dl view_content 12 0
Inf. O inf. 0 0 0 0 0 0 1 dd dl view_content 12 0

Winkler B-PER winkler 0 1 0 0 0 0 1 dd dl view_content 12 0
, I-PER , 0 0 0 0 0 0 0 dd dl view_content 12 0
Frank I-PER frank 1 1 0 0 0 0 1 dd dl view_content 12 0
, O , 0 0 0 0 0 0 0 dd dl view_content 12 0
Dr. O dr. 0 1 0 0 1 0 1 dd dl view_content 12 0
- O - 0 0 0 0 0 0 0 dd dl view_content 12 0
Ing. O ing. 0 1 0 0 0 0 1 dd dl view_content 12 0

Witt B-PER witt 0 1 0 0 0 0 1 dd dl view_content 12 0
, I-PER , 0 0 0 0 0 0 0 dd dl view_content 12 0
Carl I-PER carl 0 1 0 0 0 0 1 dd dl view_content 12 0
, O , 0 0 0 0 0 0 0 dd dl view_content 12 0
M.Sc. O m.sc. 0 0 0 0 1 0 1 dd dl view_content 12 0

Wozobule B-PER wozobule 0 0 0 0 0 0 1 dd dl view_content 12 0
, I-PER , 0 0 0 0 0 0 0 dd dl view_content 12 0
Frank I-PER frank 1 1 0 0 0 0 1 dd dl view_content 12 0

Y O y 0 1 0 0 0 0 1 dt dl view_headings 12 0
↑ O ↑ 0 0 0 0 0 0 0 span dt top 13 0

Yildirim B-PER yildirim 0 1 0 0 0 0 1 dd dl view_content 12 0
, I-PER , 0 0 0 0 0 0 0 dd dl view_content 12 0
Mehmet I-PER mehmet 0 1 0 0 0 0 1 dd dl view_content 12 0

Z O z 0 1 0 0 0 0 1 dt dl view_headings 12 0
↑ O ↑ 0 0 0 0 0 0 0 span dt top 13 0

Zemke B-PER zemke 0 1 0 0 0 0 1 dd dl view_content 12 0
, I-PER , 0 0 0 0 0 0 0 dd dl view_content 12 0
Marco I-PER marco 0 1 0 0 0 0 1 dd dl view_content 12 0
, O , 0 0 0 0 0 0 0 dd dl view_content 12 0
Dipl. O dipl. 0 0 0 0 0 0 1 dd dl view_content 12 0
- O - 0 0 0 0 0 0 0 dd dl view_content 12 0
Phys. O phys. 0 0 0 0 0 0 1 dd dl view_content 12 0

Zeuch B-PER zeuch 0 1 0 0 0 0 1 dd dl view_content 12 0
, I-PER , 0 0 0 0 0 0 0 dd dl view_content 12 0
Steffen I-PER steffen 0 1 0 0 0 0 1 dd dl view_content 12 0
, O , 0 0 0 0 0 0 0 dd dl view_content 12 0
M.SC. O m.sc. 0 0 0 0 1 0 1 dd dl view_content 12 0

Zhao B-PER zhao 0 1 0 0 0 0 1 dd dl view_content 12 0
, I-PER , 0 0 0 0 0 0 0 dd dl view_content 12 0
Bo I-PER bo 0 1 0 0 0 0 1 dd dl view_content 12 0
, O , 0 0 0 0 0 0 0 dd dl view_content 12 0
M.Sc. O m.sc. 0 0 0 0 1 0 1 dd dl view_content 12 0

Zubow B-PER zubow 0 1 0 0 0 0 1 dd dl view_content 12 0
, I-PER , 0 0 0 0 0 0 0 dd dl view_content 12 0
Anatolij I-PER anatolij 0 1 0 0 0 0 1 dd dl view_content 12 0
, O , 0 0 0 0 0 0 0 dd dl view_content 12 0
Dr. O dr. 0 1 0 0 1 0 1 dd dl view_content 12 0
rer. O rer. 0 0 0 0 0 0 0 dd dl view_content 12 0
nat. O nat. 0 0 0 0 0 0 0 dd dl view_content 12 0

DE O de 0 0 0 0 0 0 1 li ul selected 12 0

EN O en 0 0 0 0 0 0 1 li ul notranslation 12 0

Die O die 0 1 0 0 0 0 1 div div hiddenStructure 9 0
HU O hu 0 0 0 0 0 0 1 div div hiddenStructure 9 0
im O im 0 1 0 0 0 0 0 div div hiddenStructure 9 0
WWW O www 0 0 0 0 0 0 1 div div hiddenStructure 9 0

Die O die 0 1 0 0 0 0 1 a li hiddenStructure 12 0
Humboldt O humboldt 0 0 0 0 0 0 1 a li hiddenStructure 12 0
- O - 0 0 0 0 0 0 0 a li hiddenStructure 12 0
Universität O universitat 0 0 0 0 0 0 1 a li hiddenStructure 12 0
bei O bei 0 0 0 0 0 0 0 a li hiddenStructure 12 0
Facebook O facebook 0 0 0 0 0 0 1 a li hiddenStructure 12 0

Die O die 0 1 0 0 0 0 1 a li hiddenStructure 12 0
Humboldt O humboldt 0 0 0 0 0 0 1 a li hiddenStructure 12 0
- O - 0 0 0 0 0 0 0 a li hiddenStructure 12 0
Universität O universitat 0 0 0 0 0 0 1 a li hiddenStructure 12 0
bei O bei 0 0 0 0 0 0 0 a li hiddenStructure 12 0
Twitter O twitter 0 0 0 0 0 0 1 a li hiddenStructure 12 0

Die O die 0 1 0 0 0 0 1 a li hiddenStructure 12 0
Humboldt O humboldt 0 0 0 0 0 0 1 a li hiddenStructure 12 0
- O - 0 0 0 0 0 0 0 a li hiddenStructure 12 0
Universität O universitat 0 0 0 0 0 0 1 a li hiddenStructure 12 0
bei O bei 0 0 0 0 0 0 0 a li hiddenStructure 12 0
Instagram O instagram 0 0 0 0 0 0 1 a li hiddenStructure 12 0

Die O die 0 1 0 0 0 0 1 a li hiddenStructure 12 0
Humboldt O humboldt 0 0 0 0 0 0 1 a li hiddenStructure 12 0
- O - 0 0 0 0 0 0 0 a li hiddenStructure 12 0
Universität O universitat 0 0 0 0 0 0 1 a li hiddenStructure 12 0
bei O bei 0 0 0 0 0 0 0 a li hiddenStructure 12 0
YouTube O youtube 0 0 0 0 0 0 1 a li hiddenStructure 12 0

Die O die 0 1 0 0 0 0 1 a li hiddenStructure 12 0
Humboldt O humboldt 0 0 0 0 0 0 1 a li hiddenStructure 12 0
- O - 0 0 0 0 0 0 0 a li hiddenStructure 12 0
Universität O universitat 0 0 0 0 0 0 1 a li hiddenStructure 12 0
bei O bei 0 0 0 0 0 0 0 a li hiddenStructure 12 0
Xing O xing 0 1 0 0 0 0 1 a li hiddenStructure 12 0

Die O die 0 1 0 0 0 0 1 a li hiddenStructure 12 0
Humboldt O humboldt 0 0 0 0 0 0 1 a li hiddenStructure 12 0
- O - 0 0 0 0 0 0 0 a li hiddenStructure 12 0
Universität O universitat 0 0 0 0 0 0 1 a li hiddenStructure 12 0
bei O bei 0 0 0 0 0 0 0 a li hiddenStructure 12 0
LinkedIn O linkedin 0 0 0 0 0 0 1 a li hiddenStructure 12 0

Die O die 0 1 0 0 0 0 1 a li hiddenStructure 12 0
RSS O rss 0 0 0 0 0 0 1 a li hiddenStructure 12 0
- O - 0 0 0 0 0 0 0 a li hiddenStructure 12 0
Feeds O feeds 0 0 0 0 0 0 1 a li hiddenStructure 12 0
der O der 0 1 0 0 0 0 0 a li hiddenStructure 12 0
Humboldt O humboldt 0 0 0 0 0 0 1 a li hiddenStructure 12 0
- O - 0 0 0 0 0 0 0 a li hiddenStructure 12 0
Universität O universitat 0 0 0 0 0 0 1 a li hiddenStructure 12 0

Benutzerspezifische O benutzerspezifische 0 0 0 0 0 0 1 div div hiddenStructure 10 0
Werkzeuge O werkzeuge 0 0 0 0 0 0 1 div div hiddenStructure 10 0

Seite O seite 0 1 0 0 0 0 1 dt dl deactivated 12 0
bearbeiten O bearbeiten 0 0 0 0 0 0 0 dt dl deactivated 12 0
