Georg O georg 0 1 0 0 0 0 1 7 4 head html none 4 0
- O-PUNCT - 0 1 0 0 0 0 0 12 0 head html none 4 0
August O august 0 1 0 0 0 0 1 4 6 head html none 4 0
- O-PUNCT - 0 1 0 0 0 0 0 12 0 head html none 4 0
Universität O universitat 0 0 0 0 0 0 1 0 5 head html none 4 0
Göttingen O gottingen 0 0 0 0 0 0 1 0 2 head html none 4 0
- O-PUNCT - 0 1 0 0 0 0 0 12 0 head html none 4 0
Hochschulstruktur O hochschulstruktur 0 0 0 0 0 0 1 0 0 head html none 4 0

Zur O zur 0 1 0 0 0 0 1 3 4 div div unsichtbar 6 0
Seitennavigation O seitennavigation 0 0 0 0 0 0 1 0 0 div div unsichtbar 6 0
oder O oder 0 0 0 0 0 0 0 0 5 div div unsichtbar 6 0
mit O mit 0 0 0 0 0 0 0 0 6 div div unsichtbar 6 0
Tastenkombination O tastenkombination 0 0 0 0 0 0 1 0 0 div div unsichtbar 6 0
für O fur 0 0 0 0 0 0 0 0 6 div div unsichtbar 6 0
den O den 0 1 0 0 0 0 0 6 7 div div unsichtbar 6 0
accesskey O accesskey 0 0 0 0 0 0 0 0 0 a div unsichtbar 7 0
- O-PUNCT - 0 1 0 0 0 0 0 12 0 div div unsichtbar 6 0
Taste O taste 0 0 0 0 0 0 1 0 1 div div unsichtbar 6 0
und O und 0 1 0 0 0 0 0 1 7 div div unsichtbar 6 0
Taste O taste 0 0 0 0 0 0 1 0 1 div div unsichtbar 6 0
1 O 1 0 0 0 1 0 0 0 0 0 div div unsichtbar 6 0

S O s 0 1 0 0 0 0 1 4 10 a div links3 7 0

tartseite O tartseite 0 0 0 0 0 0 0 0 0 div div links3 6 0

A O a 0 1 0 0 0 0 1 4 11 a div links3 7 0

nmelden O nmelden 0 0 0 0 0 0 0 0 0 div div links3 6 4
WiSe O wise 0 0 0 0 0 0 1 0 4 div div divloginstatus 6 8
2017/18 O 2017/18 0 0 0 1 0 0 0 0 0 div div divloginstatus 6 8

Hilfe O hilfe 0 0 0 0 0 0 1 0 2 img div links3 7 0

Veranstaltungen O veranstaltungen 0 0 0 0 0 0 1 0 1 div div links2 6 1
Modulkataloge O modulkataloge 0 0 0 0 0 0 1 0 0 div div links2 6 2

Einrichtungen O einrichtungen 0 0 0 0 0 0 1 0 4 b div links2visited 7 0

Räume O raume 0 0 0 0 0 0 1 0 1 div div links2 6 5
und O und 0 1 0 0 0 0 0 1 7 div div links2 6 5
Gebäude O gebaude 0 0 0 0 0 0 1 0 3 div div links2 6 5
Personen O personen 0 0 0 0 0 0 1 0 4 div div links2 6 6

Sie O sie 0 1 0 0 0 0 1 3 5 div body breadcrumb 5 34
sind O sind 0 0 0 0 0 0 0 0 4 div body breadcrumb 5 34
hier O hier 0 0 0 0 0 0 0 0 5 div body breadcrumb 5 34
: O-PUNCT : 0 0 0 0 0 0 0 0 0 div body breadcrumb 5 34
Startseite O startseite 0 0 0 0 0 0 1 0 2 div div regular 6 0

Sie O sie 0 1 0 0 0 0 1 3 5 tr table menu2_off 9 0
sind O sind 0 0 0 0 0 0 0 0 4 tr table menu2_off 9 0
hier O hier 0 0 0 0 0 0 0 0 5 tr table menu2_off 9 0
: O-PUNCT : 0 0 0 0 0 0 0 0 0 tr table menu2_off 9 0

Einrichtungen O einrichtungen 0 0 0 0 0 0 1 0 4 td tr menu2_off 10 0
und O und 0 1 0 0 0 0 0 1 7 td tr menu2_off 10 0
Personen O personen 0 0 0 0 0 0 1 0 4 td tr menu2_off 10 0

Seitenansicht O seitenansicht 0 0 0 0 0 0 1 0 0 td tr nav 10 0
wählen O wahlen 0 0 0 0 0 0 0 0 1 td tr nav 10 0
: O-PUNCT : 0 0 0 0 0 0 0 0 0 td tr nav 10 0

kurz O kurz 0 0 0 0 0 0 0 0 2 img td menu2_off 11 0

mittel O mittel 0 0 0 0 0 0 0 0 0 img img regular 12 0

lang O lang 0 1 0 0 0 0 0 0 6 img img regular 13 0

Navigation O navigation 0 0 0 0 0 0 1 0 8 tr table menu2_off 9 1
: O-PUNCT : 0 0 0 0 0 0 0 0 0 tr table menu2_off 9 1

: O-PUNCT : 0 0 0 0 0 0 0 0 0 td tr menu2_off 10 0

ganzen O ganzen 0 0 0 0 0 0 0 0 1 img td menu2_off 11 0
Baum O baum 0 1 0 0 0 0 1 4 0 img td menu2_off 11 0
anzeigen O anzeigen 0 0 0 0 0 0 0 0 1 img td menu2_off 11 0

Link O link 0 1 0 0 0 0 1 4 7 img td menu2_off 11 1

: O-PUNCT : 0 0 0 0 0 0 0 0 0 img td menu2_off 11 2
nächste O nachste 0 0 0 0 0 0 0 0 1 img td menu2_off 11 2
Ebene O ebene 0 0 0 0 0 0 1 0 0 img td menu2_off 11 2
anzeigen O anzeigen 0 0 0 0 0 0 0 0 1 img td menu2_off 11 2

Georg O georg 0 1 0 0 0 0 1 7 4 td tr ueb 14 0
- O-PUNCT - 0 1 0 0 0 0 0 12 0 td tr ueb 14 0
August O august 0 1 0 0 0 0 1 4 6 td tr ueb 14 0
- O-PUNCT - 0 1 0 0 0 0 0 12 0 td tr ueb 14 0
Universität O universitat 0 0 0 0 0 0 1 0 5 td tr ueb 14 0
Göttingen O gottingen 0 0 0 0 0 0 1 0 2 td tr ueb 14 0

Fakultät O fakultat 0 0 0 0 0 0 1 0 5 td tr ueb 14 0
für O fur 0 0 0 0 0 0 0 0 6 td tr ueb 14 0
Mathematik O mathematik 0 0 0 0 0 0 1 0 4 td tr ueb 14 0
und O und 0 1 0 0 0 0 0 1 7 td tr ueb 14 0
Informatik O informatik 0 0 0 0 0 0 1 0 6 td tr ueb 14 0

Institut O institut 0 0 0 0 0 0 1 0 6 td tr ueb 14 0
für O fur 0 0 0 0 0 0 0 0 6 td tr ueb 14 0
Informatik O informatik 0 0 0 0 0 0 1 0 6 td tr ueb 14 0

Dienstadresse O dienstadresse 0 0 0 0 0 0 1 0 0 span li klein 14 0
der O der 0 1 0 0 0 0 0 7 7 span li klein 14 0
Einrichtung O einrichtung 0 0 0 0 0 0 1 0 2 span li klein 14 0
: O-PUNCT : 0 0 0 0 0 0 0 0 0 span li klein 14 0

Goldschmidtstraße O goldschmidtstrase 0 0 0 0 0 0 1 0 0 li ul klein 13 0
7 O 7 0 0 0 1 0 0 0 0 0 li ul klein 13 0
, O-PUNCT , 0 0 0 0 0 0 0 0 0 li ul klein 13 0
37077 O 37077 0 0 0 1 0 0 0 0 0 li ul klein 13 0
Göttingen O gottingen 0 0 0 0 0 0 1 0 2 li ul klein 13 0
Telefon O telefon 0 0 0 0 0 0 1 0 3 li ul klein 13 0
: O-PUNCT : 0 0 0 0 0 0 0 0 0 li ul klein 13 0
+49 O +49 0 0 0 1 0 0 0 0 0 li ul klein 13 0
551 O 551 0 0 0 1 0 0 0 0 0 li ul klein 13 0
39 O 39 0 0 0 1 0 0 0 0 0 li ul klein 13 0
172000 O 172000 0 0 0 1 0 0 0 0 0 li ul klein 13 0
Fax O fax 0 1 0 0 0 0 1 0 4 li ul klein 13 0
: O-PUNCT : 0 0 0 0 0 0 0 0 0 li ul klein 13 0
+49 O +49 0 0 0 1 0 0 0 0 0 li ul klein 13 0
551 O 551 0 0 0 1 0 0 0 0 0 li ul klein 13 0
39 O 39 0 0 0 1 0 0 0 0 0 li ul klein 13 0
14403 O 14403 0 0 0 1 0 0 0 0 0 li ul klein 13 0
E O e 0 1 0 0 0 0 1 4 10 li ul klein 13 0
- O-PUNCT - 0 1 0 0 0 0 0 12 0 li ul klein 13 0
Mail O mail 0 1 0 0 0 0 1 0 6 li ul klein 13 0
: O-PUNCT : 0 0 0 0 0 0 0 0 0 li ul klein 13 0
info@informatik.uni O info@informatik.uni 0 0 1 0 0 0 0 0 0 span li email 14 1
- O-PUNCT - 0 1 0 0 0 0 0 12 0 span li email 14 1
goettingen.de O goettingen.de 0 0 0 0 0 0 0 0 0 span li email 14 1
Web O web 0 1 0 0 0 0 1 0 7 li ul klein 13 0
: O-PUNCT : 0 0 0 0 0 0 0 0 0 li ul klein 13 0
http O http 0 0 0 0 0 0 0 0 8 span li ver 14 2
: O-PUNCT : 0 0 0 0 0 0 0 0 0 span li ver 14 2
//www.ifi.informatik.uni O //www.ifi.informatik.uni 0 0 0 0 0 0 0 0 0 span li ver 14 2
- O-PUNCT - 0 1 0 0 0 0 0 12 0 span li ver 14 2
goettingen.de O goettingen.de 0 0 0 0 0 0 0 0 0 span li ver 14 2

Vorstand O vorstand 0 0 0 0 0 0 1 0 3 ul li normalFett 14 0

Dr. O dr. 0 1 0 0 1 0 1 2 0 a li kleinFett 18 0
Henrik B-PER henrik 1 1 0 0 0 0 1 6 2 a li kleinFett 18 0
Brosenne I-PER brosenne 1 1 0 0 0 0 1 0 0 a li kleinFett 18 0

Prof. O prof. 0 1 0 0 1 0 1 0 0 a li kleinFett 18 0
Dr. O dr. 0 1 0 0 1 0 1 2 0 a li kleinFett 18 0
Xiaoming B-PER xiaoming 1 1 0 0 0 0 1 5 0 a li kleinFett 18 0
Fu I-PER fu 1 1 0 0 0 0 1 8 3 a li kleinFett 18 0

Prof. O prof. 0 1 0 0 1 0 1 0 0 a li kleinFett 18 0
Dr. O dr. 0 1 0 0 1 0 1 2 0 a li kleinFett 18 0
Jens B-PER jens 1 1 0 0 0 0 1 7 2 a li kleinFett 18 0
Grabowski I-PER grabowski 1 1 0 0 0 0 1 4 0 a li kleinFett 18 0

Prof. O prof. 0 1 0 0 1 0 1 0 0 a li kleinFett 18 0
Dr. O dr. 0 1 0 0 1 0 1 2 0 a li kleinFett 18 0
Dieter B-PER dieter 1 1 0 0 0 0 1 6 3 a li kleinFett 18 0
Hogrefe I-PER hogrefe 1 1 0 0 0 0 1 1 0 a li kleinFett 18 0

Dipl. O dipl. 0 0 0 0 0 0 1 0 0 a li kleinFett 18 0
- O-PUNCT - 0 1 0 0 0 0 0 12 0 a li kleinFett 18 0
Ing. O ing. 0 1 0 0 0 0 1 1 0 a li kleinFett 18 0
( O-PUNCT ( 0 1 0 0 0 0 0 6 0 a li kleinFett 18 0
FH O fh 0 0 0 0 0 0 1 0 3 a li kleinFett 18 0
) O-PUNCT ) 0 1 0 0 0 0 0 6 0 a li kleinFett 18 0
Gunnar B-PER gunnar 0 1 0 0 0 0 1 6 3 a li kleinFett 18 0
Krull I-PER krull 0 1 0 0 0 0 1 3 1 a li kleinFett 18 0

Christoph B-PER christoph 0 1 0 0 0 0 1 7 3 a li kleinFett 18 0
Rauterberg I-PER rauterberg 0 1 0 0 0 0 1 1 0 a li kleinFett 18 0
- O-PUNCT - 0 1 0 0 0 0 0 12 0 a li kleinFett 18 0
Studentischer O studentischer 0 0 0 0 0 0 1 0 0 a li kleinFett 18 0
Vertreter O vertreter 0 0 0 0 0 0 1 0 0 a li kleinFett 18 0

Prof. O prof. 0 1 0 0 1 0 1 0 0 a li kleinFett 18 0
Dr. O dr. 0 1 0 0 1 0 1 2 0 a li kleinFett 18 0
Stephan B-PER stephan 1 1 0 0 0 0 1 7 3 a li kleinFett 18 0
Waack I-PER waack 1 1 0 0 0 0 1 1 0 a li kleinFett 18 0

Fakultätsreferentin O fakultatsreferentin 0 0 0 0 0 0 1 0 0 ul li normalFett 14 0
/ O / 0 0 0 0 0 0 0 0 0 ul li normalFett 14 0
Fakultätsreferent O fakultatsreferent 0 0 0 0 0 0 1 0 0 ul li normalFett 14 0

Dr. O dr. 0 1 0 0 1 0 1 2 0 a li kleinFett 18 0
Anne B-PER anne 0 1 0 0 0 0 1 7 6 a li kleinFett 18 0
- O-PUNCT - 0 1 0 0 0 0 0 12 0 a li kleinFett 18 0
Kathrin I-PER kathrin 0 1 0 0 0 0 1 5 0 a li kleinFett 18 0
Schultz I-PER schultz 0 1 0 0 0 0 1 5 2 a li kleinFett 18 0

Direktorin O direktorin 0 0 0 0 0 0 1 0 0 ul li normalFett 14 0
/ O / 0 0 0 0 0 0 0 0 0 ul li normalFett 14 0
Direktor O direktor 0 0 0 0 0 0 1 0 0 ul li normalFett 14 0
des O des 0 1 0 0 0 0 0 2 10 ul li normalFett 14 0
Instituts O instituts 0 0 0 0 0 0 1 0 3 ul li normalFett 14 0

Prof. O prof. 0 1 0 0 1 0 1 0 0 a li kleinFett 18 0
Dr. O dr. 0 1 0 0 1 0 1 2 0 a li kleinFett 18 0
Dieter B-PER dieter 1 1 0 0 0 0 1 6 3 a li kleinFett 18 0
Hogrefe I-PER hogrefe 1 1 0 0 0 0 1 1 0 a li kleinFett 18 0

Professorin O professorin 0 0 0 0 1 0 1 0 0 ul li normalFett 14 0
/ O / 0 0 0 0 0 0 0 0 0 ul li normalFett 14 0
Professor O professor 0 0 0 0 1 0 1 0 7 ul li normalFett 14 0

Prof. O prof. 0 1 0 0 1 0 1 0 0 a li kleinFett 18 0
Dr. O dr. 0 1 0 0 1 0 1 2 0 a li kleinFett 18 0
Carsten B-PER carsten 1 1 0 0 0 0 1 6 1 a li kleinFett 18 0
Damm I-PER damm 1 1 0 0 0 0 1 4 0 a li kleinFett 18 0

Prof. O prof. 0 1 0 0 1 0 1 0 0 a li kleinFett 18 0
Dr. O dr. 0 1 0 0 1 0 1 2 0 a li kleinFett 18 0
Xiaoming B-PER xiaoming 1 1 0 0 0 0 1 5 0 a li kleinFett 18 0
Fu I-PER fu 1 1 0 0 0 0 1 8 3 a li kleinFett 18 0

Prof. O prof. 0 1 0 0 1 0 1 0 0 a li kleinFett 18 0
Dr. O dr. 0 1 0 0 1 0 1 2 0 a li kleinFett 18 0
Jens B-PER jens 1 1 0 0 0 0 1 7 2 a li kleinFett 18 0
Grabowski I-PER grabowski 1 1 0 0 0 0 1 4 0 a li kleinFett 18 0

Prof. O prof. 0 1 0 0 1 0 1 0 0 a li kleinFett 18 0
Dr. O dr. 0 1 0 0 1 0 1 2 0 a li kleinFett 18 0
Dieter B-PER dieter 1 1 0 0 0 0 1 6 3 a li kleinFett 18 0
Hogrefe I-PER hogrefe 1 1 0 0 0 0 1 1 0 a li kleinFett 18 0

Prof. O prof. 0 1 0 0 1 0 1 0 0 a li kleinFett 18 0
Dr. O dr. 0 1 0 0 1 0 1 2 0 a li kleinFett 18 0
Winfried B-PER winfried 1 1 0 0 0 0 1 5 4 a li kleinFett 18 0
Kurth I-PER kurth 1 1 0 0 0 0 1 3 0 a li kleinFett 18 0

Prof. O prof. 0 1 0 0 1 0 1 0 0 a li kleinFett 18 0
Dr. O dr. 0 1 0 0 1 0 1 2 0 a li kleinFett 18 0
Wolfgang B-PER wolfgang 1 1 0 0 0 0 1 7 5 a li kleinFett 18 0
May I-PER may 1 1 0 0 0 0 1 6 7 a li kleinFett 18 0

Prof. O prof. 0 1 0 0 1 0 1 0 0 a li kleinFett 18 0
Dr. O dr. 0 1 0 0 1 0 1 2 0 a li kleinFett 18 0
Caroline B-PER caroline 1 1 0 0 0 0 1 6 5 a li kleinFett 18 0
Sporleder I-PER sporleder 1 1 0 0 0 0 1 1 0 a li kleinFett 18 0

Prof. O prof. 0 1 0 0 1 0 1 0 0 a li kleinFett 18 0
Dr. O dr. 0 1 0 0 1 0 1 2 0 a li kleinFett 18 0
Stephan B-PER stephan 1 1 0 0 0 0 1 7 3 a li kleinFett 18 0
Waack I-PER waack 1 1 0 0 0 0 1 1 0 a li kleinFett 18 0

Prof. O prof. 0 1 0 0 1 0 1 0 0 a li kleinFett 18 0
Dr. O dr. 0 1 0 0 1 0 1 2 0 a li kleinFett 18 0
Ramin B-PER ramin 1 1 0 0 0 0 1 5 0 a li kleinFett 18 0
Yahyapour I-PER yahyapour 1 1 0 0 0 0 1 1 0 a li kleinFett 18 0

Juniorprofessorin O juniorprofessorin 0 0 0 0 0 0 1 0 0 ul li normalFett 14 0
/ O / 0 0 0 0 0 0 0 0 0 ul li normalFett 14 0
Juniorprofessor O juniorprofessor 0 0 0 0 0 0 1 0 0 ul li normalFett 14 0

Jun. O jun. 0 1 0 0 0 0 1 1 0 a li kleinFett 18 0
- O-PUNCT - 0 1 0 0 0 0 0 12 0 a li kleinFett 18 0
Prof. O prof. 0 1 0 0 1 0 1 0 0 a li kleinFett 18 0
Dr. O dr. 0 1 0 0 1 0 1 2 0 a li kleinFett 18 0
Marcus B-PER marcus 1 1 0 0 0 0 1 7 4 a li kleinFett 18 0
Baum I-PER baum 1 1 0 0 0 0 1 4 0 a li kleinFett 18 0

Honorarprofessorin O honorarprofessorin 0 0 0 0 1 0 1 0 0 ul li normalFett 14 0
/ O / 0 0 0 0 0 0 0 0 0 ul li normalFett 14 0
Honorarprofessor O honorarprofessor 0 0 0 0 1 0 1 0 0 ul li normalFett 14 0

Hon. O hon. 0 0 0 0 1 0 1 0 0 a li kleinFett 18 0
- O-PUNCT - 0 1 0 0 0 0 0 12 0 a li kleinFett 18 0
Prof. O prof. 0 1 0 0 1 0 1 0 0 a li kleinFett 18 0
Dr. O dr. 0 1 0 0 1 0 1 2 0 a li kleinFett 18 0
Eckart B-PER eckart 1 1 0 0 0 0 1 4 0 a li kleinFett 18 0
Modrow I-PER modrow 1 1 0 0 0 0 1 1 0 a li kleinFett 18 0

Hon. O hon. 0 0 0 0 1 0 1 0 0 a li kleinFett 18 0
- O-PUNCT - 0 1 0 0 0 0 0 12 0 a li kleinFett 18 0
Prof. O prof. 0 1 0 0 1 0 1 0 0 a li kleinFett 18 0
Dr. O dr. 0 1 0 0 1 0 1 2 0 a li kleinFett 18 0
Kerstin B-PER kerstin 1 1 0 0 0 0 1 5 0 a li kleinFett 18 0
Strecker I-PER strecker 1 1 0 0 0 0 1 3 0 a li kleinFett 18 0

Wissenschaftliche O wissenschaftliche 0 0 0 0 0 0 1 0 1 ul li normalFett 14 0
Mitarbeiterin O mitarbeiterin 0 0 0 0 0 0 1 0 0 ul li normalFett 14 0
/ O / 0 0 0 0 0 0 0 0 0 ul li normalFett 14 0
Wissenschaftlicher O wissenschaftlicher 0 0 0 0 0 0 1 0 0 ul li normalFett 14 0
Mitarbeiter O mitarbeiter 0 0 0 0 0 0 1 0 1 ul li normalFett 14 0

Dr. O dr. 0 1 0 0 1 0 1 2 0 a li kleinFett 18 0
Mayutan B-PER mayutan 1 1 0 0 0 0 1 0 0 a li kleinFett 18 0
Arumaithurai I-PER arumaithurai 1 1 0 0 0 0 1 0 0 a li kleinFett 18 0

Dr. O dr. 0 1 0 0 1 0 1 2 0 a li kleinFett 18 0
Henrik B-PER henrik 1 1 0 0 0 0 1 6 2 a li kleinFett 18 0
Brosenne I-PER brosenne 1 1 0 0 0 0 1 0 0 a li kleinFett 18 0

Christian B-PER christian 0 1 0 0 0 0 1 8 5 a li kleinFett 18 0
Göge I-PER goge 0 0 0 0 0 0 1 0 0 a li kleinFett 18 0
, O-PUNCT , 0 0 0 0 0 0 0 0 0 a li kleinFett 18 0
M. O m. 0 1 0 0 0 0 1 11 0 a li kleinFett 18 0
Sc. O sc. 0 1 0 0 0 0 1 2 0 a li kleinFett 18 0

Dipl. O dipl. 0 0 0 0 0 0 1 0 0 a li kleinFett 18 0
- O-PUNCT - 0 1 0 0 0 0 0 12 0 a li kleinFett 18 0
Inf. O inf. 0 0 0 0 0 0 1 0 0 a li kleinFett 18 0
Fabian B-PER fabian 0 1 0 0 0 0 1 6 3 a li kleinFett 18 0
Gumz I-PER gumz 0 1 0 0 0 0 1 0 0 a li kleinFett 18 0

Dr. O dr. 0 1 0 0 1 0 1 2 0 a li kleinFett 18 0
Steffen B-PER steffen 1 1 0 0 0 0 1 6 1 a li kleinFett 18 0
Herbold I-PER herbold 1 1 0 0 0 0 1 1 0 a li kleinFett 18 0

Dr. O dr. 0 1 0 0 1 0 1 2 0 a li kleinFett 18 0
David B-PER david 1 1 0 0 0 0 1 10 6 a li kleinFett 18 0
Koll I-PER koll 1 1 0 0 0 0 1 2 0 a li kleinFett 18 0

Dr. O dr. 0 1 0 0 1 0 1 2 0 a li kleinFett 18 0
Parisa B-PER parisa 1 1 0 0 0 0 1 4 0 a li kleinFett 18 0
Memarmoshrefi I-PER memarmoshrefi 1 1 0 0 0 0 1 0 0 a li kleinFett 18 0

Dr. O dr. 0 1 0 0 1 0 1 2 0 a li kleinFett 18 0
Lena B-PER lena 1 1 0 0 0 0 1 5 2 a li kleinFett 18 0
Wiese I-PER wiese 1 1 0 0 0 0 1 4 0 a li kleinFett 18 0

Lehrbeauftragte O lehrbeauftragte 0 0 0 0 0 0 1 0 0 ul li normalFett 14 0
/ O / 0 0 0 0 0 0 0 0 0 ul li normalFett 14 0
Lehrbeauftragter O lehrbeauftragter 0 0 0 0 0 0 1 0 0 ul li normalFett 14 0

Georg B-PER georg 1 1 0 0 0 0 1 7 4 a li kleinFett 18 0
von I-PER von 1 1 0 0 0 0 0 7 6 a li kleinFett 18 0
Zengen I-PER zengen 1 1 0 0 0 0 1 0 0 a li kleinFett 18 0

Prof. O prof. 0 1 0 0 1 0 1 0 0 a li kleinFett 18 0
Dr. O dr. 0 1 0 0 1 0 1 2 0 a li kleinFett 18 0
Lars B-PER lars 0 1 0 0 0 0 1 7 2 a li kleinFett 18 0
Wolf I-PER wolf 0 1 0 0 0 0 1 6 3 a li kleinFett 18 0

Externe O externe 0 0 0 0 0 0 1 0 5 ul li normalFett 14 0
Dozenten O dozenten 0 0 0 0 0 0 1 0 0 ul li normalFett 14 0
, O-PUNCT , 0 0 0 0 0 0 0 0 0 ul li normalFett 14 0
Lehrbeauftragte O lehrbeauftragte 0 0 0 0 0 0 1 0 0 ul li normalFett 14 0
und O und 0 1 0 0 0 0 0 1 7 ul li normalFett 14 0
Prüfende O prufende 0 0 0 0 0 0 1 0 0 ul li normalFett 14 0

Dr. O dr. 0 1 0 0 1 0 1 2 0 a li kleinFett 18 0
Omar B-PER omar 1 1 0 0 0 0 1 7 3 a li kleinFett 18 0
Alfandi I-PER alfandi 1 1 0 0 0 0 1 0 0 a li kleinFett 18 0

Prof. O prof. 0 1 0 0 1 0 1 0 0 a li kleinFett 18 0
Dr. O dr. 0 1 0 0 1 0 1 2 0 a li kleinFett 18 0
Paul B-PER paul 1 1 0 0 0 0 1 9 7 a li kleinFett 18 0
- O-PUNCT - 1 1 0 0 0 0 0 12 0 a li kleinFett 18 0
Henry I-PER henry 1 1 0 0 0 0 1 7 6 a li kleinFett 18 0
Cournède I-PER cournede 0 1 0 0 0 0 1 0 0 a li kleinFett 18 0

Dr. O dr. 0 1 0 0 1 0 1 2 0 a li kleinFett 18 0
Annika B-PER annika 0 1 0 0 0 0 1 5 2 a li kleinFett 18 0
Eickhoff I-PER eickhoff 0 1 0 0 0 0 1 3 0 a li kleinFett 18 0
- O-PUNCT - 0 1 0 0 0 0 0 12 0 a li kleinFett 18 0
Schachtebeck I-PER schachtebeck 0 1 0 0 0 0 1 1 0 a li kleinFett 18 0

Prof. O prof. 0 1 0 0 1 0 1 0 0 a li kleinFett 18 0
Dr. O dr. 0 1 0 0 1 0 1 2 0 a li kleinFett 18 0
Christopher B-PER christopher 1 1 0 0 0 0 1 8 5 a li kleinFett 18 0
Kruegel I-PER kruegel 1 1 0 0 0 0 1 0 0 a li kleinFett 18 0

Prof. O prof. 0 1 0 0 1 0 1 0 0 a li kleinFett 18 0
Dr. O dr. 0 1 0 0 1 0 1 2 0 a li kleinFett 18 0
Atif B-PER atif 1 1 0 0 0 0 1 4 0 a li kleinFett 18 0
Memon I-PER memon 1 1 0 0 0 0 1 4 0 a li kleinFett 18 0

Prof. O prof. 0 1 0 0 1 0 1 0 0 a li kleinFett 18 0
Dr. O dr. 0 1 0 0 1 0 1 2 0 a li kleinFett 18 0
Helmut B-PER helmut 1 1 0 0 0 0 1 6 3 a li kleinFett 18 0
Neukirchen I-PER neukirchen 1 1 0 0 0 0 1 1 0 a li kleinFett 18 0

Prof. O prof. 0 1 0 0 1 0 1 0 0 a li kleinFett 18 0
Dr. O dr. 0 1 0 0 1 0 1 2 0 a li kleinFett 18 0
- O-PUNCT - 0 1 0 0 0 0 0 12 0 a li kleinFett 18 0
Ing. O ing. 0 1 0 0 0 0 1 1 0 a li kleinFett 18 0
Jörg B-PER jorg 1 1 0 0 0 0 1 7 2 a li kleinFett 18 0
Nolte I-PER nolte 1 1 0 0 0 0 1 4 0 a li kleinFett 18 0

Prof. O prof. 0 1 0 0 1 0 1 0 0 a li kleinFett 18 0
Dr. O dr. 0 1 0 0 1 0 1 2 0 a li kleinFett 18 0
Klaus B-PER klaus 1 1 0 0 0 0 1 7 3 a li kleinFett 18 0
Pommerening I-PER pommerening 1 1 0 0 0 0 1 1 0 a li kleinFett 18 0

Dr. O dr. 0 1 0 0 1 0 1 2 0 a li kleinFett 18 0
K. B-PER k. 1 1 0 0 0 0 1 10 0 a li kleinFett 18 0
K. I-PER k. 1 1 0 0 0 0 1 10 0 a li kleinFett 18 0
Ramakrishnan I-PER ramakrishnan 1 1 0 0 0 0 1 5 0 a li kleinFett 18 0

Prof. O prof. 0 1 0 0 1 0 1 0 0 a li kleinFett 18 0
Jian B-PER jian 1 1 0 0 0 0 1 7 0 a li kleinFett 18 0
Ren I-PER ren 1 1 0 0 0 0 1 7 2 a li kleinFett 18 0

Prof. O prof. 0 1 0 0 1 0 1 0 0 a li kleinFett 18 0
Dr. O dr. 0 1 0 0 1 0 1 2 0 a li kleinFett 18 0
Konrad B-PER konrad 1 1 0 0 0 0 1 6 2 a li kleinFett 18 0
Rieck I-PER rieck 1 1 0 0 0 0 1 3 0 a li kleinFett 18 0

Prof. O prof. 0 1 0 0 1 0 1 0 0 a li kleinFett 18 0
Henning B-PER henning 1 1 0 0 0 0 1 6 2 a li kleinFett 18 0
Schulzrinne I-PER schulzrinne 1 1 0 0 0 0 1 0 0 a li kleinFett 18 0

Prof. O prof. 0 1 0 0 1 0 1 0 0 a li kleinFett 18 0
Dr. O dr. 0 1 0 0 1 0 1 2 0 a li kleinFett 18 0
Otto B-PER otto 1 1 0 0 0 0 1 6 4 a li kleinFett 18 0
Spaniol I-PER spaniol 1 1 0 0 0 0 1 1 0 a li kleinFett 18 0

Prof. O prof. 0 1 0 0 1 0 1 0 0 a li kleinFett 18 0
Dr. O dr. 0 1 0 0 1 0 1 2 0 a li kleinFett 18 0
Junichi B-PER junichi 1 1 0 0 0 0 1 5 0 a li kleinFett 18 0
Suzuki I-PER suzuki 1 1 0 0 0 0 1 6 2 a li kleinFett 18 0

Prof. O prof. 0 1 0 0 1 0 1 0 0 a li kleinFett 18 0
Dr. O dr. 0 1 0 0 1 0 1 2 0 a li kleinFett 18 0
Florentin B-PER florentin 0 1 0 0 0 0 1 3 3 a li kleinFett 18 0
Andreas I-PER andreas 0 1 0 0 1 0 1 8 4 a li kleinFett 18 0
Wörgötter I-PER worgotter 0 1 0 0 0 0 1 1 0 a li kleinFett 18 0

Doktorandin O doktorandin 0 0 0 0 0 0 1 0 0 ul li normalFett 14 0
/ O / 0 0 0 0 0 0 0 0 0 ul li normalFett 14 0
Doktorand O doktorand 0 0 0 0 0 0 1 0 0 ul li normalFett 14 0

M.Sc. O m.sc. 0 0 0 0 1 0 1 0 0 a li kleinFett 18 0
Sripriya B-PER sripriya 1 1 0 0 0 0 1 2 0 a li kleinFett 18 0
Srikant I-PER srikant 1 1 0 0 0 0 1 3 0 a li kleinFett 18 0
Adhatarao I-PER adhatarao 1 1 0 0 0 0 1 0 0 a li kleinFett 18 0

M.Sc. O m.sc. 0 0 0 0 1 0 1 0 0 a li kleinFett 18 0
Ella B-PER ella 1 1 0 0 0 0 1 4 2 a li kleinFett 18 0
Albrecht I-PER albrecht 1 1 0 0 0 0 1 5 3 a li kleinFett 18 0

Milad B-PER milad 0 1 0 0 0 0 1 4 0 a li kleinFett 18 0
Ayoub I-PER ayoub 0 1 0 0 0 0 1 4 1 a li kleinFett 18 0

M.Sc. O m.sc. 0 0 0 0 1 0 1 0 0 a li kleinFett 18 0
Osamah B-PER osamah 0 1 0 0 0 0 1 3 0 a li kleinFett 18 0
Barakat I-PER barakat 0 1 0 0 0 0 1 4 0 a li kleinFett 18 0

Arne B-PER arne 1 1 0 0 0 0 1 6 2 a li kleinFett 18 0
Bochem I-PER bochem 1 1 0 0 0 0 1 1 0 a li kleinFett 18 0
, O-PUNCT , 1 0 0 0 0 0 0 0 0 a li kleinFett 18 0
M. O m. 0 1 0 0 0 0 1 11 0 a li kleinFett 18 0
Sc. O sc. 0 1 0 0 0 0 1 2 0 a li kleinFett 18 0

Lianghao B-PER lianghao 0 1 0 0 0 0 1 2 0 a li kleinFett 18 0
Dai I-PER dai 0 1 0 0 0 0 1 7 3 a li kleinFett 18 0
, O-PUNCT , 0 0 0 0 0 0 0 0 0 a li kleinFett 18 0
M.Sc. O m.sc. 0 0 0 0 1 0 1 0 0 a li kleinFett 18 0

Truong B-PER truong 1 1 0 0 0 0 1 6 0 a li kleinFett 18 0
Khanh I-PER khanh 1 1 0 0 0 0 1 5 0 a li kleinFett 18 0
Linh I-PER linh 1 1 0 0 0 0 1 5 0 a li kleinFett 18 0
Dang I-PER dang 1 1 0 0 0 0 1 6 1 a li kleinFett 18 0
, O-PUNCT , 1 0 0 0 0 0 0 0 0 a li kleinFett 18 0
M. O m. 0 1 0 0 0 0 1 11 0 a li kleinFett 18 0
Sc. O sc. 0 1 0 0 0 0 1 2 0 a li kleinFett 18 0

M.Sc. O m.sc. 0 0 0 0 1 0 1 0 0 a li kleinFett 18 0
Michael B-PER michael 0 1 0 0 0 0 1 9 6 a li kleinFett 18 0
Göttsche I-PER gottsche 0 1 0 0 0 0 1 1 0 a li kleinFett 18 0

Dr. O dr. 0 1 0 0 1 0 1 2 0 a li kleinFett 18 0
Patrick B-PER patrick 1 1 0 0 0 0 1 8 6 a li kleinFett 18 0
Harms I-PER harms 1 1 0 0 0 0 1 4 0 a li kleinFett 18 0

Daniel B-PER daniel 0 1 0 0 0 0 1 9 6 a li kleinFett 18 0
Homann I-PER homann 0 1 0 0 0 0 1 3 0 a li kleinFett 18 0

Daniel B-PER daniel 1 1 0 0 0 0 1 9 6 a li kleinFett 18 0
Honsel I-PER honsel 1 1 0 0 1 0 1 1 0 a li kleinFett 18 0
, O-PUNCT , 1 0 0 0 0 0 0 0 0 a li kleinFett 18 0
Dipl. O dipl. 0 0 0 0 0 0 1 0 0 a li kleinFett 18 0
- O-PUNCT - 0 1 0 0 0 0 0 12 0 a li kleinFett 18 0
Inf. O inf. 0 0 0 0 0 0 1 0 0 a li kleinFett 18 0

Verena B-PER verena 1 1 0 0 0 0 1 5 1 a li kleinFett 18 0
Honsel I-PER honsel 1 1 0 0 1 0 1 1 0 a li kleinFett 18 0
, O-PUNCT , 1 0 0 0 0 0 0 0 0 a li kleinFett 18 0
Dipl. O dipl. 0 0 0 0 0 0 1 0 0 a li kleinFett 18 0
- O-PUNCT - 0 1 0 0 0 0 0 12 0 a li kleinFett 18 0
Math. O math. 0 0 0 0 0 0 1 0 0 a li kleinFett 18 0

Dr. O dr. 0 1 0 0 1 0 1 2 0 a li kleinFett 18 0
Hong B-PER hong 1 1 0 0 1 0 1 8 5 a li kleinFett 18 0
Huang I-PER huang 1 1 0 0 0 0 1 9 3 a li kleinFett 18 0

Dipl. O dipl. 0 0 0 0 0 0 1 0 0 a li kleinFett 18 0
- O-PUNCT - 0 1 0 0 0 0 0 12 0 a li kleinFett 18 0
Inf. O inf. 0 0 0 0 0 0 1 0 0 a li kleinFett 18 0
Jürgen B-PER jurgen 1 1 0 0 0 0 1 7 2 a li kleinFett 18 0
Knauth I-PER knauth 1 1 0 0 0 0 1 2 0 a li kleinFett 18 0

Fabian B-PER fabian 0 1 0 0 0 0 1 6 3 a li kleinFett 18 0
Korte I-PER korte 0 1 0 0 0 0 1 3 3 a li kleinFett 18 0
, O-PUNCT , 0 0 0 0 0 0 0 0 0 a li kleinFett 18 0
M.Sc. O m.sc. 0 0 0 0 1 0 1 0 0 a li kleinFett 18 0

Sameer B-PER sameer 1 1 0 0 0 0 1 5 0 a li kleinFett 18 0
Kulkarni I-PER kulkarni 1 1 0 0 0 0 1 6 0 a li kleinFett 18 0
, O-PUNCT , 1 0 0 0 0 0 0 0 0 a li kleinFett 18 0
M. O m. 1 1 0 0 0 0 1 11 0 a li kleinFett 18 0
Sc. O sc. 0 1 0 0 0 0 1 2 0 a li kleinFett 18 0

Benjamin B-PER benjamin 0 1 0 0 0 0 1 8 5 a li kleinFett 18 0
Leiding I-PER leiding 0 1 0 0 0 0 1 0 3 a li kleinFett 18 0
, O-PUNCT , 0 0 0 0 0 0 0 0 0 a li kleinFett 18 0
M. O m. 0 1 0 0 0 0 1 11 0 a li kleinFett 18 0
Sc. O sc. 0 1 0 0 0 0 1 2 0 a li kleinFett 18 0

Jiliang B-PER jiliang 1 1 0 0 0 0 1 3 0 a li kleinFett 18 0
Li I-PER li 1 1 0 0 0 0 1 9 6 a li kleinFett 18 0
, O-PUNCT , 1 0 0 0 0 0 0 0 0 a li kleinFett 18 0
M. O m. 1 1 0 0 0 0 1 11 0 a li kleinFett 18 0
Sc. O sc. 0 1 0 0 0 0 1 2 0 a li kleinFett 18 0

Di B-PER di 1 1 0 0 0 0 1 7 7 a li kleinFett 18 0
Ma I-PER ma 1 1 0 0 0 0 1 8 7 a li kleinFett 18 0

Filip B-PER filip 0 1 0 0 0 0 1 6 3 a li kleinFett 18 0
Dobrinov I-PER dobrinov 0 1 0 0 0 0 1 0 0 a li kleinFett 18 0
Makedonski I-PER makedonski 0 1 0 0 0 0 1 0 2 a li kleinFett 18 0
, O-PUNCT , 0 0 0 0 0 0 0 0 0 a li kleinFett 18 0
M. O m. 0 1 0 0 0 0 1 11 0 a li kleinFett 18 0
Sc. O sc. 0 1 0 0 0 0 1 2 0 a li kleinFett 18 0

M.Sc. O m.sc. 0 0 0 0 1 0 1 0 0 a li kleinFett 18 0
Fabian B-PER fabian 0 1 0 0 0 0 1 6 3 a li kleinFett 18 0
Sigges I-PER sigges 0 0 0 0 0 0 1 0 0 a li kleinFett 18 0

M.Sc. O m.sc. 0 0 0 0 1 0 1 0 0 a li kleinFett 18 0
Dominic B-PER dominic 1 1 0 0 0 0 1 6 2 a li kleinFett 18 0
Simm I-PER simm 1 1 0 0 0 0 1 2 0 a li kleinFett 18 0

Abhinandan B-PER abhinandan 0 1 0 0 0 0 1 3 0 a li kleinFett 18 0
Sridhara I-PER sridhara 0 1 0 0 0 0 1 3 0 a li kleinFett 18 0
Rao I-PER rao 1 1 0 0 0 0 1 7 2 a li kleinFett 18 0
Prasad I-PER prasad 1 1 0 0 0 0 1 7 1 a li kleinFett 18 0
, O-PUNCT , 1 0 0 0 0 0 0 0 0 a li kleinFett 18 0
M. O m. 1 1 0 0 0 0 1 11 0 a li kleinFett 18 0
Sc. O sc. 0 1 0 0 0 0 1 2 0 a li kleinFett 18 0

Araek B-PER araek 0 0 0 0 0 0 1 0 0 a li kleinFett 18 0
Tashkandi I-PER tashkandi 0 0 0 0 0 0 1 0 0 a li kleinFett 18 0

M.Sc. O m.sc. 0 0 0 0 1 0 1 0 0 a li kleinFett 18 0
Fabian B-PER fabian 1 1 0 0 0 0 1 6 3 a li kleinFett 18 0
Trautsch I-PER trautsch 1 1 0 0 0 0 1 1 0 a li kleinFett 18 0

Tim B-PER tim 1 1 0 0 0 0 1 7 5 a li kleinFett 18 0
Waage I-PER waage 1 1 0 0 0 0 1 2 0 a li kleinFett 18 0
, O-PUNCT , 1 0 0 0 0 0 0 0 0 a li kleinFett 18 0
M.Sc. O m.sc. 0 0 0 0 1 0 1 0 0 a li kleinFett 18 0

Marlon B-PER marlon 1 1 0 0 0 0 1 4 2 a li kleinFett 18 0
Welter I-PER welter 1 1 0 0 0 0 1 3 0 a li kleinFett 18 0
, O-PUNCT , 1 0 0 0 0 0 0 0 0 a li kleinFett 18 0
M. O m. 0 1 0 0 0 0 1 11 0 a li kleinFett 18 0
Sc. O sc. 0 1 0 0 0 0 1 2 0 a li kleinFett 18 0

M.Sc. O m.sc. 0 0 0 0 1 0 1 0 0 a li kleinFett 18 0
Shishan B-PER shishan 0 1 0 0 0 0 1 0 0 a li kleinFett 18 0
Yang I-PER yang 0 1 0 0 0 0 1 9 5 a li kleinFett 18 0

Yali B-PER yali 0 1 0 0 0 0 1 4 0 a li kleinFett 18 0
Yuan I-PER yuan 0 1 0 0 0 0 1 8 3 a li kleinFett 18 0
, O-PUNCT , 0 0 0 0 0 0 0 0 0 a li kleinFett 18 0
M. O m. 0 1 0 0 0 0 1 11 0 a li kleinFett 18 0
Sc. O sc. 0 1 0 0 0 0 1 2 0 a li kleinFett 18 0

Hang B-PER hang 1 1 0 0 0 0 1 6 3 a li kleinFett 18 0
Zhang I-PER zhang 1 1 0 0 0 0 1 9 4 a li kleinFett 18 0
, O-PUNCT , 1 0 0 0 0 0 0 0 0 a li kleinFett 18 0
M. O m. 1 1 0 0 0 0 1 11 0 a li kleinFett 18 0
Sc. O sc. 0 1 0 0 0 0 1 2 0 a li kleinFett 18 0

Sekretariat O sekretariat 0 0 0 0 0 0 1 0 1 ul li normalFett 14 0

Tina B-PER tina 0 1 0 0 0 0 1 6 7 a li kleinFett 18 0
Bockler I-PER bockler 0 0 0 0 0 0 1 0 0 a li kleinFett 18 0

Heike B-PER heike 0 1 0 0 0 0 1 5 1 a li kleinFett 18 0
Jachinke I-PER jachinke 0 0 0 0 0 0 1 0 0 a li kleinFett 18 0
- O-PUNCT - 0 1 0 0 0 0 0 12 0 a li kleinFett 18 0
Studienangelegenheiten O studienangelegenheiten 0 0 0 0 0 0 1 0 0 a li kleinFett 18 0

Annette B-PER annette 0 1 0 0 0 0 1 5 4 a li kleinFett 18 0
Kadziora I-PER kadziora 0 0 0 0 0 0 1 0 0 a li kleinFett 18 0

Carmen B-PER carmen 0 1 0 0 0 0 1 6 3 a li kleinFett 18 0
Scherbaum I-PER scherbaum 0 1 0 0 0 0 1 2 0 a li kleinFett 18 0
de I-PER de 0 1 0 0 0 0 0 9 12 a li kleinFett 18 0
Huamán I-PER huaman 0 1 0 0 0 0 1 0 0 a li kleinFett 18 0

UniVZ O univz 0 0 0 0 0 0 1 0 0 ul li normalFett 14 0
- O-PUNCT - 0 1 0 0 0 0 0 12 0 ul li normalFett 14 0
Beauftragte O beauftragte 0 0 0 0 0 0 1 0 2 ul li normalFett 14 0
/ O / 0 0 0 0 0 0 0 0 0 ul li normalFett 14 0
UniVZ O univz 0 0 0 0 0 0 1 0 0 ul li normalFett 14 0
- O-PUNCT - 0 1 0 0 0 0 0 12 0 ul li normalFett 14 0
Beauftragter O beauftragter 0 0 0 0 0 0 1 0 4 ul li normalFett 14 0

Heike B-PER heike 0 1 0 0 0 0 1 5 1 a li kleinFett 18 0
Jachinke I-PER jachinke 0 0 0 0 0 0 1 0 0 a li kleinFett 18 0

Sicherheitsbeauftragte O sicherheitsbeauftragte 0 0 0 0 0 0 1 0 2 ul li normalFett 14 0
/ O / 0 0 0 0 0 0 0 0 0 ul li normalFett 14 0
Sicherheitsbeauftragter O sicherheitsbeauftragter 0 0 0 0 0 0 1 0 0 ul li normalFett 14 0

Dipl. O dipl. 0 0 0 0 0 0 1 0 0 a li kleinFett 18 0
- O-PUNCT - 0 1 0 0 0 0 0 12 0 a li kleinFett 18 0
Ing. O ing. 0 1 0 0 0 0 1 1 0 a li kleinFett 18 0
( O-PUNCT ( 0 1 0 0 0 0 0 6 0 a li kleinFett 18 0
FH O fh 0 0 0 0 0 0 1 0 3 a li kleinFett 18 0
) O-PUNCT ) 0 1 0 0 0 0 0 6 0 a li kleinFett 18 0
Gunnar B-PER gunnar 0 1 0 0 0 0 1 6 3 a li kleinFett 18 0
Krull I-PER krull 0 1 0 0 0 0 1 3 1 a li kleinFett 18 0

Mitarbeiterin O mitarbeiterin 0 0 0 0 0 0 1 0 0 ul li normalFett 14 0
/ O / 0 0 0 0 0 0 0 0 0 ul li normalFett 14 0
Mitarbeiter O mitarbeiter 0 0 0 0 0 0 1 0 1 ul li normalFett 14 0
im O im 0 1 0 0 0 0 0 1 5 ul li normalFett 14 0
technischen O technischen 0 0 0 0 0 0 0 0 1 ul li normalFett 14 0
und O und 0 1 0 0 0 0 0 1 7 ul li normalFett 14 0
Verwaltungsdienst O verwaltungsdienst 0 0 0 0 0 0 1 0 0 ul li normalFett 14 0

Dipl. O dipl. 0 0 0 0 0 0 1 0 0 a li kleinFett 18 0
- O-PUNCT - 0 1 0 0 0 0 0 12 0 a li kleinFett 18 0
Ing. O ing. 0 1 0 0 0 0 1 1 0 a li kleinFett 18 0
( O-PUNCT ( 0 1 0 0 0 0 0 6 0 a li kleinFett 18 0
FH O fh 0 0 0 0 0 0 1 0 3 a li kleinFett 18 0
) O-PUNCT ) 0 1 0 0 0 0 0 6 0 a li kleinFett 18 0
Gunnar B-PER gunnar 0 1 0 0 0 0 1 6 3 a li kleinFett 18 0
Krull I-PER krull 0 1 0 0 0 0 1 3 1 a li kleinFett 18 0
- O-PUNCT - 0 1 0 0 0 0 0 12 0 a li kleinFett 18 0
Systemadministrator O systemadministrator 0 0 0 0 0 0 1 0 0 a li kleinFett 18 0

Dipl. O dipl. 0 0 0 0 0 0 1 0 0 a li kleinFett 18 0
- O-PUNCT - 0 1 0 0 0 0 0 12 0 a li kleinFett 18 0
Ing. O ing. 0 1 0 0 0 0 1 1 0 a li kleinFett 18 0
( O-PUNCT ( 0 1 0 0 0 0 0 6 0 a li kleinFett 18 0
FH O fh 0 0 0 0 0 0 1 0 3 a li kleinFett 18 0
) O-PUNCT ) 0 1 0 0 0 0 0 6 0 a li kleinFett 18 0
Udo O udo 0 1 0 0 0 0 1 5 1 a li kleinFett 18 0
Burghardt O burghardt 0 1 0 0 0 0 1 3 0 a li kleinFett 18 0
- O-PUNCT - 0 1 0 0 0 0 0 12 0 a li kleinFett 18 0
Systemadministrator O systemadministrator 0 0 0 0 0 0 1 0 0 a li kleinFett 18 0

Gleichstellungsbeauftragte O gleichstellungsbeauftragte 0 0 0 0 0 0 1 0 3 ul li normalFett 14 0
/ O / 0 0 0 0 0 0 0 0 0 ul li normalFett 14 0
Gleichstellungsbeauftragter O gleichstellungsbeauftragter 0 0 0 0 0 0 1 0 0 ul li normalFett 14 0

Annette B-PER annette 0 1 0 0 0 0 1 5 4 a li kleinFett 18 0
Kadziora I-PER kadziora 0 0 0 0 0 0 1 0 0 a li kleinFett 18 0

sonstige O sonstige 0 0 0 0 0 0 0 0 0 ul li normalFett 14 0
Funktionen O funktionen 0 0 0 0 0 0 1 0 2 ul li normalFett 14 0

Dr. O dr. 0 1 0 0 1 0 1 2 0 a li kleinFett 18 0
Henrik B-PER henrik 1 1 0 0 0 0 1 6 2 a li kleinFett 18 0
Brosenne I-PER brosenne 1 1 0 0 0 0 1 0 0 a li kleinFett 18 0
- O-PUNCT - 1 1 0 0 0 0 0 12 0 a li kleinFett 18 0
Studienberatung O studienberatung 0 0 0 0 0 0 1 0 2 a li kleinFett 18 0

Computer O computer 0 0 0 0 0 0 1 0 7 td tr ueb 14 0
Networks O networks 0 0 0 0 0 0 1 0 5 td tr ueb 14 0
Group O group 0 1 0 0 0 0 1 1 6 td tr ueb 14 0

Data O data 0 1 0 0 0 0 1 1 7 td tr ueb 14 0
Fusion O fusion 0 0 0 0 0 0 1 0 4 td tr ueb 14 0
Group O group 0 1 0 0 0 0 1 1 6 td tr ueb 14 0

Databases O databases 0 0 0 0 0 0 1 0 4 td tr ueb 14 0
and O and 0 1 0 0 0 0 0 0 10 td tr ueb 14 0
Information O information 0 1 0 0 0 0 1 0 8 td tr ueb 14 0
Systems O systems 0 0 0 0 0 0 1 0 6 td tr ueb 14 0

Didaktik O didaktik 0 0 0 0 0 0 1 0 0 td tr ueb 14 0
der O der 0 1 0 0 0 0 0 7 7 td tr ueb 14 0
Informatik O informatik 0 0 0 0 0 0 1 0 6 td tr ueb 14 0

Digital O digital 0 1 0 0 0 0 1 0 5 td tr ueb 14 0
Humanities O humanities 0 0 0 0 0 0 1 0 5 td tr ueb 14 0

Gruppe O gruppe 0 1 0 0 0 0 1 0 2 td tr ueb 14 0
Softwaretechnik O softwaretechnik 0 0 0 0 0 0 1 0 0 td tr ueb 14 0
für O fur 0 0 0 0 0 0 0 0 6 td tr ueb 14 0
Verteilte O verteilte 0 0 0 0 0 0 1 0 1 td tr ueb 14 0
Systeme O systeme 0 0 0 0 0 0 1 0 7 td tr ueb 14 0

Knowledge O knowledge 0 1 0 0 0 0 1 0 5 td tr ueb 14 0
Engineering O engineering 0 0 0 0 0 0 1 0 7 td tr ueb 14 0
Group O group 0 1 0 0 0 0 1 1 6 td tr ueb 14 0

Lehrstuhl O lehrstuhl 0 0 0 0 0 0 1 0 0 td tr ueb 14 0
für O fur 0 0 0 0 0 0 0 0 6 td tr ueb 14 0
Praktische O praktische 0 0 0 0 0 0 1 0 1 td tr ueb 14 0
Informatik O informatik 0 0 0 0 0 0 1 0 6 td tr ueb 14 0

Lehrstuhl O lehrstuhl 0 0 0 0 0 0 1 0 0 td tr ueb 14 0
für O fur 0 0 0 0 0 0 0 0 6 td tr ueb 14 0
Telematik O telematik 0 0 0 0 0 0 1 0 0 td tr ueb 14 0

Theoretische O theoretische 0 0 0 0 0 0 1 0 2 td tr ueb 14 0
Informatik O informatik 0 0 0 0 0 0 1 0 6 td tr ueb 14 0
und O und 0 1 0 0 0 0 0 1 7 td tr ueb 14 0
Algorithmische O algorithmische 0 0 0 0 0 0 1 0 0 td tr ueb 14 0
Methoden O methoden 0 0 0 0 0 0 1 0 1 td tr ueb 14 0

Impressum O impressum 0 0 0 0 0 0 1 0 4 td tr links3 9 0

Druckversion O druckversion 0 0 0 0 1 0 1 0 2 img td divfoot 10 0
Archiv O archiv 0 0 0 0 0 0 1 0 3 img td links3 10 1
( O-PUNCT ( 0 1 0 0 0 0 0 6 0 img td links3 10 1
bis O bis 0 0 0 0 0 0 0 0 5 img td links3 10 1
WiSe O wise 0 0 0 0 0 0 1 0 4 img td links3 10 1
2006/07 O 2006/07 0 0 0 1 0 0 0 0 0 img td links3 10 1
) O-PUNCT ) 0 1 0 0 0 0 0 6 0 img td links3 10 1
