Member O member 0 1 0 0 0 0 1 head html none 4 13
- O - 0 0 0 0 0 0 0 head html none 4 13
Intelligent O intelligent 0 0 0 0 0 0 1 head html none 4 13
Robotics O robotics 0 0 0 0 0 0 1 head html none 4 13
Laboratory O laboratory 0 0 0 0 0 0 1 head html none 4 13
( O ( 0 0 0 0 0 0 0 head html none 4 13
Ishiguro O ishiguro 0 1 0 0 0 0 1 head html none 4 13
Lab. O lab. 0 0 0 0 0 0 1 head html none 4 13
) O ) 0 0 0 0 0 0 0 head html none 4 13

Search O search 0 0 0 0 0 0 1 div form jfk-button-standard 15 0
this O this 0 0 0 0 0 0 0 div form jfk-button-standard 15 0
site O site 0 0 0 0 0 0 0 div form jfk-button-standard 15 0

Home O home 0 1 0 0 0 0 1 li ul unselected 15 0

Member O member 0 1 0 0 0 0 1 li ul current 15 0

Research O research 0 1 0 0 0 0 1 li ul unselected 15 0

Publications O publications 0 0 0 0 0 0 1 li ul unselected 15 0

History O history 0 0 0 0 0 0 1 li ul unselected 15 0

Access O access 0 1 0 0 0 0 1 li ul unselected 15 0

Sitemap O sitemap 0 0 0 0 0 0 1 li ul unselected 15 0

Home O home 0 1 0 0 0 0 1 div div sites-layout-hbox 15 0
‎ O ‎ 0 0 0 0 0 0 0 div td sites-layout-hbox 14 1
> O > 0 0 0 0 0 0 0 div td sites-layout-hbox 14 1
‎ O ‎ 0 0 0 0 0 0 0 div td sites-layout-hbox 14 1

Member O member 0 1 0 0 0 0 1 h3 div sites-layout-hbox 15 0

Member O member 0 1 0 0 0 0 1 font b sites-tile-name-header 35 0

● O ● 0 0 0 0 0 0 0 span div sites-tile-name-header 24 0
Staff O staff 0 1 0 0 0 0 1 font span sites-tile-name-header 25 0
● O ● 0 0 0 0 0 0 0 span div sites-tile-name-header 24 0
Students O students 0 0 0 0 0 0 1 font span sites-tile-name-header 25 1
● O ● 0 0 0 0 0 0 0 span div sites-tile-name-header 24 0
Alumni O alumni 0 0 0 0 0 0 1 font span sites-tile-name-header 25 2
● O ● 0 0 0 0 0 0 0 span div sites-tile-name-header 24 0
Visitors O visitors 0 0 0 0 0 0 1 font span sites-tile-name-header 25 3

Staff O staff 0 1 0 0 0 0 1 div b sites-tile-name-header 25 0

Intelligent O intelligent 0 0 0 0 0 0 1 b div sites-tile-name-content-1 24 0
Robotics O robotics 0 0 0 0 0 0 1 b div sites-tile-name-content-1 24 0
Laboratory O laboratory 0 0 0 0 0 0 1 b div sites-tile-name-content-1 24 0
, O , 0 0 0 0 0 0 0 b div sites-tile-name-content-1 24 0
Dept. O dept. 0 0 0 0 0 0 1 b div sites-tile-name-content-1 24 0

of O of 0 1 0 0 0 0 0 b div sites-tile-name-content-1 24 0
Systems O systems 0 0 0 0 0 0 1 b div sites-tile-name-content-1 24 0
Innovation O innovation 0 0 0 0 0 0 1 b div sites-tile-name-content-1 24 0
, O , 0 0 0 0 0 0 0 b div sites-tile-name-content-1 24 0
Graduate O graduate 1 1 0 0 0 0 1 b div sites-tile-name-content-1 24 0

School O school 0 1 0 0 0 0 1 b div sites-tile-name-content-1 24 0
of O of 0 1 0 0 0 0 0 b div sites-tile-name-content-1 24 0
Engineering O engineering 0 0 0 0 0 0 1 b div sites-tile-name-content-1 24 0
Science O science 0 0 0 0 0 0 1 b div sites-tile-name-content-1 24 0

Professor O professor 0 0 0 0 1 0 1 div div sites-tile-name-content-1 23 0

( O ( 0 0 0 0 0 0 0 div div sites-tile-name-content-1 23 0

Distinguished O distinguished 0 0 0 0 0 0 1 span div sites-tile-name-content-1 24 0
Professor O professor 0 0 0 0 1 0 1 span div sites-tile-name-content-1 24 0

) O ) 0 0 0 0 0 0 0 div div sites-tile-name-content-1 23 3

Hiroshi B-PER hiroshi 1 1 0 0 0 0 1 div div sites-tile-name-content-1 23 0
Ishiguro I-PER ishiguro 1 1 0 0 0 0 1 div div sites-tile-name-content-1 23 0

ishiguro O ishiguro 0 0 0 0 0 0 0 div td sites-tile-name-content-1 22 24

twitter_hiroshiishiguro O twitter_hiroshiishiguro 0 0 0 0 0 0 0 div div sites-embed-title 25 0

Android O android 0 0 0 0 1 0 1 div div sites-tile-name-content-2 23 0

Geminoid O geminoid 0 0 0 0 0 0 1 div div sites-tile-name-content-2 23 0
- O - 0 0 0 0 0 0 0 div div sites-tile-name-content-2 23 0
F O f 0 0 0 0 0 0 1 div div sites-tile-name-content-2 23 0

twitter_GeminoidF O twitter_geminoidf 0 0 0 0 0 0 0 div div sites-embed-title 25 0

domain O domain 0 0 0 0 0 0 0 div div sites-tile-name-content-3 23 0
: O : 0 0 0 0 0 0 0 div div sites-tile-name-content-3 23 0
@irl.sys.es.osaka O @irl.sys.es.osaka 0 0 0 0 0 0 0 div div sites-tile-name-content-3 23 0
- O - 0 0 0 0 0 0 0 div div sites-tile-name-content-3 23 0
u.ac.jp O u.ac.jp 0 0 0 0 0 0 0 div div sites-tile-name-content-3 23 0

Associate O associate 0 1 0 0 0 0 1 div td sites-tile-name-content-3 22 10
Professor O professor 0 0 0 0 1 0 1 div td sites-tile-name-content-3 22 10

Yuichiro B-PER yuichiro 1 1 0 0 0 0 1 div div sites-tile-name-content-3 23 0
Yoshikawa I-PER yoshikawa 1 1 0 0 0 0 1 div div sites-tile-name-content-3 23 0

yoshikawa O yoshikawa 0 0 0 0 0 0 0 div td sites-tile-name-content-3 22 15

Assistant O assistant 0 0 0 0 0 0 1 div div sites-tile-name-content-3 24 0
Professor O professor 0 0 0 0 1 0 1 div div sites-tile-name-content-3 24 0

Yoshihiro B-PER yoshihiro 1 1 0 0 0 0 1 font div sites-tile-name-content-3 25 0
Nakata I-PER nakata 1 1 0 0 0 0 1 font div sites-tile-name-content-3 25 0

nakata O nakata 0 0 0 0 0 0 0 div div sites-tile-name-content-3 23 4

Specially O specially 0 0 0 0 0 0 1 div div sites-tile-name-content-3 24 0
Appointed O appointed 0 0 0 0 0 0 1 div div sites-tile-name-content-3 24 0
Associate O associate 0 1 0 0 0 0 1 div div sites-tile-name-content-3 24 0
Professor O professor 0 0 0 0 1 0 1 div div sites-tile-name-content-3 24 0

Kohei B-PER kohei 1 1 0 0 0 0 1 div div sites-tile-name-content-3 25 0
Ogawa I-PER ogawa 1 1 0 0 0 0 1 div div sites-tile-name-content-3 25 0

ogawa O ogawa 0 0 0 0 0 0 0 div div sites-tile-name-content-3 24 3

Specially O specially 0 0 0 0 0 0 1 div div sites-tile-name-content-3 24 0
Appointed O appointed 0 0 0 0 0 0 1 div div sites-tile-name-content-3 24 0
Associate O associate 0 1 0 0 0 0 1 div div sites-tile-name-content-3 24 0
Professor O professor 0 0 0 0 1 0 1 div div sites-tile-name-content-3 24 0

HideyukiTakahashi O hideyukitakahashi 0 0 0 0 0 0 1 div div sites-tile-name-content-3 25 0

takahashi O takahashi 0 0 0 0 0 0 0 div div sites-tile-name-content-3 24 3

Specially O specially 0 0 0 0 0 0 1 span font sites-tile-name-content-3 25 0
Appointed O appointed 0 0 0 0 0 0 1 span font sites-tile-name-content-3 25 0
Assistant O assistant 0 0 0 0 0 0 1 span font sites-tile-name-content-3 25 0
Professor O professor 0 0 0 0 1 0 1 span font sites-tile-name-content-3 25 0

Tora B-PER tora 0 1 0 0 0 0 1 div div sites-tile-name-content-3 25 0
Koyama I-PER koyama 0 1 0 0 0 0 1 div div sites-tile-name-content-3 25 0

koyama O koyama 0 0 0 0 0 0 0 div div sites-tile-name-content-3 24 3

Specially O specially 0 0 0 0 0 0 1 span font sites-tile-name-content-3 25 0
Appointed O appointed 0 0 0 0 0 0 1 span font sites-tile-name-content-3 25 0
Assistant O assistant 0 0 0 0 0 0 1 span font sites-tile-name-content-3 25 0
Professor O professor 0 0 0 0 1 0 1 span font sites-tile-name-content-3 25 0

Takamasa B-PER takamasa 1 1 0 0 0 0 1 div div sites-tile-name-content-3 25 0
Iio I-PER iio 1 1 0 0 0 0 1 div div sites-tile-name-content-3 25 0

iio O iio 0 0 0 0 0 0 0 div div sites-tile-name-content-3 24 3

Specially O specially 0 0 0 0 0 0 1 span font sites-tile-name-content-3 25 0
Appointed O appointed 0 0 0 0 0 0 1 span font sites-tile-name-content-3 25 0
Assistant O assistant 0 0 0 0 0 0 1 span font sites-tile-name-content-3 25 0
Professor O professor 0 0 0 0 1 0 1 span font sites-tile-name-content-3 25 0

Oskar B-PER oskar 1 1 0 0 0 0 1 div div sites-tile-name-content-3 25 0
Palinko I-PER palinko 1 1 0 0 0 0 1 div div sites-tile-name-content-3 25 0

palinko O palinko 0 0 0 0 0 0 0 div div sites-tile-name-content-3 24 3

Specially O specially 0 0 0 0 0 0 1 span font sites-tile-name-content-3 26 0
Appointed O appointed 0 0 0 0 0 0 1 span font sites-tile-name-content-3 26 0
Assistant O assistant 0 0 0 0 0 0 1 span font sites-tile-name-content-3 26 0
Professor O professor 0 0 0 0 1 0 1 span font sites-tile-name-content-3 26 0

Hamed B-PER hamed 0 1 0 0 0 0 1 div div sites-tile-name-content-3 24 0
Mahzoon I-PER mahzoon 0 1 0 0 0 0 1 div div sites-tile-name-content-3 24 0

hamed.mahzoon O hamed.mahzoon 0 0 0 0 0 0 0 div div sites-tile-name-content-3 23 15

Specially O specially 0 0 0 0 0 0 1 span font sites-tile-name-content-3 26 0
Appointed O appointed 0 0 0 0 0 0 1 span font sites-tile-name-content-3 26 0
Researcher O researcher 0 0 0 0 0 0 1 span font sites-tile-name-content-3 26 0

Daisuke B-PER daisuke 1 1 0 0 0 0 1 div div sites-tile-name-content-3 24 0
Ikari I-PER ikari 1 1 0 0 0 0 1 div div sites-tile-name-content-3 24 0

ikari O ikari 0 0 0 0 0 0 0 div div sites-tile-name-content-3 23 33

domain O domain 0 0 0 0 0 0 0 div div sites-tile-name-footer 20 0
: O : 0 0 0 0 0 0 0 div div sites-tile-name-footer 20 0
@irl.sys.es.osaka O @irl.sys.es.osaka 0 0 0 0 0 0 0 div div sites-tile-name-footer 20 0
- O - 0 0 0 0 0 0 0 div div sites-tile-name-footer 20 0
u.ac.jp O u.ac.jp 0 0 0 0 0 0 0 div div sites-tile-name-footer 20 0

Graduate O graduate 1 1 0 0 0 0 1 div div sites-tile-name-footer 22 0
School O school 0 1 0 0 0 0 1 div div sites-tile-name-footer 22 0
of O of 0 1 0 0 0 0 0 div div sites-tile-name-footer 22 0
Engineering O engineering 0 0 0 0 0 0 1 div div sites-tile-name-footer 22 0
Science O science 0 0 0 0 0 0 1 div div sites-tile-name-footer 22 0

Frontier O frontier 0 1 0 0 0 0 1 div div sites-tile-name-footer 22 0
Intelligent O intelligent 0 0 0 0 0 0 1 div div sites-tile-name-footer 22 0
System O system 0 0 0 0 0 0 1 div div sites-tile-name-footer 22 0
Research O research 0 1 0 0 0 0 1 div div sites-tile-name-footer 22 0
Laboratory O laboratory 0 0 0 0 0 0 1 div div sites-tile-name-footer 22 0
( O ( 0 0 0 0 0 0 0 div div sites-tile-name-footer 22 0
CyberAgent O cyberagent 0 0 0 0 0 0 1 div div sites-tile-name-footer 22 0
, O , 0 0 0 0 0 0 0 div div sites-tile-name-footer 22 0
Inc. O inc. 0 1 0 0 0 0 1 div div sites-tile-name-footer 22 0
) O ) 0 0 0 0 0 0 0 div div sites-tile-name-footer 22 0

Specially O specially 0 0 0 0 0 0 1 div div sites-tile-name-footer 27 0
Appointed O appointed 0 0 0 0 0 0 1 div div sites-tile-name-footer 27 0
Associate O associate 0 1 0 0 0 0 1 div div sites-tile-name-footer 27 0
Professor O professor 0 0 0 0 1 0 1 div div sites-tile-name-footer 27 0

Itaru B-PER itaru 1 1 0 0 0 0 1 div div sites-tile-name-footer 27 0
Kuramoto I-PER kuramoto 1 1 0 0 0 0 1 div div sites-tile-name-footer 27 0

kuramoto O kuramoto 0 0 0 0 0 0 0 span div sites-tile-name-footer 28 0

Visiting O visiting 0 0 0 0 0 0 1 div div sites-tile-name-footer 27 0
Fellow O fellow 0 0 0 0 0 0 1 div div sites-tile-name-footer 27 0

Jun B-PER jun 0 1 0 0 0 0 1 div div sites-tile-name-footer 27 0
Baba I-PER baba 0 1 0 0 0 0 1 div div sites-tile-name-footer 27 0

Baba O baba 0 1 0 0 0 0 1 span div sites-tile-name-footer 27 0

domain O domain 0 0 0 0 0 0 0 div div sites-tile-name-footer 27 0
: O : 0 0 0 0 0 0 0 div div sites-tile-name-footer 27 0
@irl.sys.es.osaka O @irl.sys.es.osaka 0 0 0 0 0 0 0 div div sites-tile-name-footer 27 0
- O - 0 0 0 0 0 0 0 div div sites-tile-name-footer 27 0
u.ac.jp O u.ac.jp 0 0 0 0 0 0 0 div div sites-tile-name-footer 27 0

Dept. O dept. 0 0 0 0 0 0 1 div div sites-tile-name-footer 25 0
of O of 0 1 0 0 0 0 0 div div sites-tile-name-footer 25 0
Adaptive O adaptive 0 0 0 0 0 0 1 div div sites-tile-name-footer 25 0
Machine O machine 0 1 0 0 0 0 1 div div sites-tile-name-footer 25 0
Systems O systems 0 0 0 0 0 0 1 div div sites-tile-name-footer 25 0
, O , 0 0 0 0 0 0 0 div div sites-tile-name-footer 25 0

Graduate O graduate 1 1 0 0 0 0 1 div div sites-tile-name-footer 25 0
School O school 0 1 0 0 0 0 1 div div sites-tile-name-footer 25 0
of O of 0 1 0 0 0 0 0 div div sites-tile-name-footer 25 0
Engineering O engineering 0 0 0 0 0 0 1 div div sites-tile-name-footer 25 0

( O ( 0 0 0 0 0 0 0 div div sites-tile-name-footer 25 0
Collaborating O collaborating 0 0 0 0 0 0 1 div div sites-tile-name-footer 25 0
Division O division 0 0 0 0 0 0 1 div div sites-tile-name-footer 25 0
) O ) 0 0 0 0 0 0 0 div div sites-tile-name-footer 25 0

Professor O professor 0 0 0 0 1 0 1 div div sites-tile-name-footer 28 0

( O ( 0 0 0 0 0 0 0 div div sites-tile-name-footer 28 0

Distinguished O distinguished 0 0 0 0 0 0 1 span div sites-tile-name-footer 29 0
Professor O professor 0 0 0 0 1 0 1 span div sites-tile-name-footer 29 0

) O ) 0 0 0 0 0 0 0 div div sites-tile-name-footer 28 3

Hiroshi B-PER hiroshi 1 1 0 0 0 0 1 div div sites-tile-name-footer 28 0
Ishiguro I-PER ishiguro 1 1 0 0 0 0 1 div div sites-tile-name-footer 28 0

ishiguro O ishiguro 0 0 0 0 0 0 0 div td sites-tile-name-footer 27 12

Invited O invited 0 0 0 0 0 0 1 div div sites-tile-name-footer 24 0
Professor O professor 0 0 0 0 1 0 1 div div sites-tile-name-footer 24 0

National O national 0 0 0 0 0 0 1 div td sites-tile-name-footer 28 0
Institute O institute 0 0 0 0 0 0 1 div td sites-tile-name-footer 28 0
of O of 0 1 0 0 0 0 0 div td sites-tile-name-footer 28 0
Advanced O advanced 0 0 0 0 0 0 1 div td sites-tile-name-footer 28 0

Industrial O industrial 0 0 0 0 0 0 1 div td sites-tile-name-footer 28 1
Science O science 0 0 0 0 0 0 1 div td sites-tile-name-footer 28 1
and O and 0 1 0 0 0 0 0 div td sites-tile-name-footer 28 1
Technology O technology 0 0 0 0 0 0 1 div td sites-tile-name-footer 28 1

domain： O domain： 0 0 0 0 0 0 0 div div sites-tile-name-footer 29 0
@aist.go.jp O @aist.go.jp 0 0 0 0 0 0 0 div div sites-tile-name-footer 29 0

Yoshio B-PER yoshio 1 1 0 0 0 0 1 font div sites-tile-name-footer 30 0
Matsumoto I-PER matsumoto 1 1 0 0 0 0 1 font div sites-tile-name-footer 30 0

yoshio.matsumoto O yoshio.matsumoto 0 0 0 0 0 0 0 div td sites-tile-name-footer 28 13

ATR O atr 0 0 0 0 0 0 1 div td sites-tile-name-footer 28 0
Intelligent O intelligent 0 0 0 0 0 0 1 div td sites-tile-name-footer 28 0
Robotics O robotics 0 0 0 0 0 0 1 div td sites-tile-name-footer 28 0
and O and 0 1 0 0 0 0 0 div td sites-tile-name-footer 28 0
Communication O communication 0 0 0 0 0 0 1 div td sites-tile-name-footer 28 0
laboratories O laboratories 0 0 0 0 0 0 0 div td sites-tile-name-footer 28 0
, O , 0 0 0 0 0 0 0 div td sites-tile-name-footer 28 0
Human O human 0 1 0 0 0 0 1 div td sites-tile-name-footer 28 0
- O - 0 0 0 0 0 0 0 div td sites-tile-name-footer 28 0
Robot O robot 0 0 0 0 0 0 1 div td sites-tile-name-footer 28 0
Interaction O interaction 0 0 0 0 0 0 1 div td sites-tile-name-footer 28 0
Department O department 0 0 0 0 0 0 1 div td sites-tile-name-footer 28 0

domain： O domain： 0 0 0 0 0 0 0 div td sites-tile-name-footer 28 0
@atr.jp O @atr.jp 0 0 0 0 0 0 0 div td sites-tile-name-footer 28 0

Takayuki B-PER takayuki 1 1 0 0 0 0 1 font div sites-tile-name-footer 29 0
Kanda I-PER kanda 1 1 0 0 0 0 1 font div sites-tile-name-footer 29 0

kanda O kanda 0 0 0 0 0 0 0 div td sites-tile-name-footer 28 7

Invited O invited 0 0 0 0 0 0 1 div div sites-tile-name-footer 23 0
Associate O associate 0 1 0 0 0 0 1 div div sites-tile-name-footer 23 0
Professor O professor 0 0 0 0 1 0 1 div div sites-tile-name-footer 23 0

domain O domain 0 0 0 0 0 0 0 div div sites-tile-name-footer 32 0
: O : 0 0 0 0 0 0 0 div div sites-tile-name-footer 32 0
@ias.nagoya O @ias.nagoya 0 0 0 0 0 0 0 div div sites-tile-name-footer 32 0
- O - 0 0 0 0 0 0 0 div div sites-tile-name-footer 32 0
u.ac.jp O u.ac.jp 0 0 0 0 0 0 0 div div sites-tile-name-footer 32 0

Nagoya O nagoya 0 1 0 0 0 0 1 div td sites-tile-name-footer 27 0
University O university 0 1 0 0 0 0 1 div td sites-tile-name-footer 27 0

Institute O institute 0 0 0 0 0 0 1 font span sites-tile-name-footer 29 0
of O of 0 1 0 0 0 0 0 font span sites-tile-name-footer 29 0
Liberal O liberal 0 1 0 0 0 0 1 font span sites-tile-name-footer 29 0
Arts O arts 0 1 0 0 0 0 1 font span sites-tile-name-footer 29 0
and O and 0 1 0 0 0 0 0 font span sites-tile-name-footer 29 0
Sciences O sciences 0 0 0 0 0 0 1 font span sites-tile-name-footer 29 0

Designated O designated 0 0 0 0 0 0 1 div font sites-tile-name-footer 30 0
Associate O associate 0 1 0 0 0 0 1 div font sites-tile-name-footer 30 0
Professor O professor 0 0 0 0 1 0 1 div font sites-tile-name-footer 30 0

Masashi B-PER masashi 0 1 0 0 1 0 1 div td sites-tile-name-footer 27 0
Kasaki I-PER kasaki 0 1 0 0 0 0 1 div td sites-tile-name-footer 27 0

kasaki O kasaki 0 0 0 0 0 0 0 div td sites-tile-name-footer 27 2

ATR O atr 0 0 0 0 0 0 1 div div sites-tile-name-footer 22 2
Intelligent O intelligent 0 0 0 0 0 0 1 div div sites-tile-name-footer 22 2
Robotics O robotics 0 0 0 0 0 0 1 div div sites-tile-name-footer 22 2
and O and 0 1 0 0 0 0 0 div div sites-tile-name-footer 22 2

Communication O communication 0 0 0 0 0 0 1 div div sites-tile-name-footer 22 3
Laboratories O laboratories 0 0 0 0 0 0 1 div div sites-tile-name-footer 22 3

domain O domain 0 0 0 0 0 0 0 div div sites-tile-name-footer 23 0
: O : 0 0 0 0 0 0 0 div div sites-tile-name-footer 23 0
@atr.jp O @atr.jp 0 0 0 0 0 0 0 div div sites-tile-name-footer 23 0

Network O network 0 0 0 0 0 0 1 div div sites-tile-name-footer 27 0
Robot O robot 0 0 0 0 0 0 1 div div sites-tile-name-footer 27 0
( O ( 0 0 0 0 0 0 0 div div sites-tile-name-footer 27 0
NR O nr 0 0 0 0 0 0 1 div div sites-tile-name-footer 27 0
) O ) 0 0 0 0 0 0 0 div div sites-tile-name-footer 27 0

Group O group 0 1 0 0 0 0 1 font div sites-tile-name-footer 28 0
Leader O leader 0 1 0 0 0 0 1 font div sites-tile-name-footer 28 0

Takahiro B-PER takahiro 1 1 0 0 0 0 1 div div sites-tile-name-footer 27 0
Miyashita I-PER miyashita 1 1 0 0 0 0 1 div div sites-tile-name-footer 27 0

miyasita O miyasita 0 0 0 0 0 0 0 div td sites-tile-name-footer 26 9

Agent O agent 0 0 0 0 0 0 1 font div sites-tile-name-footer 28 0
Interaction O interaction 0 0 0 0 0 0 1 font div sites-tile-name-footer 28 0
Design O design 0 0 0 0 0 0 1 font div sites-tile-name-footer 28 0
( O ( 0 0 0 0 0 0 0 font div sites-tile-name-footer 28 0
ID O id 0 0 0 0 0 0 1 font div sites-tile-name-footer 28 0
) O ) 0 0 0 0 0 0 0 font div sites-tile-name-footer 28 0

Group O group 0 1 0 0 0 0 1 font div sites-tile-name-footer 28 1
Leader O leader 0 1 0 0 0 0 1 font div sites-tile-name-footer 28 1

Masahiro B-PER masahiro 1 1 0 0 1 0 1 font div sites-tile-name-footer 28 2
Shiomi I-PER shiomi 1 1 0 0 0 0 1 font div sites-tile-name-footer 28 2

m O m 0 0 0 0 0 0 0 div td sites-tile-name-footer 26 9
- O - 0 0 0 0 0 0 0 div td sites-tile-name-footer 26 9
shiomi O shiomi 0 0 0 0 0 0 0 div td sites-tile-name-footer 26 9

ATR O atr 0 0 0 0 0 0 1 div div sites-tile-name-footer 21 0
Hiroshi B-PER hiroshi 1 1 0 0 0 0 1 div div sites-tile-name-footer 21 0
Ishiguro I-PER ishiguro 1 1 0 0 0 0 1 div div sites-tile-name-footer 21 0
Laboratories O laboratories 0 0 0 0 0 0 1 div div sites-tile-name-footer 21 0

domain O domain 0 0 0 0 0 0 0 div div sites-tile-name-footer 21 0
: O : 0 0 0 0 0 0 0 div div sites-tile-name-footer 21 0
@art.jp O @art.jp 0 0 0 0 0 0 0 div div sites-tile-name-footer 21 0

Researcher O researcher 0 0 0 0 0 0 1 font div sites-tile-name-footer 29 2

Dylan B-PER dylan 0 1 0 0 0 0 1 font div sites-tile-name-footer 29 0
F I-PER f 0 0 0 0 0 0 1 font div sites-tile-name-footer 29 0
Glas I-PER glas 0 1 0 0 0 0 1 font div sites-tile-name-footer 29 0

dylan O dylan 0 0 0 0 0 0 0 div div sites-tile-name-footer 27 12

Researcher O researcher 0 0 0 0 0 0 1 font div sites-tile-name-footer 29 0

Takashi B-PER takashi 1 1 0 0 0 0 1 div div sites-tile-name-footer 28 0
Minato I-PER minato 1 1 0 0 0 0 1 div div sites-tile-name-footer 28 0

minato O minato 0 0 0 0 0 0 0 div div sites-tile-name-footer 27 9

Group O group 0 1 0 0 0 0 1 div div sites-tile-name-footer 29 0
Leader O leader 0 1 0 0 0 0 1 div div sites-tile-name-footer 29 0

Carlos B-PER carlos 1 1 0 0 0 0 1 font div sites-tile-name-footer 29 0
Toshinori I-PER toshinori 1 1 0 0 0 0 1 font div sites-tile-name-footer 29 0
Ishi I-PER ishi 1 1 0 0 0 0 1 font div sites-tile-name-footer 29 0

carlos O carlos 0 0 0 0 0 0 0 span div sites-tile-name-footer 29 0

Group O group 0 1 0 0 0 0 1 div div sites-tile-name-footer 28 0
Leader O leader 0 1 0 0 0 0 1 div div sites-tile-name-footer 28 0

Hidenobu B-PER hidenobu 1 1 0 0 0 0 1 div div sites-tile-name-footer 28 0
Sumioka I-PER sumioka 1 1 0 0 0 0 1 div div sites-tile-name-footer 28 0

sumioka O sumioka 0 0 0 0 0 0 0 span div sites-tile-name-footer 29 0

Principal O principal 0 0 0 0 0 0 1 font div sites-tile-name-footer 29 2
Researcher O researcher 0 0 0 0 0 0 1 font div sites-tile-name-footer 29 2

Shuichi B-PER shuichi 1 1 0 0 0 0 1 div div sites-tile-name-footer 28 0
Nishio I-PER nishio 1 1 0 0 0 0 1 div div sites-tile-name-footer 28 0

nishio O nishio 0 0 0 0 0 0 0 span div sites-tile-name-footer 29 0

domain@irl.sys.es.osaka O domain@irl.sys.es.osaka 0 0 1 0 0 0 0 div div sites-tile-name-footer 21 0
- O - 0 0 0 0 0 0 0 div div sites-tile-name-footer 21 0
u.ac.jp O u.ac.jp 0 0 0 0 0 0 0 div div sites-tile-name-footer 21 0

Osaka O osaka 0 1 0 0 0 0 1 font font sites-tile-name-footer 28 0
University O university 0 1 0 0 0 0 1 font font sites-tile-name-footer 28 0

Humanware O humanware 0 0 0 0 0 0 1 span p sites-tile-name-footer 29 0
Innovation O innovation 0 0 0 0 0 0 1 span p sites-tile-name-footer 29 0
Program O program 0 0 0 0 0 0 1 span p sites-tile-name-footer 29 0

Specially O specially 0 0 0 0 0 0 1 span p sites-tile-name-footer 29 0
Appointed O appointed 0 0 0 0 0 0 1 span p sites-tile-name-footer 29 0

Associate O associate 0 1 0 0 0 0 1 font span sites-tile-name-footer 30 0

Professor O professor 0 0 0 0 1 0 1 font span sites-tile-name-footer 30 1

Yutaka B-PER yutaka 1 1 0 0 0 0 1 font div sites-tile-name-footer 28 0
Nakamura I-PER nakamura 1 1 0 0 0 0 1 font div sites-tile-name-footer 28 0

nakamura O nakamura 0 0 0 0 0 0 0 span div sites-tile-name-footer 27 1

Hitotsubashi O hitotsubashi 0 0 0 0 0 0 1 div div sites-tile-name-footer 23 0
University O university 0 1 0 0 0 0 1 div div sites-tile-name-footer 23 0

domain O domain 0 0 0 0 0 0 0 div div sites-tile-name-footer 24 0
: O : 0 0 0 0 0 0 0 div div sites-tile-name-footer 24 0
@r.hit O @r.hit 0 0 0 0 0 0 0 div div sites-tile-name-footer 24 0
- O - 0 0 0 0 0 0 0 div div sites-tile-name-footer 24 0
u.ac.jp O u.ac.jp 0 0 0 0 0 0 0 div div sites-tile-name-footer 24 0

Masahiko B-PER masahiko 0 1 0 0 1 0 1 div div sites-tile-name-footer 28 0
Igashira I-PER igashira 0 0 0 0 0 0 1 div div sites-tile-name-footer 28 0

m.igashira O m.igashira 0 0 0 0 0 0 0 div div sites-tile-name-footer 27 9

Visiting O visiting 0 0 0 0 0 0 1 div div sites-tile-name-footer 23 0
Faculty O faculty 0 0 0 0 0 0 1 div div sites-tile-name-footer 23 0
Member O member 0 1 0 0 0 0 1 div div sites-tile-name-footer 23 0

ATR O atr 0 0 0 0 0 0 1 div div sites-tile-name-footer 22 3
Intelligent O intelligent 0 0 0 0 0 0 1 div div sites-tile-name-footer 22 3
Robotics O robotics 0 0 0 0 0 0 1 div div sites-tile-name-footer 22 3
and O and 0 1 0 0 0 0 0 div div sites-tile-name-footer 22 3

Communication O communication 0 0 0 0 0 0 1 div div sites-tile-name-footer 22 4
Laboratories O laboratories 0 0 0 0 0 0 1 div div sites-tile-name-footer 22 4

domain O domain 0 0 0 0 0 0 0 div div sites-tile-name-footer 23 0
: O : 0 0 0 0 0 0 0 div div sites-tile-name-footer 23 0
@atr.jp O @atr.jp 0 0 0 0 0 0 0 div div sites-tile-name-footer 23 0

ATR O atr 0 0 0 0 0 0 1 div div sites-tile-name-footer 28 0
Hiroshi B-PER hiroshi 1 1 0 0 0 0 1 div div sites-tile-name-footer 28 0
Ishiguro I-PER ishiguro 1 1 0 0 0 0 1 div div sites-tile-name-footer 28 0
Laboratories O laboratories 0 0 0 0 0 0 1 div div sites-tile-name-footer 28 0

Penaloza B-PER penaloza 0 1 0 0 0 0 1 font div sites-tile-name-footer 29 0
Sanchez I-PER sanchez 0 1 0 0 0 0 1 font div sites-tile-name-footer 29 0
Christian I-PER christian 0 1 0 0 0 0 1 font div sites-tile-name-footer 29 0
Isaac I-PER isaac 0 1 0 0 0 0 1 font div sites-tile-name-footer 29 0

penaloza O penaloza 0 0 0 0 0 0 0 div div sites-tile-name-footer 28 1

Specially O specially 0 0 0 0 0 0 1 div div sites-tile-name-footer 23 0
Appointed O appointed 0 0 0 0 0 0 1 div div sites-tile-name-footer 23 0
Administration O administration 0 0 0 0 0 0 1 div div sites-tile-name-footer 23 0

Chiaki B-PER chiaki 0 1 0 0 0 0 1 div div sites-tile-name-footer 29 0
Ii I-PER ii 0 1 0 0 0 0 1 div div sites-tile-name-footer 29 0

ii O ii 0 0 0 0 0 0 0 div div sites-tile-name-footer 28 5

Makiko B-PER makiko 0 1 0 0 0 0 1 div div sites-tile-name-footer 29 0
Kashioka I-PER kashioka 0 1 0 0 0 0 1 div div sites-tile-name-footer 29 0

kashioka O kashioka 0 0 0 0 0 0 0 div div sites-tile-name-footer 28 5

domain O domain 0 0 0 0 0 0 0 div div sites-tile-name-footer 27 0
: O : 0 0 0 0 0 0 0 div div sites-tile-name-footer 27 0
@irl.sys.es.osaka O @irl.sys.es.osaka 0 0 0 0 0 0 0 div div sites-tile-name-footer 27 0
- O - 0 0 0 0 0 0 0 div div sites-tile-name-footer 27 0
u.ac.jp O u.ac.jp 0 0 0 0 0 0 0 div div sites-tile-name-footer 27 0

Administration O administration 0 0 0 0 0 0 1 div div sites-tile-name-footer 23 0

Yoko B-PER yoko 0 1 0 0 0 0 1 span font sites-tile-name-footer 31 0
Asakura I-PER asakura 0 1 0 0 0 0 1 span font sites-tile-name-footer 31 0

asakura O asakura 0 0 0 0 0 0 0 div div sites-tile-name-footer 28 8

Sho B-PER sho 1 1 0 0 0 0 1 span font sites-tile-name-footer 31 0
Ito I-PER ito 1 1 0 0 0 0 1 span font sites-tile-name-footer 31 0

ito O ito 0 0 0 0 0 0 0 div div sites-tile-name-footer 28 8

Anna B-PER anna 0 1 0 0 0 0 1 span font sites-tile-name-footer 31 0
Ueda I-PER ueda 0 1 0 0 0 0 1 span font sites-tile-name-footer 31 0

ueda O ueda 0 0 0 0 0 0 0 div div sites-tile-name-footer 28 8

Shinobu B-PER shinobu 0 1 0 0 0 0 1 span font sites-tile-name-footer 31 0
Kawasaki I-PER kawasaki 0 1 0 0 0 0 1 span font sites-tile-name-footer 31 0

kawasaki O kawasaki 0 0 0 0 0 0 0 div div sites-tile-name-footer 28 8

domain O domain 0 0 0 0 0 0 0 div div sites-tile-name-footer 26 0
: O : 0 0 0 0 0 0 0 div div sites-tile-name-footer 26 0
@irl.sys.es.osaka O @irl.sys.es.osaka 0 0 0 0 0 0 0 div div sites-tile-name-footer 26 0
- O - 0 0 0 0 0 0 0 div div sites-tile-name-footer 26 0
u.ac.jp O u.ac.jp 0 0 0 0 0 0 0 div div sites-tile-name-footer 26 0

Internal O internal 0 0 0 0 0 0 1 div div sites-tile-name-footer 24 0
collaborator O collaborator 0 0 0 0 0 0 0 div div sites-tile-name-footer 24 0

Dept. O dept. 0 0 0 0 0 0 1 div div sites-tile-name-footer 25 0
of O of 0 1 0 0 0 0 0 div div sites-tile-name-footer 25 0
Adaptive O adaptive 0 0 0 0 0 0 1 div div sites-tile-name-footer 25 0
Machine O machine 0 1 0 0 0 0 1 div div sites-tile-name-footer 25 0
Systems O systems 0 0 0 0 0 0 1 div div sites-tile-name-footer 25 0
, O , 0 0 0 0 0 0 0 div div sites-tile-name-footer 25 0
Graduate O graduate 1 1 0 0 0 0 1 div div sites-tile-name-footer 25 0
School O school 0 1 0 0 0 0 1 div div sites-tile-name-footer 25 0
of O of 0 1 0 0 0 0 0 div div sites-tile-name-footer 25 0
Engineering O engineering 0 0 0 0 0 0 1 div div sites-tile-name-footer 25 0

domain O domain 0 0 0 0 0 0 0 div div sites-tile-name-footer 24 2
: O : 0 0 0 0 0 0 0 div div sites-tile-name-footer 24 2
@ams.eng.osaka O @ams.eng.osaka 0 0 0 0 0 0 0 div div sites-tile-name-footer 24 2
- O - 0 0 0 0 0 0 0 div div sites-tile-name-footer 24 2
u.ac.jp O u.ac.jp 0 0 0 0 0 0 0 div div sites-tile-name-footer 24 2

TeleRoboVision O telerobovision 0 0 0 0 0 0 1 div td sites-tile-name-footer 28 4

Hideyuki B-PER hideyuki 1 1 0 0 0 0 1 div div sites-tile-name-footer 29 0
Nakanishi I-PER nakanishi 1 1 0 0 0 0 1 div div sites-tile-name-footer 29 0

nakanishi O nakanishi 0 0 0 0 0 0 0 div td sites-tile-name-footer 28 12

High O high 0 1 0 0 0 0 1 div div sites-tile-name-footer 29 0
- O - 0 0 0 0 0 0 0 div div sites-tile-name-footer 29 0
performance O performance 0 0 0 0 0 0 0 div div sites-tile-name-footer 29 0

actuator O actuator 0 0 0 0 0 0 0 div div sites-tile-name-footer 29 1
for O for 0 1 0 0 0 0 0 div div sites-tile-name-footer 29 1
robot O robot 0 0 0 0 0 0 0 div div sites-tile-name-footer 29 1

Katsuhiro B-PER katsuhiro 1 1 0 0 0 0 1 font div sites-tile-name-footer 31 0
Hirata I-PER hirata 1 1 0 0 0 0 1 font div sites-tile-name-footer 31 0

Cognitive O cognitive 0 0 0 0 0 0 1 div div sites-tile-name-footer 29 0
Developmental O developmental 0 0 0 0 0 0 1 div div sites-tile-name-footer 29 0
Robotics O robotics 0 0 0 0 0 0 1 div div sites-tile-name-footer 29 0

Minoru B-PER minoru 1 1 0 0 0 0 1 font div sites-tile-name-footer 31 0
Asada I-PER asada 1 1 0 0 0 0 1 font div sites-tile-name-footer 31 0

Institute O institute 0 0 0 0 0 0 1 div div sites-tile-name-footer 21 0
of O of 0 1 0 0 0 0 0 div div sites-tile-name-footer 21 0
Science O science 0 0 0 0 0 0 1 div div sites-tile-name-footer 21 0
and O and 0 1 0 0 0 0 0 div div sites-tile-name-footer 21 0
Industrial O industrial 0 0 0 0 0 0 1 div div sites-tile-name-footer 21 0
Research O research 0 1 0 0 0 0 1 div div sites-tile-name-footer 21 0

Development O development 0 0 0 0 0 0 1 div td sites-tile-name-footer 26 2

of O of 0 1 0 0 0 0 0 div td sites-tile-name-footer 26 3
skin O skin 0 0 0 0 0 0 0 div td sites-tile-name-footer 26 3
sensor O sensor 0 0 0 0 0 0 0 div td sites-tile-name-footer 26 3

Katsuaki B-PER katsuaki 1 1 0 0 0 0 1 font div sites-tile-name-footer 28 0
Suganuma I-PER suganuma 1 1 0 0 0 0 1 font div sites-tile-name-footer 28 0

Tokyo O tokyo 0 0 0 0 0 0 1 div div sites-tile-name-footer 21 0
University O university 0 1 0 0 0 0 1 div div sites-tile-name-footer 21 0
of O of 0 1 0 0 0 0 0 div div sites-tile-name-footer 21 0
the O the 0 1 0 0 0 0 0 div div sites-tile-name-footer 21 0
Arts O arts 0 1 0 0 0 0 1 div div sites-tile-name-footer 21 0
, O , 0 0 0 0 0 0 0 div div sites-tile-name-footer 21 0
Art O art 0 1 0 0 0 0 1 div div sites-tile-name-footer 21 0
Innovation O innovation 0 0 0 0 0 0 1 div div sites-tile-name-footer 21 0
Center O center 0 1 0 0 0 0 1 div div sites-tile-name-footer 21 0

domain：@pc.geidai.ac.jp O domain：@pc.geidai.ac.jp 0 0 1 0 0 0 0 div div sites-tile-name-footer 21 1

Oriza B-PER oriza 1 1 0 0 0 0 1 div div sites-tile-name-footer 27 0
Hirata I-PER hirata 1 1 0 0 0 0 1 div div sites-tile-name-footer 27 0

Takenobu B-PER takenobu 1 1 0 0 0 0 1 div div sites-tile-name-footer 28 0
Chikaraishi I-PER chikaraishi 1 1 0 0 0 0 1 div div sites-tile-name-footer 28 0

chikaraishi.takenobu O chikaraishi.takenobu 0 0 0 0 0 0 0 div div sites-tile-name-footer 28 2

Copyright O copyright 0 0 0 0 0 0 1 div div sites-subfooter-content 15 0
© O © 0 0 0 0 0 0 0 div div sites-subfooter-content 15 0
2013 O 2013 0 0 0 1 0 0 0 div div sites-subfooter-content 15 0
Intelligent O intelligent 0 0 0 0 0 0 1 div div sites-subfooter-content 15 0
Robotics O robotics 0 0 0 0 0 0 1 div div sites-subfooter-content 15 0
Laboratory O laboratory 0 0 0 0 0 0 1 div div sites-subfooter-content 15 0
( O ( 0 0 0 0 0 0 0 div div sites-subfooter-content 15 0
directed O directed 0 0 0 0 0 0 0 div div sites-subfooter-content 15 0
by O by 0 1 0 0 0 0 0 div div sites-subfooter-content 15 0
Prof. O prof. 0 1 0 0 1 0 1 div div sites-subfooter-content 15 0
Hiroshi B-PER hiroshi 1 1 0 0 0 0 1 div div sites-subfooter-content 15 0
Ishiguro I-PER ishiguro 1 1 0 0 0 0 1 div div sites-subfooter-content 15 0
) O ) 0 0 0 0 0 0 0 div div sites-subfooter-content 15 0
All O all 0 1 0 0 0 0 1 div div sites-subfooter-content 15 0
Rights O rights 0 0 0 0 0 0 1 div div sites-subfooter-content 15 0
Reserved. O reserved. 0 0 0 0 0 0 1 div div sites-subfooter-content 15 0

Sign O sign 0 1 0 0 0 0 1 p div sites-system-link 9 0
in O in 0 1 0 0 0 0 0 p div sites-system-link 9 0
| O | 0 0 0 0 0 0 0 p div sites-adminfooter 9 1
Recent O recent 0 0 0 0 0 0 1 p div sites-system-link 9 2
Site O site 0 1 0 0 0 0 1 p div sites-system-link 9 2
Activity O activity 0 0 0 0 0 0 1 p div sites-system-link 9 2
| O | 0 0 0 0 0 0 0 p div sites-adminfooter 9 1
Report O report 0 0 0 0 0 0 1 p div sites-system-link 9 4
Abuse O abuse 0 0 0 0 0 0 1 p div sites-system-link 9 4
| O | 0 0 0 0 0 0 0 p div sites-adminfooter 9 1
Print O print 0 1 0 0 0 0 1 p div sites-system-link 9 6
Page O page 0 1 0 0 0 0 1 p div sites-system-link 9 6
| O | 0 0 0 0 0 0 0 p div sites-adminfooter 9 1
Powered O powered 0 0 0 0 0 0 1 p div sites-system-link 9 8
By O by 0 1 0 0 0 0 1 p div sites-system-link 9 8

Google O google 0 0 0 0 0 0 1 b p powered-by 10 0
Sites O sites 0 1 0 0 0 0 1 b p powered-by 10 0
