PhD O phd 0 0 0 0 0 0 1 0 6 head html none 4 1
School O school 0 1 0 0 0 0 1 0 7 head html none 4 1
- O-PUNCT - 0 1 0 0 0 0 0 12 0 head html none 4 1
Computer O computer 0 0 0 0 0 0 1 0 7 head html none 4 1
Science O science 0 0 0 0 0 0 1 0 7 head html none 4 1
Department O department 0 0 0 0 0 0 1 0 7 head html none 4 1
- O-PUNCT - 0 1 0 0 0 0 0 12 0 head html none 4 1
Sapienza O sapienza 0 1 0 0 0 0 1 2 1 head html none 4 1
University O university 0 1 0 0 0 0 1 1 8 head html none 4 1
of O of 0 1 0 0 0 0 0 2 10 head html none 4 1
Rome O rome 0 1 0 0 0 0 1 2 6 head html none 4 1

PhD O phd 0 0 0 0 0 0 1 0 6 td tr phd_school 7 0
School O school 0 1 0 0 0 0 1 0 7 td tr phd_school 7 0

Home O home 0 1 0 0 0 0 1 2 6 li ul menu 9 0
• O • 0 0 0 0 0 0 0 0 0 li ul menu 9 0

Students O students 0 0 0 0 0 0 1 0 8 li ul menu 9 0
• O • 0 0 0 0 0 0 0 0 0 li ul menu 9 0

Faculty O faculty 0 0 0 0 0 0 1 0 7 li ul menu_current 9 0
• O • 0 0 0 0 0 0 0 0 0 li ul menu_current 9 0

Syllabus O syllabus 0 0 0 0 0 0 1 0 1 li ul menu 9 0
• O • 0 0 0 0 0 0 0 0 0 li ul menu 9 0

Awards O awards 0 0 0 0 0 0 1 0 6 li ul menu 9 0
• O • 0 0 0 0 0 0 0 0 0 li ul menu 9 0

Seminars O seminars 0 0 0 0 0 0 1 0 3 li ul menu 9 0
• O • 0 0 0 0 0 0 0 0 0 li ul menu 9 0

How O how 0 1 0 0 0 0 1 4 7 li ul menu 9 0
to O to 0 1 0 0 0 0 0 0 10 li ul menu 9 0
apply O apply 0 0 0 0 0 0 0 0 7 li ul menu 9 0
• O • 0 0 0 0 0 0 0 0 0 li ul menu 9 0

PhD O phd 0 0 0 0 0 0 1 0 6 li ul menu 9 0
Thesis O thesis 0 0 0 0 0 0 1 0 3 li ul menu 9 0
• O • 0 0 0 0 0 0 0 0 0 li ul menu 9 0

Intranet O intranet 0 0 0 0 0 0 1 0 4 li ul menu 9 0
• O • 0 0 0 0 0 0 0 0 0 li ul menu 9 0

Faculty O faculty 0 0 0 0 0 0 1 0 7 td tr body 7 1

[ O [ 0 0 0 0 0 0 0 0 0 td tr alphabet 7 2
A O a 0 1 0 0 0 0 1 4 11 p td alphabet 8 0
B O b 0 1 0 0 0 0 1 3 9 p td alphabet 8 1
C O c 0 1 0 0 0 0 1 3 9 p td alphabet 8 2
D O d 0 1 0 0 0 0 1 3 11 p td alphabet 8 3
E O e 0 1 0 0 0 0 1 4 10 p td alphabet 8 4
F O f 0 1 0 0 0 0 1 0 8 p td alphabet 8 5
G O g 0 1 0 0 0 0 1 3 8 p td alphabet 8 6
H O h 0 1 0 0 0 0 1 3 8 p td alphabet 8 7
I O i 0 1 0 0 0 0 1 6 10 p td alphabet 8 8
J O j 0 1 0 0 0 0 1 2 8 p td alphabet 8 9
K O k 0 1 0 0 0 0 1 4 8 p td alphabet 8 10
L O l 0 1 0 0 0 0 1 2 11 p td alphabet 8 11
M O m 0 1 0 0 0 0 1 4 9 p td alphabet 8 12
N O n 0 1 0 0 0 0 1 3 10 p td alphabet 8 13
O O o 0 1 0 0 0 0 1 4 10 p td alphabet 8 14
P O p 0 1 0 0 0 0 1 4 9 p td alphabet 8 15
Q O q 0 1 0 0 0 0 1 1 8 p td alphabet 8 16
R O r 0 1 0 0 0 0 1 4 8 p td alphabet 8 17
S O s 0 1 0 0 0 0 1 4 10 p td alphabet 8 18
T O t 0 1 0 0 0 0 1 3 9 p td alphabet 8 19
U O u 0 1 0 0 0 0 1 3 10 p td alphabet 8 20
V O v 0 1 0 0 0 0 1 4 9 p td alphabet 8 21
W O w 0 1 0 0 0 0 1 1 9 p td alphabet 8 22
X O x 0 0 0 0 0 0 1 0 9 p td alphabet 8 23
Y O y 0 1 0 0 0 0 1 2 9 p td alphabet 8 24
Z O z 0 1 0 0 0 0 1 1 8 p td alphabet 8 25
] O ] 0 0 0 0 0 0 0 0 0 td tr alphabet 7 2

Professor O professor 0 0 0 0 1 0 1 0 7 td tr body 7 29
Emeritus O emeritus 0 1 0 0 1 0 1 1 3 td tr body 7 29

Corrado B-PER corrado 1 1 0 0 0 0 1 5 2 div td person 8 1
Böhm I-PER bohm 1 1 0 0 0 0 1 5 2 div td person 8 1

email O email 0 0 0 0 1 0 0 0 6 td tr person 7 30
: O-PUNCT : 0 0 0 0 0 0 0 0 0 td tr person 7 30
bohm[at]di.uniroma1.it O bohm[at]di.uniroma1.it 0 0 0 1 0 0 0 0 0 td tr person 7 30

web O web 0 0 0 0 0 0 0 0 7 td tr person 7 30
page O page 0 0 0 0 0 0 0 0 9 td tr person 7 30
: O-PUNCT : 0 0 0 0 0 0 0 0 0 td tr person 7 30
www.dsi.uniroma1.it/~boehm/ O www.dsi.uniroma1.it/~boehm/ 0 0 0 1 0 0 0 0 0 div td person 8 4

A O a 0 1 0 0 0 0 1 4 11 td tr body 7 38

Giuseppe B-PER giuseppe 1 1 0 0 0 0 1 7 4 div td person 8 0
Ateniese I-PER ateniese 1 1 0 0 0 0 1 0 0 div td person 8 0

email O email 0 0 0 0 1 0 0 0 6 td tr person 7 39
: O-PUNCT : 0 0 0 0 0 0 0 0 0 td tr person 7 39
ateniese[at]di.uniroma1.it O ateniese[at]di.uniroma1.it 0 0 0 1 0 0 0 0 0 td tr person 7 39

phone O phone 0 1 0 0 0 0 0 0 5 td tr person 7 39
: O-PUNCT : 0 0 0 0 0 0 0 0 0 td tr person 7 39
+39 O +39 0 0 0 1 0 0 0 0 0 td tr person 7 39
06 O 06 0 0 0 1 0 0 0 0 0 td tr person 7 39
4991 O 4991 0 0 0 1 0 0 0 0 0 td tr person 7 39
8308 O 8308 0 0 0 1 0 0 0 0 0 td tr person 7 39

B O b 0 1 0 0 0 0 1 3 9 td tr body 7 45

Novella B-PER novella 1 1 0 0 0 0 1 2 0 div td person 8 1
Bartolini I-PER bartolini 1 1 0 0 0 0 1 3 2 div td person 8 1

email O email 0 0 0 0 1 0 0 0 6 td tr person 7 46
: O-PUNCT : 0 0 0 0 0 0 0 0 0 td tr person 7 46
bartolini[at]di.uniroma1.it O bartolini[at]di.uniroma1.it 0 0 0 1 0 0 0 0 0 td tr person 7 46

web O web 0 0 0 0 0 0 0 0 7 td tr person 7 46
page O page 0 0 0 0 0 0 0 0 9 td tr person 7 46
: O-PUNCT : 0 0 0 0 0 0 0 0 0 td tr person 7 46
www.dsi.uniroma1.it/~novella/ O www.dsi.uniroma1.it/~novella/ 0 0 0 1 0 0 0 0 0 div td person 8 4

CV O cv 0 0 0 0 0 0 1 0 4 div td person 8 6

Giancarlo B-PER giancarlo 0 1 0 0 0 0 1 5 1 div td person 8 1
Bongiovanni I-PER bongiovanni 0 1 0 0 0 0 1 2 0 div td person 8 1

email O email 0 0 0 0 1 0 0 0 6 td tr person 7 54
: O-PUNCT : 0 0 0 0 0 0 0 0 0 td tr person 7 54
bongiovanni[at]di.uniroma1.it O bongiovanni[at]di.uniroma1.it 0 0 0 1 0 0 0 0 0 td tr person 7 54

web O web 0 0 0 0 0 0 0 0 7 td tr person 7 54
page O page 0 0 0 0 0 0 0 0 9 td tr person 7 54
: O-PUNCT : 0 0 0 0 0 0 0 0 0 td tr person 7 54
www.dsi.uniroma1.it/~bongio/ O www.dsi.uniroma1.it/~bongio/ 0 0 0 1 0 0 0 0 0 div td person 8 4

CV O cv 0 0 0 0 0 0 1 0 4 div td person 8 6

Paolo B-PER paolo 1 1 0 0 0 0 1 7 3 div td person 8 1
Bottoni I-PER bottoni 1 1 0 0 0 0 1 2 0 div td person 8 1

email O email 0 0 0 0 1 0 0 0 6 td tr person 7 62
: O-PUNCT : 0 0 0 0 0 0 0 0 0 td tr person 7 62
bottoni[at]di.uniroma1.it O bottoni[at]di.uniroma1.it 0 0 0 1 0 0 0 0 0 td tr person 7 62

web O web 0 0 0 0 0 0 0 0 7 td tr person 7 62
page O page 0 0 0 0 0 0 0 0 9 td tr person 7 62
: O-PUNCT : 0 0 0 0 0 0 0 0 0 td tr person 7 62
w3.uniroma1.it/dipinfo/scheda_docente.asp?cognome=Bottoni&nome=Paolo O w3.uniroma1.it/dipinfo/scheda_docente.asp?cognome=bottoni&nome=paolo 0 0 0 1 0 0 0 0 0 div td person 8 4

CV O cv 0 0 0 0 0 0 1 0 4 div td person 8 6

C O c 0 1 0 0 0 0 1 3 9 td tr body 7 71

Tiziana B-PER tiziana 1 1 0 0 0 0 1 4 0 div td person 8 1
Calamoneri I-PER calamoneri 1 1 0 0 0 0 1 0 0 div td person 8 1

email O email 0 0 0 0 1 0 0 0 6 td tr person 7 72
: O-PUNCT : 0 0 0 0 0 0 0 0 0 td tr person 7 72
calamoneri[at]di.uniroma1.it O calamoneri[at]di.uniroma1.it 0 0 0 1 0 0 0 0 0 td tr person 7 72

web O web 0 0 0 0 0 0 0 0 7 td tr person 7 72
page O page 0 0 0 0 0 0 0 0 9 td tr person 7 72
: O-PUNCT : 0 0 0 0 0 0 0 0 0 td tr person 7 72
www.dsi.uniroma1.it/~calamo/ O www.dsi.uniroma1.it/~calamo/ 0 0 0 1 0 0 0 0 0 div td person 8 4

CV O cv 0 0 0 0 0 0 1 0 4 div td person 8 6

Lorenzo B-PER lorenzo 1 1 0 0 0 0 1 6 4 div td person 8 0
Carlucci I-PER carlucci 1 1 0 0 0 0 1 2 0 div td person 8 0

email O email 0 0 0 0 1 0 0 0 6 td tr person 7 80
: O-PUNCT : 0 0 0 0 0 0 0 0 0 td tr person 7 80
carlucci[at]di.uniroma1.it O carlucci[at]di.uniroma1.it 0 0 0 1 0 0 0 0 0 td tr person 7 80

web O web 0 0 0 0 0 0 0 0 7 td tr person 7 80
page O page 0 0 0 0 0 0 0 0 9 td tr person 7 80
: O-PUNCT : 0 0 0 0 0 0 0 0 0 td tr person 7 80
www.cis.udel.edu/~carlucci/ O www.cis.udel.edu/~carlucci/ 0 0 0 0 0 0 0 0 0 div td person 8 3

CV O cv 0 0 0 0 0 0 1 0 4 div td person 8 5

Pietro B-PER pietro 1 1 0 0 0 0 1 6 3 div td person 8 1
Cenciarelli I-PER cenciarelli 1 1 0 0 0 0 1 0 0 div td person 8 1

email O email 0 0 0 0 1 0 0 0 6 td tr person 7 87
: O-PUNCT : 0 0 0 0 0 0 0 0 0 td tr person 7 87
cenciarelli[at]di.uniroma1.it O cenciarelli[at]di.uniroma1.it 0 0 0 1 0 0 0 0 0 td tr person 7 87

web O web 0 0 0 0 0 0 0 0 7 td tr person 7 87
page O page 0 0 0 0 0 0 0 0 9 td tr person 7 87
: O-PUNCT : 0 0 0 0 0 0 0 0 0 td tr person 7 87
www.dsi.uniroma1.it/~cencia/ O www.dsi.uniroma1.it/~cencia/ 0 0 0 1 0 0 0 0 0 div td person 8 4

Flavio B-PER flavio 1 1 0 0 0 0 1 5 2 div td person 8 1
Chierichetti I-PER chierichetti 1 1 0 0 0 0 1 1 0 div td person 8 1

email O email 0 0 0 0 1 0 0 0 6 td tr person 7 94
: O-PUNCT : 0 0 0 0 0 0 0 0 0 td tr person 7 94
chierichetti[at]di.uniroma1.it O chierichetti[at]di.uniroma1.it 0 0 0 1 0 0 0 0 0 td tr person 7 94

web O web 0 0 0 0 0 0 0 0 7 td tr person 7 94
page O page 0 0 0 0 0 0 0 0 9 td tr person 7 94
: O-PUNCT : 0 0 0 0 0 0 0 0 0 td tr person 7 94
www.chierichetti.name O www.chierichetti.name 0 0 0 0 0 0 0 0 0 div td person 8 4

CV O cv 0 0 0 0 0 0 1 0 4 div td person 8 6

Luigi B-PER luigi 1 1 0 0 0 0 1 6 3 div td person 8 1
Cinque I-PER cinque 1 1 0 0 0 0 1 2 1 div td person 8 1

email O email 0 0 0 0 1 0 0 0 6 td tr person 7 102
: O-PUNCT : 0 0 0 0 0 0 0 0 0 td tr person 7 102
cinque[at]di.uniroma1.it O cinque[at]di.uniroma1.it 0 0 0 1 0 0 0 0 0 td tr person 7 102

web O web 0 0 0 0 0 0 0 0 7 td tr person 7 102
page O page 0 0 0 0 0 0 0 0 9 td tr person 7 102
: O-PUNCT : 0 0 0 0 0 0 0 0 0 td tr person 7 102
w3.uniroma1.it/dipinfo/scheda_docente.asp?cognome=Cinque&nome=Luigi O w3.uniroma1.it/dipinfo/scheda_docente.asp?cognome=cinque&nome=luigi 0 0 0 1 0 0 0 0 0 div td person 8 4

D O d 0 1 0 0 0 0 1 3 11 td tr body 7 110

Sergio B-PER sergio 1 1 0 0 0 0 1 7 3 div td person 8 1
De I-PER de 1 1 0 0 0 0 1 8 12 div td person 8 1
Agostino I-PER agostino 1 1 0 0 0 0 1 4 3 div td person 8 1

email O email 0 0 0 0 1 0 0 0 6 td tr person 7 111
: O-PUNCT : 0 0 0 0 0 0 0 0 0 td tr person 7 111
deagostino[at]di.uniroma1.it O deagostino[at]di.uniroma1.it 0 0 0 1 0 0 0 0 0 td tr person 7 111

web O web 0 0 0 0 0 0 0 0 7 td tr person 7 111
page O page 0 0 0 0 0 0 0 0 9 td tr person 7 111
: O-PUNCT : 0 0 0 0 0 0 0 0 0 td tr person 7 111
w3.uniroma1.it/dipinfo/scheda_docente.asp?cognome=De%20Agostino&nome=Sergio O w3.uniroma1.it/dipinfo/scheda_docente.asp?cognome=de%20agostino&nome=sergio 0 0 0 1 0 0 0 0 0 div td person 8 4

CV O cv 0 0 0 0 0 0 1 0 4 div td person 8 6

Maria B-PER maria 1 1 0 0 0 0 1 8 5 div td person 8 1
De I-PER de 1 1 0 0 0 0 1 8 12 div td person 8 1
Marsico I-PER marsico 1 1 0 0 0 0 1 2 0 div td person 8 1

email O email 0 0 0 0 1 0 0 0 6 td tr person 7 119
: O-PUNCT : 0 0 0 0 0 0 0 0 0 td tr person 7 119
demarsico[at]di.uniroma1.it O demarsico[at]di.uniroma1.it 0 0 0 1 0 0 0 0 0 td tr person 7 119

web O web 0 0 0 0 0 0 0 0 7 td tr person 7 119
page O page 0 0 0 0 0 0 0 0 9 td tr person 7 119
: O-PUNCT : 0 0 0 0 0 0 0 0 0 td tr person 7 119
hci.uniroma1.it/demarsico/curriculum.htm O hci.uniroma1.it/demarsico/curriculum.htm 0 0 0 1 0 0 0 0 0 div td person 8 4

CV O cv 0 0 0 0 0 0 1 0 4 div td person 8 6

F O f 0 1 0 0 0 0 1 0 8 td tr body 7 129

Emanuela B-PER emanuela 1 1 0 0 1 0 1 4 0 div td person 8 1
Fachini I-PER fachini 1 1 0 0 0 0 1 1 0 div td person 8 1

email O email 0 0 0 0 1 0 0 0 6 td tr person 7 130
: O-PUNCT : 0 0 0 0 0 0 0 0 0 td tr person 7 130
fachini[at]di.uniroma1.it O fachini[at]di.uniroma1.it 0 0 0 1 0 0 0 0 0 td tr person 7 130

web O web 0 0 0 0 0 0 0 0 7 td tr person 7 130
page O page 0 0 0 0 0 0 0 0 9 td tr person 7 130
: O-PUNCT : 0 0 0 0 0 0 0 0 0 td tr person 7 130
w3.uniroma1.it/dipinfo/scheda_docente.asp?cognome=Fachini&nome=Emanuela O w3.uniroma1.it/dipinfo/scheda_docente.asp?cognome=fachini&nome=emanuela 0 0 0 1 0 0 0 0 0 div td person 8 4

Irene B-PER irene 1 1 0 0 0 0 1 6 4 div td person 8 1
Finocchi I-PER finocchi 1 1 0 0 0 0 1 1 0 div td person 8 1

email O email 0 0 0 0 1 0 0 0 6 td tr person 7 137
: O-PUNCT : 0 0 0 0 0 0 0 0 0 td tr person 7 137
finocchi[at]di.uniroma1.it O finocchi[at]di.uniroma1.it 0 0 0 1 0 0 0 0 0 td tr person 7 137

web O web 0 0 0 0 0 0 0 0 7 td tr person 7 137
page O page 0 0 0 0 0 0 0 0 9 td tr person 7 137
: O-PUNCT : 0 0 0 0 0 0 0 0 0 td tr person 7 137
www.dsi.uniroma1.it/~finocchi/ O www.dsi.uniroma1.it/~finocchi/ 0 0 0 1 0 0 0 0 0 div td person 8 4

CV O cv 0 0 0 0 0 0 1 0 4 div td person 8 6

Gianni B-PER gianni 1 1 0 0 0 0 1 5 2 div td person 8 0
Franceschini I-PER franceschini 1 1 0 0 0 0 1 3 0 div td person 8 0

email O email 0 0 0 0 1 0 0 0 6 td tr person 7 145
: O-PUNCT : 0 0 0 0 0 0 0 0 0 td tr person 7 145
franceschini[at]di.uniroma1.it O franceschini[at]di.uniroma1.it 0 0 0 1 0 0 0 0 0 td tr person 7 145

web O web 0 0 0 0 0 0 0 0 7 td tr person 7 145
page O page 0 0 0 0 0 0 0 0 9 td tr person 7 145
: O-PUNCT : 0 0 0 0 0 0 0 0 0 td tr person 7 145
www.di.unipi.it/~francesc/ O www.di.unipi.it/~francesc/ 0 0 0 0 0 0 0 0 0 div td person 8 3

G O g 0 1 0 0 0 0 1 3 8 td tr body 7 152

Nicola B-PER nicola 1 1 0 0 0 0 1 6 2 div td person 8 1
Galesi I-PER galesi 1 1 0 0 0 0 1 1 0 div td person 8 1

email O email 0 0 0 0 1 0 0 0 6 td tr person 7 153
: O-PUNCT : 0 0 0 0 0 0 0 0 0 td tr person 7 153
galesi[at]di.uniroma1.it O galesi[at]di.uniroma1.it 0 0 0 1 0 0 0 0 0 td tr person 7 153

web O web 0 0 0 0 0 0 0 0 7 td tr person 7 153
page O page 0 0 0 0 0 0 0 0 9 td tr person 7 153
: O-PUNCT : 0 0 0 0 0 0 0 0 0 td tr person 7 153
www.dsi.uniroma1.it/~galesi/ O www.dsi.uniroma1.it/~galesi/ 0 0 0 1 0 0 0 0 0 div td person 8 4

Daniele B-PER daniele 1 1 0 0 0 0 1 6 4 div td person 8 1
Gorla I-PER gorla 1 1 0 0 0 0 1 2 0 div td person 8 1

email O email 0 0 0 0 1 0 0 0 6 td tr person 7 160
: O-PUNCT : 0 0 0 0 0 0 0 0 0 td tr person 7 160
gorla[at]di.uniroma1.it O gorla[at]di.uniroma1.it 0 0 0 1 0 0 0 0 0 td tr person 7 160

web O web 0 0 0 0 0 0 0 0 7 td tr person 7 160
page O page 0 0 0 0 0 0 0 0 9 td tr person 7 160
: O-PUNCT : 0 0 0 0 0 0 0 0 0 td tr person 7 160
www.dsi.uniroma1.it/~gorla/ O www.dsi.uniroma1.it/~gorla/ 0 0 0 1 0 0 0 0 0 div td person 8 4

CV O cv 0 0 0 0 0 0 1 0 4 div td person 8 6

K O k 0 1 0 0 0 0 1 4 8 td tr body 7 172

János B-PER janos 1 1 0 0 0 0 1 5 2 div td person 8 1
Körner I-PER korner 1 1 0 0 0 0 1 4 2 div td person 8 1

email O email 0 0 0 0 1 0 0 0 6 td tr person 7 173
: O-PUNCT : 0 0 0 0 0 0 0 0 0 td tr person 7 173
korner[at]di.uniroma1.it O korner[at]di.uniroma1.it 0 0 0 1 0 0 0 0 0 td tr person 7 173

web O web 0 0 0 0 0 0 0 0 7 td tr person 7 173
page O page 0 0 0 0 0 0 0 0 9 td tr person 7 173
: O-PUNCT : 0 0 0 0 0 0 0 0 0 td tr person 7 173
w3.uniroma1.it/dipinfo/scheda_docente.asp?cognome=Korner&nome=Janos O w3.uniroma1.it/dipinfo/scheda_docente.asp?cognome=korner&nome=janos 0 0 0 1 0 0 0 0 0 div td person 8 4

CV O cv 0 0 0 0 0 0 1 0 4 div td person 8 6

L O l 0 1 0 0 0 0 1 2 11 td tr body 7 182

Anna B-PER anna 1 1 0 0 0 0 1 8 5 div td person 8 1
Labella I-PER labella 1 1 0 0 0 0 1 1 0 div td person 8 1

email O email 0 0 0 0 1 0 0 0 6 td tr person 7 183
: O-PUNCT : 0 0 0 0 0 0 0 0 0 td tr person 7 183
labella[at]di.uniroma1.it O labella[at]di.uniroma1.it 0 0 0 1 0 0 0 0 0 td tr person 7 183

web O web 0 0 0 0 0 0 0 0 7 td tr person 7 183
page O page 0 0 0 0 0 0 0 0 9 td tr person 7 183
: O-PUNCT : 0 0 0 0 0 0 0 0 0 td tr person 7 183
w3.uniroma1.it/dipinfo/scheda_docente.asp?cognome=Labella&nome=Anna O w3.uniroma1.it/dipinfo/scheda_docente.asp?cognome=labella&nome=anna 0 0 0 1 0 0 0 0 0 div td person 8 4

CV O cv 0 0 0 0 0 0 1 0 4 div td person 8 6

M O m 0 1 0 0 0 0 1 4 9 td tr body 7 192

Luigi B-PER luigi 1 1 0 0 0 0 1 6 3 div td person 8 1
Vincenzo I-PER vincenzo 1 1 0 0 0 0 1 6 3 div td person 8 1
Mancini I-PER mancini 1 1 0 0 0 0 1 4 0 div td person 8 1

email O email 0 0 0 0 1 0 0 0 6 td tr person 7 193
: O-PUNCT : 0 0 0 0 0 0 0 0 0 td tr person 7 193
lv.mancini[at]di.uniroma1.it O lv.mancini[at]di.uniroma1.it 0 0 0 1 0 0 0 0 0 td tr person 7 193

web O web 0 0 0 0 0 0 0 0 7 td tr person 7 193
page O page 0 0 0 0 0 0 0 0 9 td tr person 7 193
: O-PUNCT : 0 0 0 0 0 0 0 0 0 td tr person 7 193
www.dsi.uniroma1.it/~mancini/ O www.dsi.uniroma1.it/~mancini/ 0 0 0 1 0 0 0 0 0 div td person 8 4

Toni B-PER toni 1 1 0 0 0 0 1 5 1 div td person 8 1
Mancini I-PER mancini 1 1 0 0 0 0 1 4 0 div td person 8 1

email O email 0 0 0 0 1 0 0 0 6 td tr person 7 200
: O-PUNCT : 0 0 0 0 0 0 0 0 0 td tr person 7 200
tmancini[at]di.uniroma1.it O tmancini[at]di.uniroma1.it 0 0 0 1 0 0 0 0 0 td tr person 7 200

web O web 0 0 0 0 0 0 0 0 7 td tr person 7 200
page O page 0 0 0 0 0 0 0 0 9 td tr person 7 200
: O-PUNCT : 0 0 0 0 0 0 0 0 0 td tr person 7 200
http O http 0 0 0 0 0 0 0 0 8 div td person 8 4
: O-PUNCT : 0 0 0 0 0 0 0 0 0 div td person 8 4
//tmancini.di.uniroma1.it O //tmancini.di.uniroma1.it 0 0 0 1 0 0 0 0 0 div td person 8 4

CV O cv 0 0 0 0 0 0 1 0 4 div td person 8 6

Federico B-PER federico 1 1 0 0 0 0 1 6 4 div td person 8 1
Mari I-PER mari 1 1 0 0 0 0 1 5 5 div td person 8 1

email O email 0 0 0 0 1 0 0 0 6 td tr person 7 208
: O-PUNCT : 0 0 0 0 0 0 0 0 0 td tr person 7 208
mari[at]di.uniroma1.it O mari[at]di.uniroma1.it 0 0 0 1 0 0 0 0 0 td tr person 7 208

web O web 0 0 0 0 0 0 0 0 7 td tr person 7 208
page O page 0 0 0 0 0 0 0 0 9 td tr person 7 208
: O-PUNCT : 0 0 0 0 0 0 0 0 0 td tr person 7 208
mari.di.uniroma1.it O mari.di.uniroma1.it 0 0 0 1 0 0 0 0 0 div td person 8 4

CV O cv 0 0 0 0 0 0 1 0 4 div td person 8 6

Gaia B-PER gaia 1 1 0 0 0 0 1 3 2 div td person 8 0
Maselli I-PER maselli 1 1 0 0 1 0 1 1 0 div td person 8 0

email O email 0 0 0 0 1 0 0 0 6 td tr person 7 216
: O-PUNCT : 0 0 0 0 0 0 0 0 0 td tr person 7 216
maselli[at]di.uniroma1.it O maselli[at]di.uniroma1.it 0 0 0 1 1 0 0 0 0 td tr person 7 216

web O web 0 0 0 0 0 0 0 0 7 td tr person 7 216
page O page 0 0 0 0 0 0 0 0 9 td tr person 7 216
: O-PUNCT : 0 0 0 0 0 0 0 0 0 td tr person 7 216
http O http 0 0 0 0 0 0 0 0 8 div td person 8 3
: O-PUNCT : 0 0 0 0 0 0 0 0 0 div td person 8 3
//reti.dsi.uniroma1.it/eng/maselli/ O //reti.dsi.uniroma1.it/eng/maselli/ 0 0 0 1 0 0 0 0 0 div td person 8 3

Annalisa B-PER annalisa 1 1 0 0 0 0 1 4 0 div td person 8 1
Massini I-PER massini 1 1 0 0 1 0 1 1 0 div td person 8 1

email O email 0 0 0 0 1 0 0 0 6 td tr person 7 222
: O-PUNCT : 0 0 0 0 0 0 0 0 0 td tr person 7 222
massini[at]di.uniroma1.it O massini[at]di.uniroma1.it 0 0 0 1 1 0 0 0 0 td tr person 7 222

web O web 0 0 0 0 0 0 0 0 7 td tr person 7 222
page O page 0 0 0 0 0 0 0 0 9 td tr person 7 222
: O-PUNCT : 0 0 0 0 0 0 0 0 0 td tr person 7 222
twiki.di.uniroma1.it/twiki/view/Users/AnnalisaMassini O twiki.di.uniroma1.it/twiki/view/users/annalisamassini 0 0 0 1 0 0 0 0 0 div td person 8 4

CV O cv 0 0 0 0 0 0 1 0 4 div td person 8 6

Alessandro B-PER alessandro 1 1 0 0 0 0 1 7 3 div td person 8 1
Mei I-PER mei 1 1 0 0 0 0 1 7 5 div td person 8 1

email O email 0 0 0 0 1 0 0 0 6 td tr person 7 230
: O-PUNCT : 0 0 0 0 0 0 0 0 0 td tr person 7 230
mei[at]di.uniroma1.it O mei[at]di.uniroma1.it 0 0 0 1 0 0 0 0 0 td tr person 7 230

web O web 0 0 0 0 0 0 0 0 7 td tr person 7 230
page O page 0 0 0 0 0 0 0 0 9 td tr person 7 230
: O-PUNCT : 0 0 0 0 0 0 0 0 0 td tr person 7 230
www.dsi.uniroma1.it/~mei/ O www.dsi.uniroma1.it/~mei/ 0 0 0 1 0 0 0 0 0 div td person 8 4

Igor B-PER igor 1 1 0 0 0 0 1 7 4 div td person 8 0
Melatti I-PER melatti 1 1 0 0 0 0 1 1 0 div td person 8 0

email O email 0 0 0 0 1 0 0 0 6 td tr person 7 237
: O-PUNCT : 0 0 0 0 0 0 0 0 0 td tr person 7 237
melatti[at]di.uniroma1.it O melatti[at]di.uniroma1.it 0 0 0 1 0 0 0 0 0 td tr person 7 237

web O web 0 0 0 0 0 0 0 0 7 td tr person 7 237
page O page 0 0 0 0 0 0 0 0 9 td tr person 7 237
: O-PUNCT : 0 0 0 0 0 0 0 0 0 td tr person 7 237
http O http 0 0 0 0 0 0 0 0 8 div td person 8 3
: O-PUNCT : 0 0 0 0 0 0 0 0 0 div td person 8 3
//wwwusers.di.uniroma1.it/~melatti/ O //wwwusers.di.uniroma1.it/~melatti/ 0 0 0 1 0 0 0 0 0 div td person 8 3

CV O cv 0 0 0 0 0 0 1 0 4 div td person 8 5

Angelo B-PER angelo 1 1 0 0 0 0 1 6 4 div td person 8 1
Monti I-PER monti 1 1 0 0 0 0 1 4 1 div td person 8 1

email O email 0 0 0 0 1 0 0 0 6 td tr person 7 244
: O-PUNCT : 0 0 0 0 0 0 0 0 0 td tr person 7 244
monti[at]di.uniroma1.it O monti[at]di.uniroma1.it 0 0 0 1 0 0 0 0 0 td tr person 7 244

web O web 0 0 0 0 0 0 0 0 7 td tr person 7 244
page O page 0 0 0 0 0 0 0 0 9 td tr person 7 244
: O-PUNCT : 0 0 0 0 0 0 0 0 0 td tr person 7 244
w3.uniroma1.it/dipinfo/scheda_docente.asp?cognome=Monti&nome=Angelo O w3.uniroma1.it/dipinfo/scheda_docente.asp?cognome=monti&nome=angelo 0 0 0 1 0 0 0 0 0 div td person 8 4

Marina B-PER marina 1 1 0 0 0 0 1 6 4 div td person 8 1
Moscarini I-PER moscarini 1 1 0 0 1 0 1 1 0 div td person 8 1

email O email 0 0 0 0 1 0 0 0 6 td tr person 7 251
: O-PUNCT : 0 0 0 0 0 0 0 0 0 td tr person 7 251
moscarini[at]di.uniroma1.it O moscarini[at]di.uniroma1.it 0 0 0 1 1 0 0 0 0 td tr person 7 251

web O web 0 0 0 0 0 0 0 0 7 td tr person 7 251
page O page 0 0 0 0 0 0 0 0 9 td tr person 7 251
: O-PUNCT : 0 0 0 0 0 0 0 0 0 td tr person 7 251
w3.uniroma1.it/dipinfo/scheda_docente.asp?cognome=Moscarini&nome=Marina O w3.uniroma1.it/dipinfo/scheda_docente.asp?cognome=moscarini&nome=marina 0 0 0 1 0 0 0 0 0 div td person 8 4

CV O cv 0 0 0 0 0 0 1 0 4 div td person 8 6

N O n 0 1 0 0 0 0 1 3 10 td tr body 7 260

Roberto B-PER roberto 1 1 0 0 0 0 1 7 3 div td person 8 1
Navigli I-PER navigli 1 1 0 0 0 0 1 0 0 div td person 8 1

email O email 0 0 0 0 1 0 0 0 6 td tr person 7 261
: O-PUNCT : 0 0 0 0 0 0 0 0 0 td tr person 7 261
navigli[at]di.uniroma1.it O navigli[at]di.uniroma1.it 0 0 0 1 0 0 0 0 0 td tr person 7 261

web O web 0 0 0 0 0 0 0 0 7 td tr person 7 261
page O page 0 0 0 0 0 0 0 0 9 td tr person 7 261
: O-PUNCT : 0 0 0 0 0 0 0 0 0 td tr person 7 261
www.dsi.uniroma1.it/~navigli/ O www.dsi.uniroma1.it/~navigli/ 0 0 0 1 0 0 0 0 0 div td person 8 4

CV O cv 0 0 0 0 0 0 1 0 4 div td person 8 6

P O p 0 1 0 0 0 0 1 4 9 td tr body 7 271

Alessandro B-PER alessandro 1 1 0 0 0 0 1 7 3 div td person 8 1
Panconesi I-PER panconesi 1 1 0 0 0 0 1 0 0 div td person 8 1

email O email 0 0 0 0 1 0 0 0 6 td tr person 7 272
: O-PUNCT : 0 0 0 0 0 0 0 0 0 td tr person 7 272
panconesi[at]di.uniroma1.it O panconesi[at]di.uniroma1.it 0 0 0 1 0 0 0 0 0 td tr person 7 272

web O web 0 0 0 0 0 0 0 0 7 td tr person 7 272
page O page 0 0 0 0 0 0 0 0 9 td tr person 7 272
: O-PUNCT : 0 0 0 0 0 0 0 0 0 td tr person 7 272
www.dsi.uniroma1.it/~ale/ O www.dsi.uniroma1.it/~ale/ 0 0 0 1 0 0 0 0 0 div td person 8 4

Emanuele B-PER emanuele 1 1 0 0 1 0 1 5 2 div td person 8 1
Panizzi I-PER panizzi 1 1 0 0 0 0 1 1 0 div td person 8 1

email O email 0 0 0 0 1 0 0 0 6 td tr person 7 279
: O-PUNCT : 0 0 0 0 0 0 0 0 0 td tr person 7 279
panizzi[at]di.uniroma1.it O panizzi[at]di.uniroma1.it 0 0 0 1 0 0 0 0 0 td tr person 7 279

web O web 0 0 0 0 0 0 0 0 7 td tr person 7 279
page O page 0 0 0 0 0 0 0 0 9 td tr person 7 279
: O-PUNCT : 0 0 0 0 0 0 0 0 0 td tr person 7 279
hci.uniroma1.it/panizzi/ O hci.uniroma1.it/panizzi/ 0 0 0 1 0 0 0 0 0 div td person 8 4

Francesco B-PER francesco 1 1 0 0 0 0 1 7 4 div td person 8 1
Parisi I-PER parisi 1 1 0 0 0 0 1 4 0 div td person 8 1
Presicce I-PER presicce 0 1 0 0 0 0 1 1 0 div td person 8 1

email O email 0 0 0 0 1 0 0 0 6 td tr person 7 286
: O-PUNCT : 0 0 0 0 0 0 0 0 0 td tr person 7 286
parisi[at]di.uniroma1.it O parisi[at]di.uniroma1.it 0 0 0 1 0 0 0 0 0 td tr person 7 286

web O web 0 0 0 0 0 0 0 0 7 td tr person 7 286
page O page 0 0 0 0 0 0 0 0 9 td tr person 7 286
: O-PUNCT : 0 0 0 0 0 0 0 0 0 td tr person 7 286
www.dsi.uniroma1.it/~parisi/welcome.html O www.dsi.uniroma1.it/~parisi/welcome.html 0 0 0 1 0 0 0 0 0 div td person 8 4

Fabio B-PER fabio 1 1 0 0 0 0 1 7 1 div td person 8 0
Pellacini I-PER pellacini 1 1 0 0 0 0 1 0 0 div td person 8 0

email O email 0 0 0 0 1 0 0 0 6 td tr person 7 293
: O-PUNCT : 0 0 0 0 0 0 0 0 0 td tr person 7 293
pellacini[at]di.uniroma1.it O pellacini[at]di.uniroma1.it 0 0 0 1 0 0 0 0 0 td tr person 7 293

web O web 0 0 0 0 0 0 0 0 7 td tr person 7 293
page O page 0 0 0 0 0 0 0 0 9 td tr person 7 293
: O-PUNCT : 0 0 0 0 0 0 0 0 0 td tr person 7 293
http O http 0 0 0 0 0 0 0 0 8 div td person 8 3
: O-PUNCT : 0 0 0 0 0 0 0 0 0 div td person 8 3
//pellacini.di.uniroma1.it/ O //pellacini.di.uniroma1.it/ 0 0 0 1 0 0 0 0 0 div td person 8 3

Rossella B-PER rossella 1 1 0 0 0 0 1 4 0 div td person 8 1
Petreschi I-PER petreschi 1 1 0 0 0 0 1 1 0 div td person 8 1

email O email 0 0 0 0 1 0 0 0 6 td tr person 7 299
: O-PUNCT : 0 0 0 0 0 0 0 0 0 td tr person 7 299
petreschi[at]di.uniroma1.it O petreschi[at]di.uniroma1.it 0 0 0 1 0 0 0 0 0 td tr person 7 299

web O web 0 0 0 0 0 0 0 0 7 td tr person 7 299
page O page 0 0 0 0 0 0 0 0 9 td tr person 7 299
: O-PUNCT : 0 0 0 0 0 0 0 0 0 td tr person 7 299
w3.uniroma1.it/dipinfo/scheda_docente.asp?cognome=Petreschi&nome=Rossella O w3.uniroma1.it/dipinfo/scheda_docente.asp?cognome=petreschi&nome=rossella 0 0 0 1 0 0 0 0 0 div td person 8 4

CV O cv 0 0 0 0 0 0 1 0 4 div td person 8 6

Chiara B-PER chiara 1 1 0 0 0 0 1 6 0 div td person 8 1
Petrioli I-PER petrioli 1 1 0 0 0 0 1 0 0 div td person 8 1

email O email 0 0 0 0 1 0 0 0 6 td tr person 7 307
: O-PUNCT : 0 0 0 0 0 0 0 0 0 td tr person 7 307
petrioli[at]di.uniroma1.it O petrioli[at]di.uniroma1.it 0 0 0 1 0 0 0 0 0 td tr person 7 307

web O web 0 0 0 0 0 0 0 0 7 td tr person 7 307
page O page 0 0 0 0 0 0 0 0 9 td tr person 7 307
: O-PUNCT : 0 0 0 0 0 0 0 0 0 td tr person 7 307
reti.dsi.uniroma1.it/eng/petrioli/chiara O reti.dsi.uniroma1.it/eng/petrioli/chiara 0 0 0 1 0 0 0 0 0 div td person 8 4
- O-PUNCT - 0 1 0 0 0 0 0 12 0 div td person 8 4
petrioli.html O petrioli.html 0 0 0 0 0 0 0 0 0 div td person 8 4

CV O cv 0 0 0 0 0 0 1 0 4 div td person 8 6

Adolfo B-PER adolfo 1 1 0 0 0 0 1 5 2 div td person 8 1
Piperno I-PER piperno 1 1 0 0 0 0 1 1 0 div td person 8 1

email O email 0 0 0 0 1 0 0 0 6 td tr person 7 315
: O-PUNCT : 0 0 0 0 0 0 0 0 0 td tr person 7 315
piperno[at]di.uniroma1.it O piperno[at]di.uniroma1.it 0 0 0 1 0 0 0 0 0 td tr person 7 315

web O web 0 0 0 0 0 0 0 0 7 td tr person 7 315
page O page 0 0 0 0 0 0 0 0 9 td tr person 7 315
: O-PUNCT : 0 0 0 0 0 0 0 0 0 td tr person 7 315
www.dsi.uniroma1.it/~piperno/pers/Home.html O www.dsi.uniroma1.it/~piperno/pers/home.html 0 0 0 1 0 0 0 0 0 div td person 8 4

S O s 0 1 0 0 0 0 1 4 10 td tr body 7 325

Ivano B-PER ivano 1 1 0 0 0 0 1 4 0 div td person 8 1
Salvo I-PER salvo 1 1 0 0 0 0 1 3 0 div td person 8 1

email O email 0 0 0 0 1 0 0 0 6 td tr person 7 326
: O-PUNCT : 0 0 0 0 0 0 0 0 0 td tr person 7 326
salvo[at]di.uniroma1.it O salvo[at]di.uniroma1.it 0 0 0 1 0 0 0 0 0 td tr person 7 326

web O web 0 0 0 0 0 0 0 0 7 td tr person 7 326
page O page 0 0 0 0 0 0 0 0 9 td tr person 7 326
: O-PUNCT : 0 0 0 0 0 0 0 0 0 td tr person 7 326
www.dsi.uniroma1.it/~salvo/ O www.dsi.uniroma1.it/~salvo/ 0 0 0 1 0 0 0 0 0 div td person 8 4

CV O cv 0 0 0 0 0 0 1 0 4 div td person 8 6

Julinda B-PER julinda 1 1 0 0 0 0 1 1 0 div td person 8 1
Stefa I-PER stefa 1 1 0 0 0 0 1 0 0 div td person 8 1

email O email 0 0 0 0 1 0 0 0 6 td tr person 7 334
: O-PUNCT : 0 0 0 0 0 0 0 0 0 td tr person 7 334
stefa[at]di.uniroma1.it O stefa[at]di.uniroma1.it 0 0 0 1 0 0 0 0 0 td tr person 7 334

web O web 0 0 0 0 0 0 0 0 7 td tr person 7 334
page O page 0 0 0 0 0 0 0 0 9 td tr person 7 334
: O-PUNCT : 0 0 0 0 0 0 0 0 0 td tr person 7 334
http O http 0 0 0 0 0 0 0 0 8 div td person 8 4
: O-PUNCT : 0 0 0 0 0 0 0 0 0 div td person 8 4
//wwwusers.di.uniroma1.it/~stefa/ O //wwwusers.di.uniroma1.it/~stefa/ 0 0 0 1 0 0 0 0 0 div td person 8 4

CV O cv 0 0 0 0 0 0 1 0 4 div td person 8 6

Andrea B-PER andrea 1 1 0 0 1 0 1 8 4 div td person 8 1
Sterbini I-PER sterbini 1 1 0 0 0 0 1 0 0 div td person 8 1

email O email 0 0 0 0 1 0 0 0 6 td tr person 7 342
: O-PUNCT : 0 0 0 0 0 0 0 0 0 td tr person 7 342
sterbini[at]di.uniroma1.it O sterbini[at]di.uniroma1.it 0 0 0 1 0 0 0 0 0 td tr person 7 342

web O web 0 0 0 0 0 0 0 0 7 td tr person 7 342
page O page 0 0 0 0 0 0 0 0 9 td tr person 7 342
: O-PUNCT : 0 0 0 0 0 0 0 0 0 td tr person 7 342
twiki.dsi.uniroma1.it/twiki/view/Users/AndreaSterbini O twiki.dsi.uniroma1.it/twiki/view/users/andreasterbini 0 0 0 1 0 0 0 0 0 div td person 8 4

CV O cv 0 0 0 0 0 0 1 0 4 div td person 8 6

T O t 0 1 0 0 0 0 1 3 9 td tr body 7 351

Enrico B-PER enrico 1 1 0 0 0 0 1 6 3 div td person 8 1
Tronci I-PER tronci 1 1 0 0 0 0 1 1 0 div td person 8 1

email O email 0 0 0 0 1 0 0 0 6 td tr person 7 352
: O-PUNCT : 0 0 0 0 0 0 0 0 0 td tr person 7 352
tronci[at]di.uniroma1.it O tronci[at]di.uniroma1.it 0 0 0 1 0 0 0 0 0 td tr person 7 352

web O web 0 0 0 0 0 0 0 0 7 td tr person 7 352
page O page 0 0 0 0 0 0 0 0 9 td tr person 7 352
: O-PUNCT : 0 0 0 0 0 0 0 0 0 td tr person 7 352
www.dsi.uniroma1.it/~tronci/ O www.dsi.uniroma1.it/~tronci/ 0 0 0 1 0 0 0 0 0 div td person 8 4

CV O cv 0 0 0 0 0 0 1 0 4 div td person 8 6

V O v 0 1 0 0 0 0 1 4 9 td tr body 7 362

Paola B-PER paola 1 1 0 0 0 0 1 6 0 div td person 8 1
Velardi I-PER velardi 1 1 0 0 0 0 1 1 0 div td person 8 1

email O email 0 0 0 0 1 0 0 0 6 td tr person 7 363
: O-PUNCT : 0 0 0 0 0 0 0 0 0 td tr person 7 363
velardi[at]di.uniroma1.it O velardi[at]di.uniroma1.it 0 0 0 1 0 0 0 0 0 td tr person 7 363

web O web 0 0 0 0 0 0 0 0 7 td tr person 7 363
page O page 0 0 0 0 0 0 0 0 9 td tr person 7 363
: O-PUNCT : 0 0 0 0 0 0 0 0 0 td tr person 7 363
www.dsi.uniroma1.it/~velardi/welcome.htm O www.dsi.uniroma1.it/~velardi/welcome.htm 0 0 0 1 0 0 0 0 0 div td person 8 4

CV O cv 0 0 0 0 0 0 1 0 4 div td person 8 6

Daniele B-PER daniele 1 1 0 0 0 0 1 6 4 div td person 8 0
Venturi I-PER venturi 1 1 0 0 0 0 1 3 2 div td person 8 0

email O email 0 0 0 0 1 0 0 0 6 td tr person 7 371
: O-PUNCT : 0 0 0 0 0 0 0 0 0 td tr person 7 371
venturi[at]di.uniroma1.it O venturi[at]di.uniroma1.it 0 0 0 1 0 0 0 0 0 td tr person 7 371

web O web 0 0 0 0 0 0 0 0 7 td tr person 7 371
page O page 0 0 0 0 0 0 0 0 9 td tr person 7 371
: O-PUNCT : 0 0 0 0 0 0 0 0 0 td tr person 7 371
http O http 0 0 0 0 0 0 0 0 8 div td person 8 3
: O-PUNCT : 0 0 0 0 0 0 0 0 0 div td person 8 3
//danieleventuri.altervista.org/ O //danieleventuri.altervista.org/ 0 0 0 0 0 0 0 0 0 div td person 8 3

W O w 0 1 0 0 0 0 1 1 9 td tr body 7 378

Paul B-PER paul 1 1 0 0 0 0 1 9 7 div td person 8 1
Wollan I-PER wollan 1 1 0 0 0 0 1 1 0 div td person 8 1

email O email 0 0 0 0 1 0 0 0 6 td tr person 7 379
: O-PUNCT : 0 0 0 0 0 0 0 0 0 td tr person 7 379
wollan[at]di.uniroma1.it O wollan[at]di.uniroma1.it 0 0 0 1 0 0 0 0 0 td tr person 7 379

web O web 0 0 0 0 0 0 0 0 7 td tr person 7 379
page O page 0 0 0 0 0 0 0 0 9 td tr person 7 379
: O-PUNCT : 0 0 0 0 0 0 0 0 0 td tr person 7 379
http O http 0 0 0 0 0 0 0 0 8 div td person 8 4
: O-PUNCT : 0 0 0 0 0 0 0 0 0 div td person 8 4
//wwwusers.di.uniroma1.it/~wollan O //wwwusers.di.uniroma1.it/~wollan 0 0 0 1 0 0 0 0 0 div td person 8 4

CV O cv 0 0 0 0 0 0 1 0 4 div td person 8 6

XHTML O xhtml 0 0 0 0 0 0 1 0 5 td tr footer 7 0
1.0 O 1.0 0 0 0 1 0 0 0 0 0 td tr footer 7 0
- O-PUNCT - 0 1 0 0 0 0 0 12 0 tr table footer 6 1
CSS O css 0 0 0 0 0 0 1 0 5 td tr footer 7 1
- O-PUNCT - 0 1 0 0 0 0 0 12 0 tr table footer 6 1
