People O 0 1 meta meta none 11 0
- O 0 0 meta meta none 11 0
Department O 0 0 meta meta none 11 0
of O 0 1 meta meta none 11 0
Informatics O 0 0 meta meta none 11 0

Main O 0 1 li ul not-for-ansatte.ifi.sub-unit.en. 6 0
navigation O 0 0 li ul not-for-ansatte.ifi.sub-unit.en. 6 0
(jump) O 0 0 li ul not-for-ansatte.ifi.sub-unit.en. 6 0

Main O 0 1 li ul not-for-ansatte.ifi.sub-unit.en. 6 0
content O 0 0 li ul not-for-ansatte.ifi.sub-unit.en. 6 0
(jump) O 0 0 li ul not-for-ansatte.ifi.sub-unit.en. 6 0

Theme O 0 0 li ul not-for-ansatte.ifi.sub-unit.en. 6 0
navigation O 0 0 li ul not-for-ansatte.ifi.sub-unit.en. 6 0
(jump) O 0 0 li ul not-for-ansatte.ifi.sub-unit.en. 6 0

Contact O 0 0 li ul not-for-ansatte.ifi.sub-unit.en. 6 0
information O 0 0 li ul not-for-ansatte.ifi.sub-unit.en. 6 0
(jump) O 0 0 li ul not-for-ansatte.ifi.sub-unit.en. 6 0

Organization O 0 0 div div not-for-ansatte.ifi.sub-unit.en. 6 0
navigation O 0 0 div div not-for-ansatte.ifi.sub-unit.en. 6 0

Home O 0 1 span div not-for-ansatte.ifi.sub-unit.en. 8 0
UiO O 0 0 span div not-for-ansatte.ifi.sub-unit.en. 8 0
The O 0 1 span div not-for-ansatte.ifi.sub-unit.en. 8 0
Faculty O 0 0 span div not-for-ansatte.ifi.sub-unit.en. 8 0
of O 0 1 span div not-for-ansatte.ifi.sub-unit.en. 8 0
Mathematics O 0 0 span div not-for-ansatte.ifi.sub-unit.en. 8 0
and O 0 1 span div not-for-ansatte.ifi.sub-unit.en. 8 0
Natural O 0 0 span div not-for-ansatte.ifi.sub-unit.en. 8 0
Sciences O 0 0 span div not-for-ansatte.ifi.sub-unit.en. 8 0
Department O 0 0 div div not-for-ansatte.ifi.sub-unit.en. 7 4
of O 0 1 div div not-for-ansatte.ifi.sub-unit.en. 7 4
Informatics O 0 0 div div not-for-ansatte.ifi.sub-unit.en. 7 4

UiO O 0 0 div div uio-acronym.georgia 7 1
University O 0 1 div div uio-host.uio-host-resp 7 2
of O 0 1 div div uio-host.uio-host-resp 7 2
Oslo O 0 0 div div uio-host.uio-host-resp 7 2
Department O 0 0 div div uio-host 7 3
of O 0 1 div div uio-host 7 3
Informatics O 0 0 div div uio-host 7 3
The O 0 1 div div uio-faculty.georgia 7 4
Faculty O 0 0 div div uio-faculty.georgia 7 4
of O 0 1 div div uio-faculty.georgia 7 4
Mathematics O 0 0 div div uio-faculty.georgia 7 4
and O 0 1 div div uio-faculty.georgia 7 4
Natural O 0 0 div div uio-faculty.georgia 7 4
Sciences O 0 0 div div uio-faculty.georgia 7 4

For O 0 1 li ul for-ansatte 9 0
employees O 0 0 li ul for-ansatte 9 0

Norwegian O 0 0 li ul language 9 0
website O 0 0 li ul language 9 0

Search O 0 0 fieldset form search-string-label 9 0
our O 0 0 fieldset form search-string-label 9 0
webpages O 0 0 fieldset form search-string-label 9 0

Search O 0 0 input input header-search 11 0

Menu O 0 1 a li text 9 1

Search O 0 0 a li text 9 1

Main O 0 1 div div not-for-ansatte.ifi.sub-unit.en. 6 0
navigation O 0 0 div div not-for-ansatte.ifi.sub-unit.en. 6 0

Home O 0 1 li ul english.parent-folder 8 0

Research O 0 1 li ul research 8 0

Studies O 0 0 li ul studies 8 0

Student O 0 1 li ul student-life 8 0
life O 0 0 li ul student-life 8 0

Services O 0 0 li ul services 8 0
and O 0 1 li ul services 8 0
tools O 0 0 li ul services 8 0

About O 0 0 li ul about 8 0
the O 0 1 li ul about 8 0
department O 0 0 li ul about 8 0

People O 0 1 li ul vrtx-active-item.people.vrtx-current-item 8 0

Search O 0 0 input form search-string-label 7 0
our O 0 0 input form search-string-label 7 0
webpages O 0 0 input form search-string-label 7 0

Search O 0 0 input input menu-search 8 0

Sub O 0 1 div div not-for-ansatte.ifi.sub-unit.en. 6 0
navigation O 0 0 div div not-for-ansatte.ifi.sub-unit.en. 6 0

People O 0 1 a li vrtx-marked 9 0

Academic O 0 0 a li vrtx-child 11 0
staff O 0 0 a li vrtx-child 11 0

Technical/Administrative O 0 0 a li vrtx-child 11 0
staff O 0 0 a li vrtx-child 11 0

People O 0 1 div div uio-main 6 0

Subareas O 0 0 div div menu-title 8 0

Academic O 0 0 li ul resultset-1 10 0
staff O 0 0 li ul resultset-1 10 0

Technical/Administrative O 0 0 li ul resultset-1 10 0
staff O 0 0 li ul resultset-1 10 0

Tags O 0 0 div div vrtx-tags-container 8 0

Adaptable O 0 0 li ul tags 11 0
systems O 0 0 li ul tags 11 0
(7) O 0 0 ul div vrtx-tags-element 10 0

Artificial O 0 0 li ul tags 11 0
intelligence O 0 0 li ul tags 11 0
(9) O 0 0 ul div vrtx-tags-element 10 2

Bioinformatics O 0 0 li ul tags 11 0
(7) O 0 0 ul div vrtx-tags-element 10 4

computer O 0 0 li ul tags 11 0
science O 0 0 li ul tags 11 0
(4) O 0 0 ul div vrtx-tags-element 10 6

concurrency O 0 0 li ul tags 11 0
(4) O 0 0 ul div vrtx-tags-element 10 0

Evolution O 0 0 li ul tags 11 0
(5) O 0 0 ul div vrtx-tags-element 10 2

formal O 0 0 li ul tags 11 0
methods O 0 0 li ul tags 11 0
(6) O 0 0 ul div vrtx-tags-element 10 4

Machine O 0 1 li ul tags 11 0
Learning O 0 1 li ul tags 11 0
(9) O 0 0 ul div vrtx-tags-element 10 6

Natural O 0 0 li ul tags 11 0
Language O 0 0 li ul tags 11 0
Processing O 0 0 li ul tags 11 0
(4) O 0 0 ul div vrtx-tags-element 10 0

object-orientation O 0 0 li ul tags 11 0
(4) O 0 0 ul div vrtx-tags-element 10 2

Reconfigurable O 0 0 li ul tags 11 0
hardware O 0 0 li ul tags 11 0
(5) O 0 0 ul div vrtx-tags-element 10 4

Robotics O 0 0 li ul tags 11 0
(8) O 0 0 ul div vrtx-tags-element 10 6

All O 0 1 div div vrtx-more 9 0
tags O 0 0 div div vrtx-more 9 0

Search O 0 0 div div vrtx-search-container 8 0
for O 0 1 div div vrtx-search-container 8 0
staff O 0 0 div div vrtx-search-container 8 0
and O 0 1 div div vrtx-search-container 8 0
students O 0 0 div div vrtx-search-container 8 0

Find O 0 1 fieldset div vrtx-search-form 13 0
staff O 0 0 fieldset div vrtx-search-form 13 0
and O 0 1 fieldset div vrtx-search-form 13 0
students O 0 0 fieldset div vrtx-search-form 13 0

Search O 0 0 button fieldset searchsubmit 14 0

Persons O 0 1 table div vrtx-person-listing 8 0
1 O 0 0 table div vrtx-person-listing 8 0
- O 0 0 table div vrtx-person-listing 8 0
100 O 0 0 table div vrtx-person-listing 8 0
of O 0 1 table div vrtx-person-listing 8 0
333 O 0 0 table div vrtx-person-listing 8 0

Name O 0 1 tr thead vrtx-person-listing-name 10 0

Phone O 0 1 tr thead vrtx-person-listing-phone 10 1

E-mail O 0 0 tr thead vrtx-person-listing-email 10 2

Tags O 0 0 tr thead vrtx-person-listing-tags 10 3

Abishov, B-NAME 0 0 td tr vrtx-person-listing-name 11 2
Araz I-NAME 0 1 td tr vrtx-person-listing-name 11 2
abishov@ifi.uio.no O 0 0 td tr vrtx-person-listing-email 11 0

Albregtsen, B-NAME 0 0 td tr vrtx-person-listing-name 11 2
Fritz I-NAME 0 1 td tr vrtx-person-listing-name 11 2
Professor O 0 0 td tr vrtx-person-listing-name 11 3
+47-22852463 O 0 0 td tr vrtx-person-listing-phone 11 0
+47-91163005 O 0 0 td tr vrtx-person-listing-phone 11 1
fritz@ifi.uio.no O 0 0 td tr vrtx-person-listing-email 11 0
Image O 0 0 td tr vrtx-person-listing-tags 11 0
analysis O 0 0 td tr vrtx-person-listing-tags 11 0
, O 0 0 tr tbody vrtx-person-listing-tags 10 10
texture O 0 0 td tr vrtx-person-listing-tags 11 1
analysis O 0 0 td tr vrtx-person-listing-tags 11 1
, O 0 0 tr tbody vrtx-person-listing-tags 10 10
medical O 0 0 td tr vrtx-person-listing-tags 11 2
applications O 0 0 td tr vrtx-person-listing-tags 11 2
, O 0 0 tr tbody vrtx-person-listing-tags 10 10
quality O 0 0 td tr vrtx-person-listing-tags 11 3
metrics O 0 0 td tr vrtx-person-listing-tags 11 3

Alfredov, B-NAME 0 0 td tr vrtx-person-listing-name 11 0
Vladislav I-NAME 1 1 td tr vrtx-person-listing-name 11 0
Georgiev I-NAME 1 1 td tr vrtx-person-listing-name 11 0
Head O 0 1 td tr vrtx-person-listing-name 11 1
Engineer O 0 1 td tr vrtx-person-listing-name 11 1
vladisla O 0 0 a td vrtx-person-listing-email 12 0
@student.iln.uio.no O 0 0 a td vrtx-person-listing-email 12 1

Andersen, B-NAME 0 0 td tr vrtx-person-listing-name 11 2
Lars I-NAME 0 1 td tr vrtx-person-listing-name 11 2
Espen I-NAME 0 1 td tr vrtx-person-listing-name 11 2
Associate O 0 1 td tr vrtx-person-listing-name 11 3
Professor O 0 0 td tr vrtx-person-listing-name 11 3
eanders@ifi.uio.no O 0 0 td tr vrtx-person-listing-email 11 0

Andersson, B-NAME 0 0 td tr vrtx-person-listing-name 11 2
Katja I-NAME 0 1 td tr vrtx-person-listing-name 11 2
Elisabeth I-NAME 0 1 td tr vrtx-person-listing-name 11 2
Adviser O 0 0 td tr vrtx-person-listing-name 11 3
- O 0 0 td tr vrtx-person-listing-name 11 3
On O 0 1 td tr vrtx-person-listing-name 11 3
leave O 0 0 td tr vrtx-person-listing-name 11 3
katjaa@ifi.uio.no O 0 0 td tr vrtx-person-listing-email 11 0

Andreasen, B-NAME 0 0 td tr vrtx-person-listing-name 11 0
Kjerstin I-NAME 0 1 td tr vrtx-person-listing-name 11 0
Marie I-NAME 0 1 td tr vrtx-person-listing-name 11 0
Senior O 0 1 td tr vrtx-person-listing-name 11 1
Executive O 0 0 td tr vrtx-person-listing-name 11 1
Officer O 0 0 td tr vrtx-person-listing-name 11 1
kjersman@ifi.uio.no O 0 0 td tr vrtx-person-listing-email 11 0

Andresen, B-NAME 0 0 td tr vrtx-person-listing-name 11 2
Marianne I-NAME 0 1 td tr vrtx-person-listing-name 11 2
Higher O 0 0 td tr vrtx-person-listing-name 11 3
Executive O 0 0 td tr vrtx-person-listing-name 11 3
Officer O 0 0 td tr vrtx-person-listing-name 11 3
+47-22852422 O 0 0 td tr vrtx-person-listing-phone 11 0
marvandr@ifi.uio.no O 0 0 td tr vrtx-person-listing-email 11 0

Anshus, B-NAME 0 0 td tr vrtx-person-listing-name 11 2
Otto I-NAME 0 1 td tr vrtx-person-listing-name 11 2
Professor O 0 0 td tr vrtx-person-listing-name 11 3
II O 0 1 td tr vrtx-person-listing-name 11 3
+47-91573265 O 0 0 td tr vrtx-person-listing-phone 11 0
anshus@ifi.uio.no O 0 0 td tr vrtx-person-listing-email 11 0

Antonsen, B-NAME 0 0 td tr vrtx-person-listing-name 11 2
Roger I-NAME 0 1 td tr vrtx-person-listing-name 11 2
Associate O 0 1 td tr vrtx-person-listing-name 11 3
Professor O 0 0 td tr vrtx-person-listing-name 11 3
+47-22852482 O 0 0 td tr vrtx-person-listing-phone 11 0
97588742 O 0 0 td tr vrtx-person-listing-phone 11 1
97588742 O 0 0 td tr vrtx-person-listing-phone 11 1
rantonse@ifi.uio.no O 0 0 td tr vrtx-person-listing-email 11 0
Logic O 0 1 td tr vrtx-person-listing-tags 11 0
, O 0 0 tr tbody vrtx-person-listing-tags 10 11
Mathematical O 0 0 td tr vrtx-person-listing-tags 11 1
Logic O 0 1 td tr vrtx-person-listing-tags 11 1
, O 0 0 tr tbody vrtx-person-listing-tags 10 11
Logical O 0 0 td tr vrtx-person-listing-tags 11 2
Calculi O 0 0 td tr vrtx-person-listing-tags 11 2
, O 0 0 tr tbody vrtx-person-listing-tags 10 11
Proof O 0 0 td tr vrtx-person-listing-tags 11 3
Theory O 0 0 td tr vrtx-person-listing-tags 11 3
, O 0 0 tr tbody vrtx-person-listing-tags 10 11
Automated O 0 0 td tr vrtx-person-listing-tags 11 4
Reasoning O 0 0 td tr vrtx-person-listing-tags 11 4
, O 0 0 tr tbody vrtx-person-listing-tags 10 11
Proof O 0 0 td tr vrtx-person-listing-tags 11 5
Search O 0 0 td tr vrtx-person-listing-tags 11 5
, O 0 0 tr tbody vrtx-person-listing-tags 10 11
Modal O 0 0 td tr vrtx-person-listing-tags 11 6
Logic O 0 1 td tr vrtx-person-listing-tags 11 6
, O 0 0 tr tbody vrtx-person-listing-tags 10 11
First-Order O 0 0 td tr vrtx-person-listing-tags 11 7
Logic O 0 1 td tr vrtx-person-listing-tags 11 7
, O 0 0 tr tbody vrtx-person-listing-tags 10 11
Complexity O 0 0 td tr vrtx-person-listing-tags 11 8
Theory O 0 0 td tr vrtx-person-listing-tags 11 8
, O 0 0 tr tbody vrtx-person-listing-tags 10 11
Automata O 0 0 td tr vrtx-person-listing-tags 11 9
, O 0 0 tr tbody vrtx-person-listing-tags 10 11
Combinatorics O 0 0 td tr vrtx-person-listing-tags 11 10
, O 0 0 tr tbody vrtx-person-listing-tags 10 11
Philosophy O 0 0 td tr vrtx-person-listing-tags 11 11
, O 0 0 tr tbody vrtx-person-listing-tags 10 11
Philosophy O 0 0 td tr vrtx-person-listing-tags 11 12
of O 0 1 td tr vrtx-person-listing-tags 11 12
Mathematics O 0 0 td tr vrtx-person-listing-tags 11 12
, O 0 0 tr tbody vrtx-person-listing-tags 10 11
Arduino O 0 1 td tr vrtx-person-listing-tags 11 13
, O 0 0 tr tbody vrtx-person-listing-tags 10 11
Netlogo O 0 0 td tr vrtx-person-listing-tags 11 14
, O 0 0 tr tbody vrtx-person-listing-tags 10 11
Processing O 0 0 td tr vrtx-person-listing-tags 11 15
, O 0 0 tr tbody vrtx-person-listing-tags 10 11
Outreach O 0 0 td tr vrtx-person-listing-tags 11 16
, O 0 0 tr tbody vrtx-person-listing-tags 10 11
Science O 0 0 td tr vrtx-person-listing-tags 11 17
Communication O 0 0 td tr vrtx-person-listing-tags 11 17

Arvidsson, B-NAME 0 0 td tr vrtx-person-listing-name 11 0
Viktor I-NAME 0 1 td tr vrtx-person-listing-name 11 0
Postdoctoral O 0 0 td tr vrtx-person-listing-name 11 1
Fellow O 0 0 td tr vrtx-person-listing-name 11 1
viktoarv@ifi.uio.no O 0 0 td tr vrtx-person-listing-email 11 0

Aryan, B-NAME 0 0 td tr vrtx-person-listing-name 11 2
Ramtin I-NAME 0 1 td tr vrtx-person-listing-name 11 2
ramtina O 0 0 a td vrtx-person-listing-email 12 0
@student.matnat.uio.no O 0 0 a td vrtx-person-listing-email 12 1

Asghar, B-NAME 0 0 td tr vrtx-person-listing-name 11 0
Zubair I-NAME 0 1 td tr vrtx-person-listing-name 11 0
Head O 0 1 td tr vrtx-person-listing-name 11 1
Engineer O 0 1 td tr vrtx-person-listing-name 11 1
zubaira@ifi.uio.no O 0 0 td tr vrtx-person-listing-email 11 0

Aunet, B-NAME 0 0 td tr vrtx-person-listing-name 11 2
Snorre I-NAME 0 1 td tr vrtx-person-listing-name 11 2
+47-22852703 O 0 0 td tr vrtx-person-listing-phone 11 0
+47-90013264 O 0 0 td tr vrtx-person-listing-phone 11 1
sa@ifi.uio.no O 0 0 td tr vrtx-person-listing-email 11 0
Nano- O 0 0 td tr vrtx-person-listing-tags 11 0
og O 0 1 td tr vrtx-person-listing-tags 11 0
mikroteknologi O 0 0 td tr vrtx-person-listing-tags 11 0

Austeng, B-NAME 0 0 td tr vrtx-person-listing-name 11 2
Andreas I-NAME 0 1 td tr vrtx-person-listing-name 11 2
Professor O 0 0 td tr vrtx-person-listing-name 11 3
+47-22852741 O 0 0 td tr vrtx-person-listing-phone 11 0
Andreas.Austeng O 0 0 a td vrtx-person-listing-email 12 0
@ifi.uio.no O 0 0 a td vrtx-person-listing-email 12 1

Axelsen, B-NAME 0 0 td tr vrtx-person-listing-name 11 2
Eyvind I-NAME 0 1 td tr vrtx-person-listing-name 11 2
Wærsted I-NAME 0 0 td tr vrtx-person-listing-name 11 2
Associate O 0 1 td tr vrtx-person-listing-name 11 3
Professor O 0 0 td tr vrtx-person-listing-name 11 3
+47-22850474 O 0 0 td tr vrtx-person-listing-phone 11 0
eyvinda@ifi.uio.no O 0 0 td tr vrtx-person-listing-email 11 0

Bakke, B-NAME 0 0 td tr vrtx-person-listing-name 11 0
Sturla I-NAME 0 1 td tr vrtx-person-listing-name 11 0
sturlaba@ifi.uio.no O 0 0 td tr vrtx-person-listing-email 11 0

Bakkelund, B-NAME 0 0 td tr vrtx-person-listing-name 11 0
Daniel I-NAME 0 1 td tr vrtx-person-listing-name 11 0
Doctoral O 0 0 td tr vrtx-person-listing-name 11 1
Research O 0 1 td tr vrtx-person-listing-name 11 1
Fellow O 0 0 td tr vrtx-person-listing-name 11 1
danielry@ifi.uio.no O 0 0 td tr vrtx-person-listing-email 11 0

Barik, B-NAME 0 0 td tr vrtx-person-listing-name 11 2
Runa I-NAME 0 1 td tr vrtx-person-listing-name 11 2
Doctoral O 0 0 td tr vrtx-person-listing-name 11 3
Research O 0 1 td tr vrtx-person-listing-name 11 3
Fellow O 0 0 td tr vrtx-person-listing-name 11 3
+47-22840836 O 0 0 td tr vrtx-person-listing-phone 11 0
runabk@ifi.uio.no O 0 0 td tr vrtx-person-listing-email 11 0
Network O 0 0 td tr vrtx-person-listing-tags 11 0
, O 0 0 tr tbody vrtx-person-listing-tags 10 9
Internet O 0 0 td tr vrtx-person-listing-tags 11 1
, O 0 0 tr tbody vrtx-person-listing-tags 10 9
MiddleBox O 0 0 td tr vrtx-person-listing-tags 11 2
, O 0 0 tr tbody vrtx-person-listing-tags 10 9
Transport O 0 0 td tr vrtx-person-listing-tags 11 3
layer O 0 0 td tr vrtx-person-listing-tags 11 3

Berg, B-NAME 0 0 td tr vrtx-person-listing-name 11 2
Yngvar I-NAME 0 1 td tr vrtx-person-listing-name 11 2
Professor O 0 0 td tr vrtx-person-listing-name 11 3
+47-22852701 O 0 0 td tr vrtx-person-listing-phone 11 0
yngvarb@ifi.uio.no O 0 0 td tr vrtx-person-listing-email 11 0

Berge, B-NAME 0 0 td tr vrtx-person-listing-name 11 2
Eli I-NAME 0 1 td tr vrtx-person-listing-name 11 2
Senior O 0 1 td tr vrtx-person-listing-name 11 3
Adviser O 0 0 td tr vrtx-person-listing-name 11 3
+47-22852497 O 0 0 td tr vrtx-person-listing-phone 11 0
elibe@ifi.uio.no O 0 0 td tr vrtx-person-listing-email 11 0
Web O 0 1 td tr vrtx-person-listing-tags 11 0
editor O 0 0 td tr vrtx-person-listing-tags 11 0
, O 0 0 tr tbody vrtx-person-listing-tags 10 9
Communication O 0 0 td tr vrtx-person-listing-tags 11 1
, O 0 0 tr tbody vrtx-person-listing-tags 10 9
Recruitment O 0 0 td tr vrtx-person-listing-tags 11 2
, O 0 0 tr tbody vrtx-person-listing-tags 10 9
Research O 0 1 td tr vrtx-person-listing-tags 11 3
communication O 0 0 td tr vrtx-person-listing-tags 11 3
, O 0 0 tr tbody vrtx-person-listing-tags 10 9
Cristin O 0 1 td tr vrtx-person-listing-tags 11 4

Bergersen, B-NAME 0 0 td tr vrtx-person-listing-name 11 2
Gunnar I-NAME 0 1 td tr vrtx-person-listing-name 11 2
Rye I-NAME 0 1 td tr vrtx-person-listing-name 11 2
Associate O 0 1 td tr vrtx-person-listing-name 11 3
Professor O 0 0 td tr vrtx-person-listing-name 11 3
gunnab@ifi.uio.no O 0 0 td tr vrtx-person-listing-email 11 0
programming O 0 0 td tr vrtx-person-listing-tags 11 0
, O 0 0 tr tbody vrtx-person-listing-tags 10 8
skill O 0 0 td tr vrtx-person-listing-tags 11 1
, O 0 0 tr tbody vrtx-person-listing-tags 10 8
knowledge O 0 0 td tr vrtx-person-listing-tags 11 2
, O 0 0 tr tbody vrtx-person-listing-tags 10 8
expertise O 0 0 td tr vrtx-person-listing-tags 11 3
, O 0 0 tr tbody vrtx-person-listing-tags 10 8
ability O 0 0 td tr vrtx-person-listing-tags 11 4
, O 0 0 tr tbody vrtx-person-listing-tags 10 8
measurement O 0 0 td tr vrtx-person-listing-tags 11 5

Bergh, B-NAME 0 0 td tr vrtx-person-listing-name 11 0
Trond I-NAME 0 1 td tr vrtx-person-listing-name 11 0
tronberg@ifi.uio.no O 0 0 td tr vrtx-person-listing-email 11 0

Bertelsen, B-NAME 0 0 td tr vrtx-person-listing-name 11 2
Thomas I-NAME 0 1 td tr vrtx-person-listing-name 11 2
Senior O 0 1 td tr vrtx-person-listing-name 11 3
Executive O 0 0 td tr vrtx-person-listing-name 11 3
Officer O 0 0 td tr vrtx-person-listing-name 11 3
+47-22840955 O 0 0 td tr vrtx-person-listing-phone 11 0
40866227 O 0 0 td tr vrtx-person-listing-phone 11 1
thomber@ifi.uio.no O 0 0 td tr vrtx-person-listing-email 11 0

Bijo, B-NAME 0 0 td tr vrtx-person-listing-name 11 2
Shiji I-NAME 0 1 td tr vrtx-person-listing-name 11 2
Doctoral O 0 0 td tr vrtx-person-listing-name 11 3
Research O 0 1 td tr vrtx-person-listing-name 11 3
Fellow O 0 0 td tr vrtx-person-listing-name 11 3
shijib@ifi.uio.no O 0 0 td tr vrtx-person-listing-email 11 0

Bjørndal, B-NAME 0 0 td tr vrtx-person-listing-name 11 0
Øystein I-NAME 0 1 td tr vrtx-person-listing-name 11 0
oystebjo@ifi.uio.no O 0 0 td tr vrtx-person-listing-email 11 0

Blomberg, B-NAME 0 0 td tr vrtx-person-listing-name 11 2
Ann I-NAME 1 1 td tr vrtx-person-listing-name 11 2
Elisabeth I-NAME 0 1 td tr vrtx-person-listing-name 11 2
Albright I-NAME 0 1 td tr vrtx-person-listing-name 11 2
Postdoctoral O 0 0 td tr vrtx-person-listing-name 11 3
Fellow O 0 0 td tr vrtx-person-listing-name 11 3
+47-22852948 O 0 0 td tr vrtx-person-listing-phone 11 0
aeblombe@ifi.uio.no O 0 0 td tr vrtx-person-listing-email 11 0

Boncuk, B-NAME 0 0 td tr vrtx-person-listing-name 11 2
Esra I-NAME 0 1 td tr vrtx-person-listing-name 11 2
Higher O 0 0 td tr vrtx-person-listing-name 11 3
Executive O 0 0 td tr vrtx-person-listing-name 11 3
Officer O 0 0 td tr vrtx-person-listing-name 11 3
+47-22858218 O 0 0 td tr vrtx-person-listing-phone 11 0
esrabo@ifi.uio.no O 0 0 td tr vrtx-person-listing-email 11 0
Student O 0 1 td tr vrtx-person-listing-tags 11 0
and O 0 1 td tr vrtx-person-listing-tags 11 0
Academic O 0 0 td tr vrtx-person-listing-tags 11 0
Administration O 0 0 td tr vrtx-person-listing-tags 11 0
, O 0 0 tr tbody vrtx-person-listing-tags 10 9
Student O 0 1 td tr vrtx-person-listing-tags 11 1
guidance O 0 0 td tr vrtx-person-listing-tags 11 1
, O 0 0 tr tbody vrtx-person-listing-tags 10 9
Master O 0 1 td tr vrtx-person-listing-tags 11 2
education O 0 0 td tr vrtx-person-listing-tags 11 2
, O 0 0 tr tbody vrtx-person-listing-tags 10 9
International O 0 0 td tr vrtx-person-listing-tags 11 3
cooperation O 0 0 td tr vrtx-person-listing-tags 11 3
, O 0 0 tr tbody vrtx-person-listing-tags 10 9
student O 0 0 td tr vrtx-person-listing-tags 11 4
exchange O 0 0 td tr vrtx-person-listing-tags 11 4

Bratteteig, B-NAME 0 0 td tr vrtx-person-listing-name 11 2
Tone I-NAME 0 1 td tr vrtx-person-listing-name 11 2
Professor O 0 0 td tr vrtx-person-listing-name 11 3
+47-22852427 O 0 0 td tr vrtx-person-listing-phone 11 0
tone@ifi.uio.no O 0 0 td tr vrtx-person-listing-email 11 0

Bredesen, B-NAME 0 0 td tr vrtx-person-listing-name 11 2
Rolv I-NAME 0 1 td tr vrtx-person-listing-name 11 2
Erlend I-NAME 0 1 td tr vrtx-person-listing-name 11 2
rolv@ifi.uio.no O 0 0 td tr vrtx-person-listing-email 11 0

Bruaset, B-NAME 0 0 td tr vrtx-person-listing-name 11 2
Are I-NAME 0 1 td tr vrtx-person-listing-name 11 2
Magnus I-NAME 0 1 td tr vrtx-person-listing-name 11 2
Professor O 0 0 td tr vrtx-person-listing-name 11 3
II O 0 1 td tr vrtx-person-listing-name 11 3
+47-92610063 O 0 0 td tr vrtx-person-listing-phone 11 0
arem@ifi.uio.no O 0 0 td tr vrtx-person-listing-email 11 0

Brun, B-NAME 0 0 td tr vrtx-person-listing-name 11 2
Eskil I-NAME 0 1 td tr vrtx-person-listing-name 11 2
Senior O 0 1 td tr vrtx-person-listing-name 11 3
Engineer O 0 1 td tr vrtx-person-listing-name 11 3
+47-22852436 O 0 0 td tr vrtx-person-listing-phone 11 0
+47-90625406 O 0 0 td tr vrtx-person-listing-phone 11 1
eskil@ifi.uio.no O 0 0 td tr vrtx-person-listing-email 11 0
Linux O 0 0 td tr vrtx-person-listing-tags 11 0

Braa, B-NAME 0 0 td tr vrtx-person-listing-name 11 2
Jørn I-NAME 0 1 td tr vrtx-person-listing-name 11 2
Professor O 0 0 td tr vrtx-person-listing-name 11 3
+47-22852408 O 0 0 td tr vrtx-person-listing-phone 11 0
jbraa@ifi.uio.no O 0 0 td tr vrtx-person-listing-email 11 0

Braa, B-NAME 0 0 td tr vrtx-person-listing-name 11 2
Kristin I-NAME 0 1 td tr vrtx-person-listing-name 11 2
Professor O 0 0 td tr vrtx-person-listing-name 11 3
+47-22852754 O 0 0 td tr vrtx-person-listing-phone 11 0
+47-41630260 O 0 0 td tr vrtx-person-listing-phone 11 1
kbraa@ifi.uio.no O 0 0 td tr vrtx-person-listing-email 11 0

Bråthen, B-NAME 0 0 td tr vrtx-person-listing-name 11 2
Kristin I-NAME 0 1 td tr vrtx-person-listing-name 11 2
Senior O 0 1 td tr vrtx-person-listing-name 11 3
Executive O 0 0 td tr vrtx-person-listing-name 11 3
Officer O 0 0 td tr vrtx-person-listing-name 11 3
+47-22852956 O 0 0 td tr vrtx-person-listing-phone 11 0
kristinb@ifi.uio.no O 0 0 td tr vrtx-person-listing-email 11 0

Buccino, B-NAME 0 0 td tr vrtx-person-listing-name 11 2
Alessio I-NAME 0 1 td tr vrtx-person-listing-name 11 2
Paolo I-NAME 0 1 td tr vrtx-person-listing-name 11 2
Doctoral O 0 0 td tr vrtx-person-listing-name 11 3
Research O 0 1 td tr vrtx-person-listing-name 11 3
Fellow O 0 0 td tr vrtx-person-listing-name 11 3
alessiob@ifi.uio.no O 0 0 td tr vrtx-person-listing-email 11 0

Burgueno, B-NAME 0 0 td tr vrtx-person-listing-name 11 2
Antonio I-NAME 1 1 td tr vrtx-person-listing-name 11 2
Gonzalez I-NAME 1 1 td tr vrtx-person-listing-name 11 2
Doctoral O 0 0 td tr vrtx-person-listing-name 11 3
Research O 0 1 td tr vrtx-person-listing-name 11 3
Fellow O 0 0 td tr vrtx-person-listing-name 11 3
99119857 O 0 0 td tr vrtx-person-listing-phone 11 0
antonigo@ifi.uio.no O 0 0 td tr vrtx-person-listing-email 11 0

Buskenes, B-NAME 0 0 td tr vrtx-person-listing-name 11 2
Jo I-NAME 0 1 td tr vrtx-person-listing-name 11 2
Inge I-NAME 0 1 td tr vrtx-person-listing-name 11 2
+47-22840903 O 0 0 td tr vrtx-person-listing-phone 11 0
joibu@ifi.uio.no O 0 0 td tr vrtx-person-listing-email 11 0

Bygstad, B-NAME 0 0 td tr vrtx-person-listing-name 11 2
Bendik I-NAME 0 1 td tr vrtx-person-listing-name 11 2
Professor O 0 0 td tr vrtx-person-listing-name 11 3
+47-22840109 O 0 0 td tr vrtx-person-listing-phone 11 0
97658061 O 0 0 td tr vrtx-person-listing-phone 11 1
bendikby@ifi.uio.no O 0 0 td tr vrtx-person-listing-email 11 0

Bøe, B-NAME 0 0 td tr vrtx-person-listing-name 11 2
Svein I-NAME 0 1 td tr vrtx-person-listing-name 11 2
Senior O 0 1 td tr vrtx-person-listing-name 11 3
Engineer O 0 1 td tr vrtx-person-listing-name 11 3
+47-22840170 O 0 0 td tr vrtx-person-listing-phone 11 0
+47-92442858 O 0 0 td tr vrtx-person-listing-phone 11 1
svein@ifi.uio.no O 0 0 td tr vrtx-person-listing-email 11 0

Børsting, B-NAME 0 0 td tr vrtx-person-listing-name 11 0
Jorun I-NAME 0 1 td tr vrtx-person-listing-name 11 0
Doctoral O 0 0 td tr vrtx-person-listing-name 11 1
Research O 0 1 td tr vrtx-person-listing-name 11 1
Fellow O 0 0 td tr vrtx-person-listing-name 11 1
jorubo@ifi.uio.no O 0 0 td tr vrtx-person-listing-email 11 0

Cai, B-NAME 0 0 td tr vrtx-person-listing-name 11 2
Xing I-NAME 0 1 td tr vrtx-person-listing-name 11 2
Professor O 0 0 td tr vrtx-person-listing-name 11 3
+47-48294368 O 0 0 td tr vrtx-person-listing-phone 11 0
xingca@ifi.uio.no O 0 0 td tr vrtx-person-listing-email 11 0

Cameron, B-NAME 0 0 td tr vrtx-person-listing-name 11 2
David I-NAME 0 1 td tr vrtx-person-listing-name 11 2
Centre O 0 1 td tr vrtx-person-listing-name 11 3
Coordinator O 0 0 td tr vrtx-person-listing-name 11 3
+47 O 0 0 td tr vrtx-person-listing-phone 11 0
22 O 0 0 td tr vrtx-person-listing-phone 11 0
85 O 0 0 td tr vrtx-person-listing-phone 11 0
04 O 0 0 td tr vrtx-person-listing-phone 11 0
46 O 0 0 td tr vrtx-person-listing-phone 11 0
+ O 0 0 td tr vrtx-person-listing-phone 11 1
47 O 0 0 td tr vrtx-person-listing-phone 11 1
48084637 O 0 0 td tr vrtx-person-listing-phone 11 1
davidbc@ifi.uio.no O 0 0 td tr vrtx-person-listing-email 11 0
SIRIUS O 0 0 td tr vrtx-person-listing-tags 11 0
- O 0 0 td tr vrtx-person-listing-tags 11 0
Centre O 0 1 td tr vrtx-person-listing-tags 11 0
for O 0 1 td tr vrtx-person-listing-tags 11 0
Research-driven O 0 0 td tr vrtx-person-listing-tags 11 0
Innovation O 0 0 td tr vrtx-person-listing-tags 11 0
, O 0 0 tr tbody vrtx-person-listing-tags 10 10
semantic O 0 0 td tr vrtx-person-listing-tags 11 1
technologies O 0 0 td tr vrtx-person-listing-tags 11 1
, O 0 0 tr tbody vrtx-person-listing-tags 10 10
digitalisation O 0 0 td tr vrtx-person-listing-tags 11 2
, O 0 0 tr tbody vrtx-person-listing-tags 10 10
oil O 0 0 td tr vrtx-person-listing-tags 11 3
and O 0 1 td tr vrtx-person-listing-tags 11 3
gas O 0 0 td tr vrtx-person-listing-tags 11 3
, O 0 0 tr tbody vrtx-person-listing-tags 10 10
automation O 0 0 td tr vrtx-person-listing-tags 11 4

Cecconello, B-NAME 0 0 td tr vrtx-person-listing-name 11 0
Elsa I-NAME 0 1 td tr vrtx-person-listing-name 11 0
elsac@ifi.uio.no O 0 0 td tr vrtx-person-listing-email 11 0

Chandrasekaran, B-NAME 0 0 td tr vrtx-person-listing-name 11 0
Sri I-NAME 0 1 td tr vrtx-person-listing-name 11 0
Nivas I-NAME 0 1 td tr vrtx-person-listing-name 11 0
Doctoral O 0 0 td tr vrtx-person-listing-name 11 1
Research O 0 1 td tr vrtx-person-listing-name 11 1
Fellow O 0 0 td tr vrtx-person-listing-name 11 1
+4740389615 O 0 0 td tr vrtx-person-listing-phone 11 0
srinc@ifi.uio.no O 0 0 td tr vrtx-person-listing-email 11 0

Christiansen, B-NAME 0 0 td tr vrtx-person-listing-name 11 2
Øystein I-NAME 0 1 td tr vrtx-person-listing-name 11 2
Senior O 0 1 td tr vrtx-person-listing-name 11 3
Engineer O 0 1 td tr vrtx-person-listing-name 11 3
+47-22852462 O 0 0 td tr vrtx-person-listing-phone 11 0
+47-92429003 O 0 0 td tr vrtx-person-listing-phone 11 1
oec@ifi.uio.no O 0 0 td tr vrtx-person-listing-email 11 0

Christophersen, B-NAME 0 0 td tr vrtx-person-listing-name 11 2
Nils I-NAME 0 1 td tr vrtx-person-listing-name 11 2
Damm I-NAME 0 1 td tr vrtx-person-listing-name 11 2
Professor O 0 0 td tr vrtx-person-listing-name 11 3
Emeritus O 0 1 td tr vrtx-person-listing-name 11 3
+47-22852406 O 0 0 td tr vrtx-person-listing-phone 11 0
+47-93496172 O 0 0 td tr vrtx-person-listing-phone 11 1
93496172 O 0 0 td tr vrtx-person-listing-phone 11 2
nilsch@ifi.uio.no O 0 0 td tr vrtx-person-listing-email 11 0
open O 0 0 td tr vrtx-person-listing-tags 11 0
source O 0 0 td tr vrtx-person-listing-tags 11 0
, O 0 0 tr tbody vrtx-person-listing-tags 10 11
open O 0 0 td tr vrtx-person-listing-tags 11 1
science O 0 0 td tr vrtx-person-listing-tags 11 1
, O 0 0 tr tbody vrtx-person-listing-tags 10 11
innovation O 0 0 td tr vrtx-person-listing-tags 11 2
, O 0 0 tr tbody vrtx-person-listing-tags 10 11
entrepreneurship O 0 0 td tr vrtx-person-listing-tags 11 3

Culén, B-NAME 0 0 td tr vrtx-person-listing-name 11 2
Alma I-NAME 0 1 td tr vrtx-person-listing-name 11 2
Leora I-NAME 0 1 td tr vrtx-person-listing-name 11 2
Associate O 0 1 td tr vrtx-person-listing-name 11 3
Professor O 0 0 td tr vrtx-person-listing-name 11 3
+47-22852494 O 0 0 td tr vrtx-person-listing-phone 11 0
almira@ifi.uio.no O 0 0 td tr vrtx-person-listing-email 11 0
interaction O 0 0 td tr vrtx-person-listing-tags 11 0
, O 0 0 tr tbody vrtx-person-listing-tags 10 9
use O 0 0 td tr vrtx-person-listing-tags 11 1
of O 0 1 td tr vrtx-person-listing-tags 11 1
technology O 0 0 td tr vrtx-person-listing-tags 11 1
and O 0 1 td tr vrtx-person-listing-tags 11 1
interaction O 0 0 td tr vrtx-person-listing-tags 11 1
modes O 0 0 td tr vrtx-person-listing-tags 11 1
, O 0 0 tr tbody vrtx-person-listing-tags 10 9
service O 0 0 td tr vrtx-person-listing-tags 11 2
design O 0 0 td tr vrtx-person-listing-tags 11 2
, O 0 0 tr tbody vrtx-person-listing-tags 10 9
interfaces O 0 0 td tr vrtx-person-listing-tags 11 3

Dadashi, B-NAME 0 0 td tr vrtx-person-listing-name 11 2
Ali I-NAME 0 1 td tr vrtx-person-listing-name 11 2
Doctoral O 0 0 td tr vrtx-person-listing-name 11 3
Research O 0 1 td tr vrtx-person-listing-name 11 3
Fellow O 0 0 td tr vrtx-person-listing-name 11 3
45003363 O 0 0 td tr vrtx-person-listing-phone 11 0
alidada@ifi.uio.no O 0 0 td tr vrtx-person-listing-email 11 0

Dang B-NAME 0 1 td tr vrtx-person-listing-name 11 0
Ha I-NAME 0 1 td tr vrtx-person-listing-name 11 0
The, I-NAME 0 0 td tr vrtx-person-listing-name 11 0
Hien I-NAME 0 1 td tr vrtx-person-listing-name 11 0
hthdang O 0 0 a td vrtx-person-listing-email 12 0
@student.matnat.uio.no O 0 0 a td vrtx-person-listing-email 12 1

Danielsen, B-NAME 0 0 td tr vrtx-person-listing-name 11 0
Asbjørn I-NAME 0 1 td tr vrtx-person-listing-name 11 0
asbjornd O 0 0 a td vrtx-person-listing-email 12 0
@student.matnat.uio.no O 0 0 a td vrtx-person-listing-email 12 1

Danielsen, B-NAME 0 0 td tr vrtx-person-listing-name 11 2
Håvard I-NAME 0 1 td tr vrtx-person-listing-name 11 2
Emil I-NAME 0 1 td tr vrtx-person-listing-name 11 2
Professor O 0 0 td tr vrtx-person-listing-name 11 3
II O 0 1 td tr vrtx-person-listing-name 11 3
+47-22934000 O 0 0 td tr vrtx-person-listing-phone 11 0
+47-90608723 O 0 0 td tr vrtx-person-listing-phone 11 1
hdaniels@ifi.uio.no O 0 0 td tr vrtx-person-listing-email 11 0

Din, B-NAME 0 0 td tr vrtx-person-listing-name 11 2
Crystal I-NAME 0 1 td tr vrtx-person-listing-name 11 2
Chang I-NAME 0 1 td tr vrtx-person-listing-name 11 2
Postdoctoral O 0 0 td tr vrtx-person-listing-name 11 3
Fellow O 0 0 td tr vrtx-person-listing-name 11 3
crystald@ifi.uio.no O 0 0 td tr vrtx-person-listing-email 11 0
formal O 0 0 td tr vrtx-person-listing-tags 11 0
methods O 0 0 td tr vrtx-person-listing-tags 11 0
, O 0 0 tr tbody vrtx-person-listing-tags 10 8
verification O 0 0 td tr vrtx-person-listing-tags 11 1
, O 0 0 tr tbody vrtx-person-listing-tags 10 8
concurrency O 0 0 td tr vrtx-person-listing-tags 11 2
, O 0 0 tr tbody vrtx-person-listing-tags 10 8
Object-orientation O 0 0 td tr vrtx-person-listing-tags 11 3

Domanska, B-NAME 0 0 td tr vrtx-person-listing-name 11 2
Diana I-NAME 0 1 td tr vrtx-person-listing-name 11 2
Postdoctoral O 0 0 td tr vrtx-person-listing-name 11 3
Fellow O 0 0 td tr vrtx-person-listing-name 11 3
dianadom@ifi.uio.no O 0 0 td tr vrtx-person-listing-email 11 0

Eliassen, B-NAME 0 0 td tr vrtx-person-listing-name 11 2
Frank I-NAME 1 1 td tr vrtx-person-listing-name 11 2
Professor O 0 0 td tr vrtx-person-listing-name 11 3
+47-22840148 O 0 0 td tr vrtx-person-listing-phone 11 0
frank@ifi.uio.no O 0 0 td tr vrtx-person-listing-email 11 0
Distributed O 0 0 td tr vrtx-person-listing-tags 11 0
systems O 0 0 td tr vrtx-person-listing-tags 11 0
, O 0 0 tr tbody vrtx-person-listing-tags 10 9
middleware O 0 0 td tr vrtx-person-listing-tags 11 1
, O 0 0 tr tbody vrtx-person-listing-tags 10 9
self-adaptive O 0 0 td tr vrtx-person-listing-tags 11 2
software O 0 0 td tr vrtx-person-listing-tags 11 2
systems O 0 0 td tr vrtx-person-listing-tags 11 2
, O 0 0 tr tbody vrtx-person-listing-tags 10 9
ubiquitous O 0 0 td tr vrtx-person-listing-tags 11 3
and O 0 1 td tr vrtx-person-listing-tags 11 3
mobile O 0 0 td tr vrtx-person-listing-tags 11 3
systems O 0 0 td tr vrtx-person-listing-tags 11 3
, O 0 0 tr tbody vrtx-person-listing-tags 10 9
internet O 0 0 td tr vrtx-person-listing-tags 11 4
of O 0 1 td tr vrtx-person-listing-tags 11 4
things O 0 0 td tr vrtx-person-listing-tags 11 4
, O 0 0 tr tbody vrtx-person-listing-tags 10 9
multimedia O 0 0 td tr vrtx-person-listing-tags 11 5
systems O 0 0 td tr vrtx-person-listing-tags 11 5
, O 0 0 tr tbody vrtx-person-listing-tags 10 9
energy O 0 0 td tr vrtx-person-listing-tags 11 6
informatics O 0 0 td tr vrtx-person-listing-tags 11 6

Eliassen, B-NAME 0 0 td tr vrtx-person-listing-name 11 2
Kristin I-NAME 0 1 td tr vrtx-person-listing-name 11 2
Broch I-NAME 0 1 td tr vrtx-person-listing-name 11 2
Administrative O 0 0 td tr vrtx-person-listing-name 11 3
Manager O 0 0 td tr vrtx-person-listing-name 11 3
+47-22852834 O 0 0 td tr vrtx-person-listing-phone 11 0
krishbr@ifi.uio.no O 0 0 td tr vrtx-person-listing-email 11 0

Elle, B-NAME 0 0 td tr vrtx-person-listing-name 11 2
Ole I-NAME 0 1 td tr vrtx-person-listing-name 11 2
Jakob I-NAME 0 1 td tr vrtx-person-listing-name 11 2
Associate O 0 1 td tr vrtx-person-listing-name 11 3
Professor O 0 0 td tr vrtx-person-listing-name 11 3
oleje@ifi.uio.no O 0 0 td tr vrtx-person-listing-email 11 0
Robotics O 0 0 td tr vrtx-person-listing-tags 11 0
, O 0 0 tr tbody vrtx-person-listing-tags 10 8
Artificial O 0 0 td tr vrtx-person-listing-tags 11 1
intelligence O 0 0 td tr vrtx-person-listing-tags 11 1
, O 0 0 tr tbody vrtx-person-listing-tags 10 8
Adaptable O 0 0 td tr vrtx-person-listing-tags 11 2
systems O 0 0 td tr vrtx-person-listing-tags 11 2
, O 0 0 tr tbody vrtx-person-listing-tags 10 8
Reconfigurable O 0 0 td tr vrtx-person-listing-tags 11 3
hardware O 0 0 td tr vrtx-person-listing-tags 11 3
, O 0 0 tr tbody vrtx-person-listing-tags 10 8
Evolution O 0 0 td tr vrtx-person-listing-tags 11 4

Ellefsen, B-NAME 0 0 td tr vrtx-person-listing-name 11 2
Kai I-NAME 0 1 td tr vrtx-person-listing-name 11 2
Olav I-NAME 0 1 td tr vrtx-person-listing-name 11 2
Postdoctoral O 0 0 td tr vrtx-person-listing-name 11 3
Fellow O 0 0 td tr vrtx-person-listing-name 11 3
kaiolae@ifi.uio.no O 0 0 td tr vrtx-person-listing-email 11 0

Engelstad, B-NAME 0 0 td tr vrtx-person-listing-name 11 0
Paal I-NAME 0 1 td tr vrtx-person-listing-name 11 0
Einar I-NAME 0 1 td tr vrtx-person-listing-name 11 0
Professor O 0 0 td tr vrtx-person-listing-name 11 1
II O 0 1 td tr vrtx-person-listing-name 11 1
p.e.engelstad@its.uio.no O 0 0 td tr vrtx-person-listing-email 11 0

Erdodi, B-NAME 0 0 td tr vrtx-person-listing-name 11 2
Laszlo I-NAME 0 1 td tr vrtx-person-listing-name 11 2
Postdoctoral O 0 0 td tr vrtx-person-listing-name 11 3
Fellow O 0 0 td tr vrtx-person-listing-name 11 3
laszloe@ifi.uio.no O 0 0 td tr vrtx-person-listing-email 11 0

Eriksrød, B-NAME 0 0 td tr vrtx-person-listing-name 11 0
Jon I-NAME 0 1 td tr vrtx-person-listing-name 11 0
Håvard I-NAME 0 1 td tr vrtx-person-listing-name 11 0
Doctoral O 0 0 td tr vrtx-person-listing-name 11 1
Research O 0 1 td tr vrtx-person-listing-name 11 1
Fellow O 0 0 td tr vrtx-person-listing-name 11 1
+47-22840840 O 0 0 td tr vrtx-person-listing-phone 11 0
jonheri@ifi.uio.no O 0 0 td tr vrtx-person-listing-email 11 0

Evensen, B-NAME 0 0 td tr vrtx-person-listing-name 11 0
Karen I-NAME 0 1 td tr vrtx-person-listing-name 11 0
Brastad I-NAME 0 0 td tr vrtx-person-listing-name 11 0
karenbe@ifi.uio.no O 0 0 td tr vrtx-person-listing-email 11 0

Fares, B-NAME 0 0 td tr vrtx-person-listing-name 11 0
Murhaf I-NAME 0 1 td tr vrtx-person-listing-name 11 0
Doctoral O 0 0 td tr vrtx-person-listing-name 11 1
Research O 0 1 td tr vrtx-person-listing-name 11 1
Fellow O 0 0 td tr vrtx-person-listing-name 11 1
murhaff@ifi.uio.no O 0 0 td tr vrtx-person-listing-email 11 0
Natural O 0 0 td tr vrtx-person-listing-tags 11 0
Language O 0 0 td tr vrtx-person-listing-tags 11 0
Processing O 0 0 td tr vrtx-person-listing-tags 11 0
, O 0 0 tr tbody vrtx-person-listing-tags 10 6
Computational O 0 0 td tr vrtx-person-listing-tags 11 1
Linguistics O 0 0 td tr vrtx-person-listing-tags 11 1
, O 0 0 tr tbody vrtx-person-listing-tags 10 6
Machine O 0 1 td tr vrtx-person-listing-tags 11 2
Learning O 0 1 td tr vrtx-person-listing-tags 11 2
, O 0 0 tr tbody vrtx-person-listing-tags 10 6
language O 0 0 td tr vrtx-person-listing-tags 11 3
technology O 0 0 td tr vrtx-person-listing-tags 11 3

Farian, B-NAME 0 0 td tr vrtx-person-listing-name 11 2
Lukasz I-NAME 0 1 td tr vrtx-person-listing-name 11 2
lukaszf O 0 0 a td vrtx-person-listing-email 12 0
@student.matnat.uio.no O 0 0 a td vrtx-person-listing-email 12 1

Fava, B-NAME 0 0 td tr vrtx-person-listing-name 11 2
Daniel I-NAME 0 1 td tr vrtx-person-listing-name 11 2
Schnetzer I-NAME 0 1 td tr vrtx-person-listing-name 11 2
Doctoral O 0 0 td tr vrtx-person-listing-name 11 3
Research O 0 1 td tr vrtx-person-listing-name 11 3
Fellow O 0 0 td tr vrtx-person-listing-name 11 3
danielsf@ifi.uio.no O 0 0 td tr vrtx-person-listing-email 11 0

Fjellheim, B-NAME 0 0 td tr vrtx-person-listing-name 11 2
Roar I-NAME 0 1 td tr vrtx-person-listing-name 11 2
Professor O 0 0 td tr vrtx-person-listing-name 11 3
II O 0 1 td tr vrtx-person-listing-name 11 3
67 O 0 0 td tr vrtx-person-listing-phone 11 0
83 O 0 0 td tr vrtx-person-listing-phone 11 0
10 O 0 0 td tr vrtx-person-listing-phone 11 0
00 O 0 0 td tr vrtx-person-listing-phone 11 0
901 O 0 0 td tr vrtx-person-listing-phone 11 1
25 O 0 0 td tr vrtx-person-listing-phone 11 1
705 O 0 0 td tr vrtx-person-listing-phone 11 1
raf@computas.no O 0 0 td tr vrtx-person-listing-email 11 0
roarfj@ifi.uio.no O 0 0 td tr vrtx-person-listing-email 11 1

Fjelstad, B-NAME 0 0 td tr vrtx-person-listing-name 11 0
Erling I-NAME 0 1 td tr vrtx-person-listing-name 11 0
Head O 0 1 td tr vrtx-person-listing-name 11 1
Engineer O 0 1 td tr vrtx-person-listing-name 11 1
erlinfj@ifi.uio.no O 0 0 td tr vrtx-person-listing-email 11 0

Florea, B-NAME 0 0 td tr vrtx-person-listing-name 11 2
Raluca-Madalina I-NAME 0 0 td tr vrtx-person-listing-name 11 2
Doctoral O 0 0 td tr vrtx-person-listing-name 11 3
Research O 0 1 td tr vrtx-person-listing-name 11 3
Fellow O 0 0 td tr vrtx-person-listing-name 11 3
ralucamf@ifi.uio.no O 0 0 td tr vrtx-person-listing-email 11 0

Forssell, B-NAME 0 0 td tr vrtx-person-listing-name 11 2
Jon I-NAME 0 1 td tr vrtx-person-listing-name 11 2
Henrik I-NAME 0 1 td tr vrtx-person-listing-name 11 2
Associate O 0 1 td tr vrtx-person-listing-name 11 3
Professor O 0 0 td tr vrtx-person-listing-name 11 3
+47-22852781 O 0 0 td tr vrtx-person-listing-phone 11 0
jonf@ifi.uio.no O 0 0 td tr vrtx-person-listing-email 11 0

Fossum, B-NAME 0 0 td tr vrtx-person-listing-name 11 0
Kristoffer I-NAME 0 1 td tr vrtx-person-listing-name 11 0
Doctoral O 0 0 td tr vrtx-person-listing-name 11 1
Research O 0 1 td tr vrtx-person-listing-name 11 1
Fellow O 0 0 td tr vrtx-person-listing-name 11 1
kristofo O 0 0 a td vrtx-person-listing-email 12 0
@student.matnat.uio.no O 0 0 a td vrtx-person-listing-email 12 1

Fossum, B-NAME 0 0 td tr vrtx-person-listing-name 11 0
Selamawit I-NAME 0 1 td tr vrtx-person-listing-name 11 0
Molla I-NAME 0 1 td tr vrtx-person-listing-name 11 0
Postdoctoral O 0 0 td tr vrtx-person-listing-name 11 1
Fellow O 0 0 td tr vrtx-person-listing-name 11 1
selamawm@ifi.uio.no O 0 0 td tr vrtx-person-listing-email 11 0

Fournous, B-NAME 0 0 td tr vrtx-person-listing-name 11 0
Ghislain I-NAME 0 1 td tr vrtx-person-listing-name 11 0
Head O 0 1 td tr vrtx-person-listing-name 11 1
Engineer O 0 1 td tr vrtx-person-listing-name 11 1
ghislain@ifi.uio.no O 0 0 td tr vrtx-person-listing-email 11 0

Fruijtier, B-NAME 0 0 td tr vrtx-person-listing-name 11 0
Elisabeth I-NAME 0 1 td tr vrtx-person-listing-name 11 0
Johanna I-NAME 0 1 td tr vrtx-person-listing-name 11 0
Doctoral O 0 0 td tr vrtx-person-listing-name 11 1
Research O 0 1 td tr vrtx-person-listing-name 11 1
Fellow O 0 0 td tr vrtx-person-listing-name 11 1
elisabjf@ifi.uio.no O 0 0 td tr vrtx-person-listing-email 11 0

Gammersvik, B-NAME 0 0 td tr vrtx-person-listing-name 11 0
Øystein I-NAME 0 1 td tr vrtx-person-listing-name 11 0
Head O 0 1 td tr vrtx-person-listing-name 11 1
Engineer O 0 1 td tr vrtx-person-listing-name 11 1
oystg@ifi.uio.no O 0 0 td tr vrtx-person-listing-email 11 0

Gasparini, B-NAME 0 0 td tr vrtx-person-listing-name 11 2
Andrea I-NAME 0 1 td tr vrtx-person-listing-name 11 2
Alessandro I-NAME 0 1 td tr vrtx-person-listing-name 11 2
PhD O 0 0 td tr vrtx-person-listing-name 11 3
Candidate O 0 0 td tr vrtx-person-listing-name 11 3
+47 O 0 0 td tr vrtx-person-listing-phone 11 0
908 O 0 0 td tr vrtx-person-listing-phone 11 0
46 O 0 0 td tr vrtx-person-listing-phone 11 0
905 O 0 0 td tr vrtx-person-listing-phone 11 0
andreg@ifi.uio.no O 0 0 td tr vrtx-person-listing-email 11 0
a.a.gasparini@ub.uio.no O 0 0 td tr vrtx-person-listing-email 11 1
Design O 0 0 td tr vrtx-person-listing-tags 11 0
Thinking O 0 0 td tr vrtx-person-listing-tags 11 0
, O 0 0 tr tbody vrtx-person-listing-tags 10 10
User-driven O 0 0 td tr vrtx-person-listing-tags 11 1
innovation O 0 0 td tr vrtx-person-listing-tags 11 1
, O 0 0 tr tbody vrtx-person-listing-tags 10 10
Service O 0 1 td tr vrtx-person-listing-tags 11 2
Design O 0 0 td tr vrtx-person-listing-tags 11 2
, O 0 0 tr tbody vrtx-person-listing-tags 10 10
Living O 0 1 td tr vrtx-person-listing-tags 11 3
Lab O 0 1 td tr vrtx-person-listing-tags 11 3

Gebre-Mariam, B-NAME 0 0 td tr vrtx-person-listing-name 11 2
Mikael I-NAME 0 1 td tr vrtx-person-listing-name 11 2
Hailu I-NAME 0 1 td tr vrtx-person-listing-name 11 2
Doctoral O 0 0 td tr vrtx-person-listing-name 11 3
Research O 0 1 td tr vrtx-person-listing-name 11 3
Fellow O 0 0 td tr vrtx-person-listing-name 11 3
mikaelge@ifi.uio.no O 0 0 td tr vrtx-person-listing-email 11 0

Geirbo, B-NAME 0 0 td tr vrtx-person-listing-name 11 2
Hanne I-NAME 0 1 td tr vrtx-person-listing-name 11 2
Cecilie I-NAME 0 1 td tr vrtx-person-listing-name 11 2
Researcher O 0 0 td tr vrtx-person-listing-name 11 3
+47-22840842 O 0 0 td tr vrtx-person-listing-phone 11 0
hannege@ifi.uio.no O 0 0 td tr vrtx-person-listing-email 11 0
infrastructure O 0 0 td tr vrtx-person-listing-tags 11 0
, O 0 0 tr tbody vrtx-person-listing-tags 10 9
Smart O 0 1 td tr vrtx-person-listing-tags 11 1
cities O 0 0 td tr vrtx-person-listing-tags 11 1
, O 0 0 tr tbody vrtx-person-listing-tags 10 9
solar O 0 0 td tr vrtx-person-listing-tags 11 2
electricity O 0 0 td tr vrtx-person-listing-tags 11 2
, O 0 0 tr tbody vrtx-person-listing-tags 10 9
mini-grid O 0 0 td tr vrtx-person-listing-tags 11 3
, O 0 0 tr tbody vrtx-person-listing-tags 10 9
mobile O 0 0 td tr vrtx-person-listing-tags 11 4
phone O 0 0 td tr vrtx-person-listing-tags 11 4
, O 0 0 tr tbody vrtx-person-listing-tags 10 9
sustainable O 0 0 td tr vrtx-person-listing-tags 11 5
technology O 0 0 td tr vrtx-person-listing-tags 11 5
, O 0 0 tr tbody vrtx-person-listing-tags 10 9
South O 0 1 td tr vrtx-person-listing-tags 11 6
Asia O 0 1 td tr vrtx-person-listing-tags 11 6
, O 0 0 tr tbody vrtx-person-listing-tags 10 9
Bangladesh O 0 0 td tr vrtx-person-listing-tags 11 7

Giese, B-NAME 0 0 td tr vrtx-person-listing-name 11 2
Martin I-NAME 0 1 td tr vrtx-person-listing-name 11 2
Professor O 0 0 td tr vrtx-person-listing-name 11 3
+47-22852737 O 0 0 td tr vrtx-person-listing-phone 11 0
martingi@ifi.uio.no O 0 0 td tr vrtx-person-listing-email 11 0
logic O 0 0 td tr vrtx-person-listing-tags 11 0
, O 0 0 tr tbody vrtx-person-listing-tags 10 9
big O 0 0 td tr vrtx-person-listing-tags 11 1
data O 0 0 td tr vrtx-person-listing-tags 11 1
, O 0 0 tr tbody vrtx-person-listing-tags 10 9
semantic O 0 0 td tr vrtx-person-listing-tags 11 2
web O 0 0 td tr vrtx-person-listing-tags 11 2
, O 0 0 tr tbody vrtx-person-listing-tags 10 9
automated O 0 0 td tr vrtx-person-listing-tags 11 3
reasoning O 0 0 td tr vrtx-person-listing-tags 11 3
, O 0 0 tr tbody vrtx-person-listing-tags 10 9
proof O 0 0 td tr vrtx-person-listing-tags 11 4
search O 0 0 td tr vrtx-person-listing-tags 11 4
, O 0 0 tr tbody vrtx-person-listing-tags 10 9
first O 0 0 td tr vrtx-person-listing-tags 11 5
order O 0 0 td tr vrtx-person-listing-tags 11 5
logic O 0 0 td tr vrtx-person-listing-tags 11 5

Gizaw, B-NAME 0 0 td tr vrtx-person-listing-name 11 2
Abyot I-NAME 0 0 td tr vrtx-person-listing-name 11 2
Asalefew I-NAME 0 0 td tr vrtx-person-listing-name 11 2
Senior O 0 1 td tr vrtx-person-listing-name 11 3
Engineer O 0 1 td tr vrtx-person-listing-name 11 3
+47-22840056 O 0 0 td tr vrtx-person-listing-phone 11 0
abyotag@ifi.uio.no O 0 0 td tr vrtx-person-listing-email 11 0

Gjessing, B-NAME 0 0 td tr vrtx-person-listing-name 11 2
Stein I-NAME 0 1 td tr vrtx-person-listing-name 11 2
Professor O 0 0 td tr vrtx-person-listing-name 11 3
+47-22852444 O 0 0 td tr vrtx-person-listing-phone 11 0
+47-92695558 O 0 0 td tr vrtx-person-listing-phone 11 1
steing@ifi.uio.no O 0 0 td tr vrtx-person-listing-email 11 0

Gkolfi, B-NAME 0 0 td tr vrtx-person-listing-name 11 0
Anastasia I-NAME 0 1 td tr vrtx-person-listing-name 11 0
Doctoral O 0 0 td tr vrtx-person-listing-name 11 1
Research O 0 1 td tr vrtx-person-listing-name 11 1
Fellow O 0 0 td tr vrtx-person-listing-name 11 1
natasa@ifi.uio.no O 0 0 td tr vrtx-person-listing-email 11 0

Glette, B-NAME 0 0 td tr vrtx-person-listing-name 11 2
Kyrre I-NAME 0 1 td tr vrtx-person-listing-name 11 2
Associate O 0 1 td tr vrtx-person-listing-name 11 3
Professor O 0 0 td tr vrtx-person-listing-name 11 3
+47-22841695 O 0 0 td tr vrtx-person-listing-phone 11 0
kyrrehg@ifi.uio.no O 0 0 td tr vrtx-person-listing-email 11 0
Robotics O 0 0 td tr vrtx-person-listing-tags 11 0
, O 0 0 tr tbody vrtx-person-listing-tags 10 9
Artificial O 0 0 td tr vrtx-person-listing-tags 11 1
Intelligence O 0 0 td tr vrtx-person-listing-tags 11 1
, O 0 0 tr tbody vrtx-person-listing-tags 10 9
Evolutionary O 0 0 td tr vrtx-person-listing-tags 11 2
Computing O 0 0 td tr vrtx-person-listing-tags 11 2
, O 0 0 tr tbody vrtx-person-listing-tags 10 9
Evolvable O 0 0 td tr vrtx-person-listing-tags 11 3
Hardware O 0 0 td tr vrtx-person-listing-tags 11 3
, O 0 0 tr tbody vrtx-person-listing-tags 10 9
Biologically-inspired O 0 0 td tr vrtx-person-listing-tags 11 4
Computing O 0 0 td tr vrtx-person-listing-tags 11 4
, O 0 0 tr tbody vrtx-person-listing-tags 10 9
Embedded O 0 0 td tr vrtx-person-listing-tags 11 5
Systems O 0 0 td tr vrtx-person-listing-tags 11 5
, O 0 0 tr tbody vrtx-person-listing-tags 10 9
Machine O 0 1 td tr vrtx-person-listing-tags 11 6
Learning O 0 1 td tr vrtx-person-listing-tags 11 6

Goebel, B-NAME 0 0 td tr vrtx-person-listing-name 11 2
Vera I-NAME 0 1 td tr vrtx-person-listing-name 11 2
Hermine I-NAME 0 1 td tr vrtx-person-listing-name 11 2
Professor O 0 0 td tr vrtx-person-listing-name 11 3
+47-22852402 O 0 0 td tr vrtx-person-listing-phone 11 0
goebel@ifi.uio.no O 0 0 td tr vrtx-person-listing-email 11 0

Grisot, B-NAME 0 0 td tr vrtx-person-listing-name 11 2
Miria I-NAME 0 1 td tr vrtx-person-listing-name 11 2
Researcher O 0 0 td tr vrtx-person-listing-name 11 3
+47-22852409 O 0 0 td tr vrtx-person-listing-phone 11 0
miriag@ifi.uio.no O 0 0 td tr vrtx-person-listing-email 11 0

Griwodz, B-NAME 0 0 td tr vrtx-person-listing-name 11 2
Carsten I-NAME 0 1 td tr vrtx-person-listing-name 11 2
Professor O 0 0 td tr vrtx-person-listing-name 11 3
+47-45258004 O 0 0 td tr vrtx-person-listing-phone 11 0
+47-92684380 O 0 0 td tr vrtx-person-listing-phone 11 1
griff@ifi.uio.no O 0 0 td tr vrtx-person-listing-email 11 0

Groth, B-NAME 0 0 td tr vrtx-person-listing-name 11 2
Lars I-NAME 0 1 td tr vrtx-person-listing-name 11 2
Professor O 0 0 td tr vrtx-person-listing-name 11 3
II O 0 1 td tr vrtx-person-listing-name 11 3
+47-22840846 O 0 0 td tr vrtx-person-listing-phone 11 0
+47-92864971 O 0 0 td tr vrtx-person-listing-phone 11 1
larsgrot@ifi.uio.no O 0 0 td tr vrtx-person-listing-email 11 0

Grytten, B-NAME 0 0 td tr vrtx-person-listing-name 11 0
Ivar I-NAME 0 1 td tr vrtx-person-listing-name 11 0
Doctoral O 0 0 td tr vrtx-person-listing-name 11 1
Research O 0 1 td tr vrtx-person-listing-name 11 1
Fellow O 0 0 td tr vrtx-person-listing-name 11 1
ivargry O 0 0 a td vrtx-person-listing-email 12 0
@student.matnat.uio.no O 0 0 a td vrtx-person-listing-email 12 1

Grøttumsbråten, B-NAME 0 0 td tr vrtx-person-listing-name 11 2
Peder I-NAME 0 1 td tr vrtx-person-listing-name 11 2
Løvstad I-NAME 0 1 td tr vrtx-person-listing-name 11 2
Apprentice O 0 0 td tr vrtx-person-listing-name 11 3
pederlg@ifi.uio.no O 0 0 td tr vrtx-person-listing-email 11 0

Gundersen, B-NAME 0 0 td tr vrtx-person-listing-name 11 2
Sveinung I-NAME 0 1 td tr vrtx-person-listing-name 11 2
Senior O 0 1 td tr vrtx-person-listing-name 11 3
Engineer O 0 1 td tr vrtx-person-listing-name 11 3
+47-22840862 O 0 0 td tr vrtx-person-listing-phone 11 0
sveinugu@ifi.uio.no O 0 0 td tr vrtx-person-listing-email 11 0
Bioinformatics O 0 0 td tr vrtx-person-listing-tags 11 0
, O 0 0 tr tbody vrtx-person-listing-tags 10 9
Genomics O 0 0 td tr vrtx-person-listing-tags 11 1
, O 0 0 tr tbody vrtx-person-listing-tags 10 9
Statistics O 0 0 td tr vrtx-person-listing-tags 11 2
, O 0 0 tr tbody vrtx-person-listing-tags 10 9
Computer O 0 0 td tr vrtx-person-listing-tags 11 3
science O 0 0 td tr vrtx-person-listing-tags 11 3

Hafting, B-NAME 0 0 td tr vrtx-person-listing-name 11 2
Yngve I-NAME 0 1 td tr vrtx-person-listing-name 11 2
Senior O 0 1 td tr vrtx-person-listing-name 11 3
Engineer O 0 1 td tr vrtx-person-listing-name 11 3
+47-22841691 O 0 0 td tr vrtx-person-listing-phone 11 0
+47-41120878 O 0 0 td tr vrtx-person-listing-phone 11 1
yngveha@ifi.uio.no O 0 0 td tr vrtx-person-listing-email 11 0
robotics O 0 0 td tr vrtx-person-listing-tags 11 0
and O 0 1 td tr vrtx-person-listing-tags 11 0
intelligent O 0 0 td tr vrtx-person-listing-tags 11 0
systems O 0 0 td tr vrtx-person-listing-tags 11 0
, O 0 0 tr tbody vrtx-person-listing-tags 10 10
safety O 0 0 td tr vrtx-person-listing-tags 11 1
delegate O 0 0 td tr vrtx-person-listing-tags 11 1
, O 0 0 tr tbody vrtx-person-listing-tags 10 10
electronics O 0 0 td tr vrtx-person-listing-tags 11 2
, O 0 0 tr tbody vrtx-person-listing-tags 10 10
FPGA O 0 0 td tr vrtx-person-listing-tags 11 3
, O 0 0 tr tbody vrtx-person-listing-tags 10 10
3D-printing O 0 0 td tr vrtx-person-listing-tags 11 4
, O 0 0 tr tbody vrtx-person-listing-tags 10 10
purchases O 0 0 td tr vrtx-person-listing-tags 11 5

Hagerup, B-NAME 0 0 td tr vrtx-person-listing-name 11 2
Jørn I-NAME 0 1 td tr vrtx-person-listing-name 11 2
Senior O 0 1 td tr vrtx-person-listing-name 11 3
Engineer O 0 1 td tr vrtx-person-listing-name 11 3
+47-22852891 O 0 0 td tr vrtx-person-listing-phone 11 0
joern@ifi.uio.no O 0 0 td tr vrtx-person-listing-email 11 0
Printing O 0 0 td tr vrtx-person-listing-tags 11 0
, O 0 0 tr tbody vrtx-person-listing-tags 10 9
User O 0 1 td tr vrtx-person-listing-tags 11 1
administration O 0 0 td tr vrtx-person-listing-tags 11 1

Hagos, B-NAME 0 0 td tr vrtx-person-listing-name 11 2
Desta I-NAME 0 1 td tr vrtx-person-listing-name 11 2
Haileselassie I-NAME 0 1 td tr vrtx-person-listing-name 11 2
PhD O 0 0 td tr vrtx-person-listing-name 11 3
Candidate O 0 0 td tr vrtx-person-listing-name 11 3
+4748058339 O 0 0 td tr vrtx-person-listing-phone 11 0
destahh@ifi.uio.no O 0 0 td tr vrtx-person-listing-email 11 0

Halvorsen, B-NAME 0 0 td tr vrtx-person-listing-name 11 2
Pål I-NAME 0 1 td tr vrtx-person-listing-name 11 2
Professor O 0 0 td tr vrtx-person-listing-name 11 3
+47-97080007 O 0 0 td tr vrtx-person-listing-phone 11 0
paalh@ifi.uio.no O 0 0 td tr vrtx-person-listing-email 11 0

Hannemyr, B-NAME 0 0 td tr vrtx-person-listing-name 11 2
Gisle I-NAME 0 1 td tr vrtx-person-listing-name 11 2
Lecturer O 0 0 td tr vrtx-person-listing-name 11 3
+47-22852432 O 0 0 td tr vrtx-person-listing-phone 11 0
+47-90553659 O 0 0 td tr vrtx-person-listing-phone 11 1
gisle@ifi.uio.no O 0 0 td tr vrtx-person-listing-email 11 0

Hansen, B-NAME 0 0 td tr vrtx-person-listing-name 11 2
Morten I-NAME 0 1 td tr vrtx-person-listing-name 11 2
Olav I-NAME 0 1 td tr vrtx-person-listing-name 11 2
Senior O 0 1 td tr vrtx-person-listing-name 11 3
Engineer O 0 1 td tr vrtx-person-listing-name 11 3
+84 O 0 0 td tr vrtx-person-listing-phone 11 0
1675770401 O 0 0 td tr vrtx-person-listing-phone 11 0
morteoh@ifi.uio.no O 0 0 td tr vrtx-person-listing-email 11 0
DHIS2 O 0 0 td tr vrtx-person-listing-tags 11 0

Hansen, B-NAME 0 0 td tr vrtx-person-listing-name 11 2
Roy I-NAME 0 1 td tr vrtx-person-listing-name 11 2
Edgar I-NAME 0 1 td tr vrtx-person-listing-name 11 2
Professor O 0 0 td tr vrtx-person-listing-name 11 3
II O 0 1 td tr vrtx-person-listing-name 11 3
+47-99413702 O 0 0 td tr vrtx-person-listing-phone 11 0
rhn@ifi.uio.no O 0 0 td tr vrtx-person-listing-email 11 0
synthetic O 0 0 td tr vrtx-person-listing-tags 11 0
aperture O 0 0 td tr vrtx-person-listing-tags 11 0
sonar O 0 0 td tr vrtx-person-listing-tags 11 0
, O 0 0 tr tbody vrtx-person-listing-tags 10 9
imaging O 0 0 td tr vrtx-person-listing-tags 11 1
, O 0 0 tr tbody vrtx-person-listing-tags 10 9
sonar O 0 0 td tr vrtx-person-listing-tags 11 2
, O 0 0 tr tbody vrtx-person-listing-tags 10 9
signal O 0 0 td tr vrtx-person-listing-tags 11 3
processing O 0 0 td tr vrtx-person-listing-tags 11 3

Hansen, B-NAME 0 0 td tr vrtx-person-listing-name 11 2
Simen I-NAME 0 1 td tr vrtx-person-listing-name 11 2
Gimle I-NAME 0 1 td tr vrtx-person-listing-name 11 2
simenha@ifi.uio.no O 0 0 td tr vrtx-person-listing-email 11 0
Robotics O 0 0 td tr vrtx-person-listing-tags 11 0
, O 0 0 tr tbody vrtx-person-listing-tags 10 8
Artificial O 0 0 td tr vrtx-person-listing-tags 11 1
intelligence O 0 0 td tr vrtx-person-listing-tags 11 1
, O 0 0 tr tbody vrtx-person-listing-tags 10 8
Adaptable O 0 0 td tr vrtx-person-listing-tags 11 2
systems O 0 0 td tr vrtx-person-listing-tags 11 2
, O 0 0 tr tbody vrtx-person-listing-tags 10 8
Reconfigurable O 0 0 td tr vrtx-person-listing-tags 11 3
hardware O 0 0 td tr vrtx-person-listing-tags 11 3
, O 0 0 tr tbody vrtx-person-listing-tags 10 8
Evolution O 0 0 td tr vrtx-person-listing-tags 11 4

Hansen, B-NAME 0 0 td tr vrtx-person-listing-name 11 2
Thomas I-NAME 0 1 td tr vrtx-person-listing-name 11 2
Senior O 0 1 td tr vrtx-person-listing-name 11 3
Engineer O 0 1 td tr vrtx-person-listing-name 11 3
+47-22852747 O 0 0 td tr vrtx-person-listing-phone 11 0
+47-92299305 O 0 0 td tr vrtx-person-listing-phone 11 1
thoh@ifi.uio.no O 0 0 td tr vrtx-person-listing-email 11 0
Mac O 0 1 td tr vrtx-person-listing-tags 11 0

Hanseth, B-NAME 0 0 td tr vrtx-person-listing-name 11 2
Ole I-NAME 0 1 td tr vrtx-person-listing-name 11 2
Professor O 0 0 td tr vrtx-person-listing-name 11 3
+47-22852431 O 0 0 td tr vrtx-person-listing-phone 11 0
+47-95908509 O 0 0 td tr vrtx-person-listing-phone 11 1
oleha@ifi.uio.no O 0 0 td tr vrtx-person-listing-email 11 0

Herstad, B-NAME 0 0 td tr vrtx-person-listing-name 11 2
Jo I-NAME 0 1 td tr vrtx-person-listing-name 11 2
Associate O 0 1 td tr vrtx-person-listing-name 11 3
Professor O 0 0 td tr vrtx-person-listing-name 11 3
+47-22840051 O 0 0 td tr vrtx-person-listing-phone 11 0
+47-91560563 O 0 0 td tr vrtx-person-listing-phone 11 1
johe@ifi.uio.no O 0 0 td tr vrtx-person-listing-email 11 0

Hilland, B-NAME 0 0 td tr vrtx-person-listing-name 11 0
Elise I-NAME 0 1 td tr vrtx-person-listing-name 11 0
Higher O 0 0 td tr vrtx-person-listing-name 11 1
Executive O 0 0 td tr vrtx-person-listing-name 11 1
Officer O 0 0 td tr vrtx-person-listing-name 11 1
+47-22845780 O 0 0 td tr vrtx-person-listing-phone 11 0
elisech@ifi.uio.no O 0 0 td tr vrtx-person-listing-email 11 0

1 O 0 0 span div vrtx-page-number.vrtx-marked 8 0
2 O 0 0 span div vrtx-page-number 8 1
3 O 0 0 span div vrtx-page-number 8 2
4 O 0 0 span div vrtx-page-number 8 3
Next O 0 0 span div vrtx-next 8 4
page O 0 0 span div vrtx-next 8 4

Feed O 0 0 div div vrtx-feed-link 8 0
from O 0 0 div div vrtx-feed-link 8 0
this O 0 0 div div vrtx-feed-link 8 0
page O 0 0 div div vrtx-feed-link 8 0

UiO O 0 0 span div vrtx-uio 8 0
> O 0 0 span div vrtx-breadcrumb-delimiter 8 1
The O 0 1 span div vrtx-faculty 8 0
Faculty O 0 0 span div vrtx-faculty 8 0
of O 0 1 span div vrtx-faculty 8 0
Mathematics O 0 0 span div vrtx-faculty 8 0
and O 0 1 span div vrtx-faculty 8 0
Natural O 0 0 span div vrtx-faculty 8 0
Sciences O 0 0 span div vrtx-faculty 8 0
> O 0 0 span div vrtx-breadcrumb-delimiter 8 1

Department O 0 0 span div vrtx-breadcrumb-level.vrtx-breadcrumb-level-3.vrtx-breadcrumb-before-active 9 0
of O 0 1 span div vrtx-breadcrumb-level.vrtx-breadcrumb-level-3.vrtx-breadcrumb-before-active 9 0
Informatics O 0 0 span div vrtx-breadcrumb-level.vrtx-breadcrumb-level-3.vrtx-breadcrumb-before-active 9 0
> O 0 0 span div vrtx-breadcrumb-delimiter 9 1
People O 0 1 div div vrtx-breadcrumb-level.vrtx-breadcrumb-level-4.vrtx-breadcrumb-active 8 3

Academic O 0 0 li ul resultset-1 10 0
staff O 0 0 li ul resultset-1 10 0

Technical/Administrative O 0 0 li ul resultset-2 10 0
staff O 0 0 li ul resultset-2 10 0

Academic O 0 0 li ul resultset-1 9 0
staff O 0 0 li ul resultset-1 9 0

Technical/Administrative O 0 0 li ul resultset-1 9 0
staff O 0 0 li ul resultset-1 9 0

Visiting O 0 0 div div menu-label 9 0
address O 0 0 div div menu-label 9 0

Ole O 0 1 p div building 10 0
Johan O 0 1 p div building 10 0
Dahls O 0 0 p div building 10 0
hus O 0 0 p div building 10 0
( O 0 0 span p map 11 0
map O 0 0 span span map 12 0
) O 0 0 span p map 11 0

Mail O 0 1 div div menu-label 9 0
address O 0 0 div div menu-label 9 0

P.O O 0 0 p div post-office-box 10 0
box O 0 0 p div post-office-box 10 0
1080 O 0 0 p div post-office-box 10 0

Phone, O 0 0 div div menu-label 9 0
fax, O 0 0 div div menu-label 9 0
e-mail O 0 0 div div menu-label 9 0

+47 O 0 0 p div tel 10 0
22 O 0 0 p div tel 10 0
85 O 0 0 p div tel 10 0
24 O 0 0 p div tel 10 0
10 O 0 0 p div tel 10 0

Responsible O 0 0 div div menu-label 8 0
for O 0 1 div div menu-label 8 0
this O 0 0 div div menu-label 8 0
page O 0 0 div div menu-label 8 0

Nettredaksjonen O 0 0 p div content 9 0

Log O 0 1 div div vrtx-login-manage-title-link.vrtx-dropdown-title-link 9 0
in O 0 1 div div vrtx-login-manage-title-link.vrtx-dropdown-title-link 9 0
Logout O 0 0 a div offscreen-screenreader 10 0
menu O 0 0 a div offscreen-screenreader 10 0

Manage O 0 1 li ul vrtx-login-manage-admin-collection 13 0
folder O 0 0 li ul vrtx-login-manage-admin-collection 13 0
